CRITICAL - 2020-09-05 02:57:36 --> Connection refused
#0 /Users/markpearson/Google Drive/Documents/Projects/My Websites/Teacherpedia/4.0 CI teacherpedia 1.1/Teacherpedia/ci4/system/Database/BaseConnection.php(377): CodeIgniter\Database\MySQLi\Connection->connect(false)
#1 /Users/markpearson/Google Drive/Documents/Projects/My Websites/Teacherpedia/4.0 CI teacherpedia 1.1/Teacherpedia/ci4/system/Database/BaseConnection.php(643): CodeIgniter\Database\BaseConnection->initialize()
#2 /Users/markpearson/Google Drive/Documents/Projects/My Websites/Teacherpedia/4.0 CI teacherpedia 1.1/Teacherpedia/ci4/system/Database/BaseBuilder.php(1845): CodeIgniter\Database\BaseConnection->query('SELECT *\nFROM `...', Array, false)
#3 /Users/markpearson/Google Drive/Documents/Projects/My Websites/Teacherpedia/4.0 CI teacherpedia 1.1/Teacherpedia/ci4/app/Models/ResourcesModel.php(17): CodeIgniter\Database\BaseBuilder->get(10)
#4 /Users/markpearson/Google Drive/Documents/Projects/My Websites/Teacherpedia/4.0 CI teacherpedia 1.1/Teacherpedia/ci4/app/Controllers/Home.php(28): App\Models\ResourcesModel->load_latest_resources()
#5 /Users/markpearson/Google Drive/Documents/Projects/My Websites/Teacherpedia/4.0 CI teacherpedia 1.1/Teacherpedia/ci4/system/CodeIgniter.php(914): App\Controllers\Home->index()
#6 /Users/markpearson/Google Drive/Documents/Projects/My Websites/Teacherpedia/4.0 CI teacherpedia 1.1/Teacherpedia/ci4/system/CodeIgniter.php(400): CodeIgniter\CodeIgniter->runController(Object(App\Controllers\Home))
#7 /Users/markpearson/Google Drive/Documents/Projects/My Websites/Teacherpedia/4.0 CI teacherpedia 1.1/Teacherpedia/ci4/system/CodeIgniter.php(308): CodeIgniter\CodeIgniter->handleRequest(NULL, Object(Config\Cache), false)
#8 /Users/markpearson/Google Drive/Documents/Projects/My Websites/Teacherpedia/4.0 CI teacherpedia 1.1/Teacherpedia/public_html/index.php(45): CodeIgniter\CodeIgniter->run()
#9 {main}
CRITICAL - 2020-09-05 03:07:35 --> include(year5table.html): failed to open stream: No such file or directory
#0 /Users/markpearson/Google Drive/Documents/Projects/My Websites/Teacherpedia/4.0 CI teacherpedia 1.1/Teacherpedia/resources/2020/06-07-90/07-13-44/index.php(18): CodeIgniter\Debug\Exceptions->errorHandler(2, 'include(year5ta...', '/Users/markpear...', 18, Array)
#1 /Users/markpearson/Google Drive/Documents/Projects/My Websites/Teacherpedia/4.0 CI teacherpedia 1.1/Teacherpedia/resources/2020/06-07-90/07-13-44/index.php(18): include()
#2 /Users/markpearson/Google Drive/Documents/Projects/My Websites/Teacherpedia/4.0 CI teacherpedia 1.1/Teacherpedia/ci4/system/View/View.php(246): include('/Users/markpear...')
#3 /Users/markpearson/Google Drive/Documents/Projects/My Websites/Teacherpedia/4.0 CI teacherpedia 1.1/Teacherpedia/ci4/system/Common.php(1087): CodeIgniter\View\View->render('../../../resour...', Array, true)
#4 /Users/markpearson/Google Drive/Documents/Projects/My Websites/Teacherpedia/4.0 CI teacherpedia 1.1/Teacherpedia/ci4/app/Controllers/Resources.php(93): view('../../../resour...', Array)
#5 /Users/markpearson/Google Drive/Documents/Projects/My Websites/Teacherpedia/4.0 CI teacherpedia 1.1/Teacherpedia/ci4/system/CodeIgniter.php(914): App\Controllers\Resources->load()
#6 /Users/markpearson/Google Drive/Documents/Projects/My Websites/Teacherpedia/4.0 CI teacherpedia 1.1/Teacherpedia/ci4/system/CodeIgniter.php(400): CodeIgniter\CodeIgniter->runController(Object(App\Controllers\Resources))
#7 /Users/markpearson/Google Drive/Documents/Projects/My Websites/Teacherpedia/4.0 CI teacherpedia 1.1/Teacherpedia/ci4/system/CodeIgniter.php(308): CodeIgniter\CodeIgniter->handleRequest(NULL, Object(Config\Cache), false)
#8 /Users/markpearson/Google Drive/Documents/Projects/My Websites/Teacherpedia/4.0 CI teacherpedia 1.1/Teacherpedia/public_html/index.php(45): CodeIgniter\CodeIgniter->run()
#9 {main}
CRITICAL - 2020-09-05 03:07:53 --> include(year5table.html): failed to open stream: No such file or directory
#0 /Users/markpearson/Google Drive/Documents/Projects/My Websites/Teacherpedia/4.0 CI teacherpedia 1.1/Teacherpedia/resources/2020/06-07-90/07-13-44/index.php(18): CodeIgniter\Debug\Exceptions->errorHandler(2, 'include(year5ta...', '/Users/markpear...', 18, Array)
#1 /Users/markpearson/Google Drive/Documents/Projects/My Websites/Teacherpedia/4.0 CI teacherpedia 1.1/Teacherpedia/resources/2020/06-07-90/07-13-44/index.php(18): include()
#2 /Users/markpearson/Google Drive/Documents/Projects/My Websites/Teacherpedia/4.0 CI teacherpedia 1.1/Teacherpedia/ci4/system/View/View.php(246): include('/Users/markpear...')
#3 /Users/markpearson/Google Drive/Documents/Projects/My Websites/Teacherpedia/4.0 CI teacherpedia 1.1/Teacherpedia/ci4/system/Common.php(1087): CodeIgniter\View\View->render('../../../resour...', Array, true)
#4 /Users/markpearson/Google Drive/Documents/Projects/My Websites/Teacherpedia/4.0 CI teacherpedia 1.1/Teacherpedia/ci4/app/Controllers/Resources.php(93): view('../../../resour...', Array)
#5 /Users/markpearson/Google Drive/Documents/Projects/My Websites/Teacherpedia/4.0 CI teacherpedia 1.1/Teacherpedia/ci4/system/CodeIgniter.php(914): App\Controllers\Resources->load()
#6 /Users/markpearson/Google Drive/Documents/Projects/My Websites/Teacherpedia/4.0 CI teacherpedia 1.1/Teacherpedia/ci4/system/CodeIgniter.php(400): CodeIgniter\CodeIgniter->runController(Object(App\Controllers\Resources))
#7 /Users/markpearson/Google Drive/Documents/Projects/My Websites/Teacherpedia/4.0 CI teacherpedia 1.1/Teacherpedia/ci4/system/CodeIgniter.php(308): CodeIgniter\CodeIgniter->handleRequest(NULL, Object(Config\Cache), false)
#8 /Users/markpearson/Google Drive/Documents/Projects/My Websites/Teacherpedia/4.0 CI teacherpedia 1.1/Teacherpedia/public_html/index.php(45): CodeIgniter\CodeIgniter->run()
#9 {main}
CRITICAL - 2020-09-05 04:42:57 --> Trying to get property 'link' of non-object
#0 /Users/markpearson/Google Drive/Documents/Projects/My Websites/Teacherpedia/4.0 CI teacherpedia 1.1/Teacherpedia/ci4/app/Controllers/Admin/Resources.php(74): CodeIgniter\Debug\Exceptions->errorHandler(8, 'Trying to get p...', '/Users/markpear...', 74, Array)
#1 /Users/markpearson/Google Drive/Documents/Projects/My Websites/Teacherpedia/4.0 CI teacherpedia 1.1/Teacherpedia/ci4/system/CodeIgniter.php(914): App\Controllers\Admin\Resources->edit_resource('788')
#2 /Users/markpearson/Google Drive/Documents/Projects/My Websites/Teacherpedia/4.0 CI teacherpedia 1.1/Teacherpedia/ci4/system/CodeIgniter.php(400): CodeIgniter\CodeIgniter->runController(Object(App\Controllers\Admin\Resources))
#3 /Users/markpearson/Google Drive/Documents/Projects/My Websites/Teacherpedia/4.0 CI teacherpedia 1.1/Teacherpedia/ci4/system/CodeIgniter.php(308): CodeIgniter\CodeIgniter->handleRequest(NULL, Object(Config\Cache), false)
#4 /Users/markpearson/Google Drive/Documents/Projects/My Websites/Teacherpedia/4.0 CI teacherpedia 1.1/Teacherpedia/public_html/index.php(45): CodeIgniter\CodeIgniter->run()
#5 {main}
CRITICAL - 2020-09-05 04:43:01 --> Trying to get property 'link' of non-object
#0 /Users/markpearson/Google Drive/Documents/Projects/My Websites/Teacherpedia/4.0 CI teacherpedia 1.1/Teacherpedia/ci4/app/Controllers/Admin/Resources.php(74): CodeIgniter\Debug\Exceptions->errorHandler(8, 'Trying to get p...', '/Users/markpear...', 74, Array)
#1 /Users/markpearson/Google Drive/Documents/Projects/My Websites/Teacherpedia/4.0 CI teacherpedia 1.1/Teacherpedia/ci4/system/CodeIgniter.php(914): App\Controllers\Admin\Resources->edit_resource('799')
#2 /Users/markpearson/Google Drive/Documents/Projects/My Websites/Teacherpedia/4.0 CI teacherpedia 1.1/Teacherpedia/ci4/system/CodeIgniter.php(400): CodeIgniter\CodeIgniter->runController(Object(App\Controllers\Admin\Resources))
#3 /Users/markpearson/Google Drive/Documents/Projects/My Websites/Teacherpedia/4.0 CI teacherpedia 1.1/Teacherpedia/ci4/system/CodeIgniter.php(308): CodeIgniter\CodeIgniter->handleRequest(NULL, Object(Config\Cache), false)
#4 /Users/markpearson/Google Drive/Documents/Projects/My Websites/Teacherpedia/4.0 CI teacherpedia 1.1/Teacherpedia/public_html/index.php(45): CodeIgniter\CodeIgniter->run()
#5 {main}
CRITICAL - 2020-09-05 04:43:10 --> Trying to get property 'link' of non-object
#0 /Users/markpearson/Google Drive/Documents/Projects/My Websites/Teacherpedia/4.0 CI teacherpedia 1.1/Teacherpedia/ci4/app/Controllers/Admin/Resources.php(74): CodeIgniter\Debug\Exceptions->errorHandler(8, 'Trying to get p...', '/Users/markpear...', 74, Array)
#1 /Users/markpearson/Google Drive/Documents/Projects/My Websites/Teacherpedia/4.0 CI teacherpedia 1.1/Teacherpedia/ci4/system/CodeIgniter.php(914): App\Controllers\Admin\Resources->edit_resource('799')
#2 /Users/markpearson/Google Drive/Documents/Projects/My Websites/Teacherpedia/4.0 CI teacherpedia 1.1/Teacherpedia/ci4/system/CodeIgniter.php(400): CodeIgniter\CodeIgniter->runController(Object(App\Controllers\Admin\Resources))
#3 /Users/markpearson/Google Drive/Documents/Projects/My Websites/Teacherpedia/4.0 CI teacherpedia 1.1/Teacherpedia/ci4/system/CodeIgniter.php(308): CodeIgniter\CodeIgniter->handleRequest(NULL, Object(Config\Cache), false)
#4 /Users/markpearson/Google Drive/Documents/Projects/My Websites/Teacherpedia/4.0 CI teacherpedia 1.1/Teacherpedia/public_html/index.php(45): CodeIgniter\CodeIgniter->run()
#5 {main}
CRITICAL - 2020-09-05 04:43:15 --> Trying to get property 'link' of non-object
#0 /Users/markpearson/Google Drive/Documents/Projects/My Websites/Teacherpedia/4.0 CI teacherpedia 1.1/Teacherpedia/ci4/app/Controllers/Admin/Resources.php(74): CodeIgniter\Debug\Exceptions->errorHandler(8, 'Trying to get p...', '/Users/markpear...', 74, Array)
#1 /Users/markpearson/Google Drive/Documents/Projects/My Websites/Teacherpedia/4.0 CI teacherpedia 1.1/Teacherpedia/ci4/system/CodeIgniter.php(914): App\Controllers\Admin\Resources->edit_resource('799')
#2 /Users/markpearson/Google Drive/Documents/Projects/My Websites/Teacherpedia/4.0 CI teacherpedia 1.1/Teacherpedia/ci4/system/CodeIgniter.php(400): CodeIgniter\CodeIgniter->runController(Object(App\Controllers\Admin\Resources))
#3 /Users/markpearson/Google Drive/Documents/Projects/My Websites/Teacherpedia/4.0 CI teacherpedia 1.1/Teacherpedia/ci4/system/CodeIgniter.php(308): CodeIgniter\CodeIgniter->handleRequest(NULL, Object(Config\Cache), false)
#4 /Users/markpearson/Google Drive/Documents/Projects/My Websites/Teacherpedia/4.0 CI teacherpedia 1.1/Teacherpedia/public_html/index.php(45): CodeIgniter\CodeIgniter->run()
#5 {main}
CRITICAL - 2020-09-05 04:43:20 --> Trying to get property 'link' of non-object
#0 /Users/markpearson/Google Drive/Documents/Projects/My Websites/Teacherpedia/4.0 CI teacherpedia 1.1/Teacherpedia/ci4/app/Controllers/Admin/Resources.php(74): CodeIgniter\Debug\Exceptions->errorHandler(8, 'Trying to get p...', '/Users/markpear...', 74, Array)
#1 /Users/markpearson/Google Drive/Documents/Projects/My Websites/Teacherpedia/4.0 CI teacherpedia 1.1/Teacherpedia/ci4/system/CodeIgniter.php(914): App\Controllers\Admin\Resources->edit_resource('799')
#2 /Users/markpearson/Google Drive/Documents/Projects/My Websites/Teacherpedia/4.0 CI teacherpedia 1.1/Teacherpedia/ci4/system/CodeIgniter.php(400): CodeIgniter\CodeIgniter->runController(Object(App\Controllers\Admin\Resources))
#3 /Users/markpearson/Google Drive/Documents/Projects/My Websites/Teacherpedia/4.0 CI teacherpedia 1.1/Teacherpedia/ci4/system/CodeIgniter.php(308): CodeIgniter\CodeIgniter->handleRequest(NULL, Object(Config\Cache), false)
#4 /Users/markpearson/Google Drive/Documents/Projects/My Websites/Teacherpedia/4.0 CI teacherpedia 1.1/Teacherpedia/public_html/index.php(45): CodeIgniter\CodeIgniter->run()
#5 {main}
CRITICAL - 2020-09-05 04:43:24 --> Trying to get property 'link' of non-object
#0 /Users/markpearson/Google Drive/Documents/Projects/My Websites/Teacherpedia/4.0 CI teacherpedia 1.1/Teacherpedia/ci4/app/Controllers/Admin/Resources.php(74): CodeIgniter\Debug\Exceptions->errorHandler(8, 'Trying to get p...', '/Users/markpear...', 74, Array)
#1 /Users/markpearson/Google Drive/Documents/Projects/My Websites/Teacherpedia/4.0 CI teacherpedia 1.1/Teacherpedia/ci4/system/CodeIgniter.php(914): App\Controllers\Admin\Resources->edit_resource('799')
#2 /Users/markpearson/Google Drive/Documents/Projects/My Websites/Teacherpedia/4.0 CI teacherpedia 1.1/Teacherpedia/ci4/system/CodeIgniter.php(400): CodeIgniter\CodeIgniter->runController(Object(App\Controllers\Admin\Resources))
#3 /Users/markpearson/Google Drive/Documents/Projects/My Websites/Teacherpedia/4.0 CI teacherpedia 1.1/Teacherpedia/ci4/system/CodeIgniter.php(308): CodeIgniter\CodeIgniter->handleRequest(NULL, Object(Config\Cache), false)
#4 /Users/markpearson/Google Drive/Documents/Projects/My Websites/Teacherpedia/4.0 CI teacherpedia 1.1/Teacherpedia/public_html/index.php(45): CodeIgniter\CodeIgniter->run()
#5 {main}
CRITICAL - 2020-09-05 04:44:02 --> Trying to get property 'link' of non-object
#0 /Users/markpearson/Google Drive/Documents/Projects/My Websites/Teacherpedia/4.0 CI teacherpedia 1.1/Teacherpedia/ci4/app/Controllers/Admin/Resources.php(74): CodeIgniter\Debug\Exceptions->errorHandler(8, 'Trying to get p...', '/Users/markpear...', 74, Array)
#1 /Users/markpearson/Google Drive/Documents/Projects/My Websites/Teacherpedia/4.0 CI teacherpedia 1.1/Teacherpedia/ci4/system/CodeIgniter.php(914): App\Controllers\Admin\Resources->edit_resource('799')
#2 /Users/markpearson/Google Drive/Documents/Projects/My Websites/Teacherpedia/4.0 CI teacherpedia 1.1/Teacherpedia/ci4/system/CodeIgniter.php(400): CodeIgniter\CodeIgniter->runController(Object(App\Controllers\Admin\Resources))
#3 /Users/markpearson/Google Drive/Documents/Projects/My Websites/Teacherpedia/4.0 CI teacherpedia 1.1/Teacherpedia/ci4/system/CodeIgniter.php(308): CodeIgniter\CodeIgniter->handleRequest(NULL, Object(Config\Cache), false)
#4 /Users/markpearson/Google Drive/Documents/Projects/My Websites/Teacherpedia/4.0 CI teacherpedia 1.1/Teacherpedia/public_html/index.php(45): CodeIgniter\CodeIgniter->run()
#5 {main}
CRITICAL - 2020-09-05 04:44:09 --> Trying to get property 'link' of non-object
#0 /Users/markpearson/Google Drive/Documents/Projects/My Websites/Teacherpedia/4.0 CI teacherpedia 1.1/Teacherpedia/ci4/app/Controllers/Admin/Resources.php(74): CodeIgniter\Debug\Exceptions->errorHandler(8, 'Trying to get p...', '/Users/markpear...', 74, Array)
#1 /Users/markpearson/Google Drive/Documents/Projects/My Websites/Teacherpedia/4.0 CI teacherpedia 1.1/Teacherpedia/ci4/system/CodeIgniter.php(914): App\Controllers\Admin\Resources->edit_resource('799')
#2 /Users/markpearson/Google Drive/Documents/Projects/My Websites/Teacherpedia/4.0 CI teacherpedia 1.1/Teacherpedia/ci4/system/CodeIgniter.php(400): CodeIgniter\CodeIgniter->runController(Object(App\Controllers\Admin\Resources))
#3 /Users/markpearson/Google Drive/Documents/Projects/My Websites/Teacherpedia/4.0 CI teacherpedia 1.1/Teacherpedia/ci4/system/CodeIgniter.php(308): CodeIgniter\CodeIgniter->handleRequest(NULL, Object(Config\Cache), false)
#4 /Users/markpearson/Google Drive/Documents/Projects/My Websites/Teacherpedia/4.0 CI teacherpedia 1.1/Teacherpedia/public_html/index.php(45): CodeIgniter\CodeIgniter->run()
#5 {main}
CRITICAL - 2020-09-05 04:44:14 --> Trying to get property 'link' of non-object
#0 /Users/markpearson/Google Drive/Documents/Projects/My Websites/Teacherpedia/4.0 CI teacherpedia 1.1/Teacherpedia/ci4/app/Controllers/Admin/Resources.php(74): CodeIgniter\Debug\Exceptions->errorHandler(8, 'Trying to get p...', '/Users/markpear...', 74, Array)
#1 /Users/markpearson/Google Drive/Documents/Projects/My Websites/Teacherpedia/4.0 CI teacherpedia 1.1/Teacherpedia/ci4/system/CodeIgniter.php(914): App\Controllers\Admin\Resources->edit_resource('799')
#2 /Users/markpearson/Google Drive/Documents/Projects/My Websites/Teacherpedia/4.0 CI teacherpedia 1.1/Teacherpedia/ci4/system/CodeIgniter.php(400): CodeIgniter\CodeIgniter->runController(Object(App\Controllers\Admin\Resources))
#3 /Users/markpearson/Google Drive/Documents/Projects/My Websites/Teacherpedia/4.0 CI teacherpedia 1.1/Teacherpedia/ci4/system/CodeIgniter.php(308): CodeIgniter\CodeIgniter->handleRequest(NULL, Object(Config\Cache), false)
#4 /Users/markpearson/Google Drive/Documents/Projects/My Websites/Teacherpedia/4.0 CI teacherpedia 1.1/Teacherpedia/public_html/index.php(45): CodeIgniter\CodeIgniter->run()
#5 {main}
CRITICAL - 2020-09-05 04:44:27 --> Trying to get property 'link' of non-object
#0 /Users/markpearson/Google Drive/Documents/Projects/My Websites/Teacherpedia/4.0 CI teacherpedia 1.1/Teacherpedia/ci4/app/Controllers/Admin/Resources.php(74): CodeIgniter\Debug\Exceptions->errorHandler(8, 'Trying to get p...', '/Users/markpear...', 74, Array)
#1 /Users/markpearson/Google Drive/Documents/Projects/My Websites/Teacherpedia/4.0 CI teacherpedia 1.1/Teacherpedia/ci4/system/CodeIgniter.php(914): App\Controllers\Admin\Resources->edit_resource('799')
#2 /Users/markpearson/Google Drive/Documents/Projects/My Websites/Teacherpedia/4.0 CI teacherpedia 1.1/Teacherpedia/ci4/system/CodeIgniter.php(400): CodeIgniter\CodeIgniter->runController(Object(App\Controllers\Admin\Resources))
#3 /Users/markpearson/Google Drive/Documents/Projects/My Websites/Teacherpedia/4.0 CI teacherpedia 1.1/Teacherpedia/ci4/system/CodeIgniter.php(308): CodeIgniter\CodeIgniter->handleRequest(NULL, Object(Config\Cache), false)
#4 /Users/markpearson/Google Drive/Documents/Projects/My Websites/Teacherpedia/4.0 CI teacherpedia 1.1/Teacherpedia/public_html/index.php(45): CodeIgniter\CodeIgniter->run()
#5 {main}
CRITICAL - 2020-09-05 04:45:20 --> syntax error, unexpected '$path' (T_VARIABLE)
#0 /Users/markpearson/Google Drive/Documents/Projects/My Websites/Teacherpedia/4.0 CI teacherpedia 1.1/Teacherpedia/ci4/system/Autoloader/Autoloader.php(296): CodeIgniter\Autoloader\Autoloader->requireFile('/Users/markpear...')
#1 /Users/markpearson/Google Drive/Documents/Projects/My Websites/Teacherpedia/4.0 CI teacherpedia 1.1/Teacherpedia/ci4/system/Autoloader/Autoloader.php(258): CodeIgniter\Autoloader\Autoloader->loadInNamespace('App\\Controllers...')
#2 [internal function]: CodeIgniter\Autoloader\Autoloader->loadClass('App\\Controllers...')
#3 [internal function]: spl_autoload_call('App\\Controllers...')
#4 /Users/markpearson/Google Drive/Documents/Projects/My Websites/Teacherpedia/4.0 CI teacherpedia 1.1/Teacherpedia/ci4/system/CodeIgniter.php(865): class_exists('\\App\\Controller...', true)
#5 /Users/markpearson/Google Drive/Documents/Projects/My Websites/Teacherpedia/4.0 CI teacherpedia 1.1/Teacherpedia/ci4/system/CodeIgniter.php(390): CodeIgniter\CodeIgniter->startController()
#6 /Users/markpearson/Google Drive/Documents/Projects/My Websites/Teacherpedia/4.0 CI teacherpedia 1.1/Teacherpedia/ci4/system/CodeIgniter.php(308): CodeIgniter\CodeIgniter->handleRequest(NULL, Object(Config\Cache), false)
#7 /Users/markpearson/Google Drive/Documents/Projects/My Websites/Teacherpedia/4.0 CI teacherpedia 1.1/Teacherpedia/public_html/index.php(45): CodeIgniter\CodeIgniter->run()
#8 {main}
CRITICAL - 2020-09-05 04:45:37 --> Undefined variable: link
#0 /Users/markpearson/Google Drive/Documents/Projects/My Websites/Teacherpedia/4.0 CI teacherpedia 1.1/Teacherpedia/ci4/app/Controllers/Admin/Resources.php(74): CodeIgniter\Debug\Exceptions->errorHandler(8, 'Undefined varia...', '/Users/markpear...', 74, Array)
#1 /Users/markpearson/Google Drive/Documents/Projects/My Websites/Teacherpedia/4.0 CI teacherpedia 1.1/Teacherpedia/ci4/system/CodeIgniter.php(914): App\Controllers\Admin\Resources->edit_resource('799')
#2 /Users/markpearson/Google Drive/Documents/Projects/My Websites/Teacherpedia/4.0 CI teacherpedia 1.1/Teacherpedia/ci4/system/CodeIgniter.php(400): CodeIgniter\CodeIgniter->runController(Object(App\Controllers\Admin\Resources))
#3 /Users/markpearson/Google Drive/Documents/Projects/My Websites/Teacherpedia/4.0 CI teacherpedia 1.1/Teacherpedia/ci4/system/CodeIgniter.php(308): CodeIgniter\CodeIgniter->handleRequest(NULL, Object(Config\Cache), false)
#4 /Users/markpearson/Google Drive/Documents/Projects/My Websites/Teacherpedia/4.0 CI teacherpedia 1.1/Teacherpedia/public_html/index.php(45): CodeIgniter\CodeIgniter->run()
#5 {main}
CRITICAL - 2020-09-05 04:46:10 --> syntax error, unexpected '$path' (T_VARIABLE)
#0 /Users/markpearson/Google Drive/Documents/Projects/My Websites/Teacherpedia/4.0 CI teacherpedia 1.1/Teacherpedia/ci4/system/Autoloader/Autoloader.php(296): CodeIgniter\Autoloader\Autoloader->requireFile('/Users/markpear...')
#1 /Users/markpearson/Google Drive/Documents/Projects/My Websites/Teacherpedia/4.0 CI teacherpedia 1.1/Teacherpedia/ci4/system/Autoloader/Autoloader.php(258): CodeIgniter\Autoloader\Autoloader->loadInNamespace('App\\Controllers...')
#2 [internal function]: CodeIgniter\Autoloader\Autoloader->loadClass('App\\Controllers...')
#3 [internal function]: spl_autoload_call('App\\Controllers...')
#4 /Users/markpearson/Google Drive/Documents/Projects/My Websites/Teacherpedia/4.0 CI teacherpedia 1.1/Teacherpedia/ci4/system/CodeIgniter.php(865): class_exists('\\App\\Controller...', true)
#5 /Users/markpearson/Google Drive/Documents/Projects/My Websites/Teacherpedia/4.0 CI teacherpedia 1.1/Teacherpedia/ci4/system/CodeIgniter.php(390): CodeIgniter\CodeIgniter->startController()
#6 /Users/markpearson/Google Drive/Documents/Projects/My Websites/Teacherpedia/4.0 CI teacherpedia 1.1/Teacherpedia/ci4/system/CodeIgniter.php(308): CodeIgniter\CodeIgniter->handleRequest(NULL, Object(Config\Cache), false)
#7 /Users/markpearson/Google Drive/Documents/Projects/My Websites/Teacherpedia/4.0 CI teacherpedia 1.1/Teacherpedia/public_html/index.php(45): CodeIgniter\CodeIgniter->run()
#8 {main}
CRITICAL - 2020-09-05 04:46:59 --> scandir(http://localhost:8888): failed to open dir: not implemented
#0 [internal function]: CodeIgniter\Debug\Exceptions->errorHandler(2, 'scandir(http://...', '/Users/markpear...', 75, Array)
#1 /Users/markpearson/Google Drive/Documents/Projects/My Websites/Teacherpedia/4.0 CI teacherpedia 1.1/Teacherpedia/ci4/app/Controllers/Admin/Resources.php(75): scandir('http://localhos...')
#2 /Users/markpearson/Google Drive/Documents/Projects/My Websites/Teacherpedia/4.0 CI teacherpedia 1.1/Teacherpedia/ci4/system/CodeIgniter.php(914): App\Controllers\Admin\Resources->edit_resource('799')
#3 /Users/markpearson/Google Drive/Documents/Projects/My Websites/Teacherpedia/4.0 CI teacherpedia 1.1/Teacherpedia/ci4/system/CodeIgniter.php(400): CodeIgniter\CodeIgniter->runController(Object(App\Controllers\Admin\Resources))
#4 /Users/markpearson/Google Drive/Documents/Projects/My Websites/Teacherpedia/4.0 CI teacherpedia 1.1/Teacherpedia/ci4/system/CodeIgniter.php(308): CodeIgniter\CodeIgniter->handleRequest(NULL, Object(Config\Cache), false)
#5 /Users/markpearson/Google Drive/Documents/Projects/My Websites/Teacherpedia/4.0 CI teacherpedia 1.1/Teacherpedia/public_html/index.php(45): CodeIgniter\CodeIgniter->run()
#6 {main}
CRITICAL - 2020-09-05 04:47:13 --> Trying to get property 'link' of non-object
#0 /Users/markpearson/Google Drive/Documents/Projects/My Websites/Teacherpedia/4.0 CI teacherpedia 1.1/Teacherpedia/ci4/app/Controllers/Admin/Resources.php(81): CodeIgniter\Debug\Exceptions->errorHandler(8, 'Trying to get p...', '/Users/markpear...', 81, Array)
#1 /Users/markpearson/Google Drive/Documents/Projects/My Websites/Teacherpedia/4.0 CI teacherpedia 1.1/Teacherpedia/ci4/system/CodeIgniter.php(914): App\Controllers\Admin\Resources->edit_resource('799')
#2 /Users/markpearson/Google Drive/Documents/Projects/My Websites/Teacherpedia/4.0 CI teacherpedia 1.1/Teacherpedia/ci4/system/CodeIgniter.php(400): CodeIgniter\CodeIgniter->runController(Object(App\Controllers\Admin\Resources))
#3 /Users/markpearson/Google Drive/Documents/Projects/My Websites/Teacherpedia/4.0 CI teacherpedia 1.1/Teacherpedia/ci4/system/CodeIgniter.php(308): CodeIgniter\CodeIgniter->handleRequest(NULL, Object(Config\Cache), false)
#4 /Users/markpearson/Google Drive/Documents/Projects/My Websites/Teacherpedia/4.0 CI teacherpedia 1.1/Teacherpedia/public_html/index.php(45): CodeIgniter\CodeIgniter->run()
#5 {main}
CRITICAL - 2020-09-05 04:47:26 --> Trying to get property 'id' of non-object
#0 /Users/markpearson/Google Drive/Documents/Projects/My Websites/Teacherpedia/4.0 CI teacherpedia 1.1/Teacherpedia/ci4/app/Views/admin/resources/form_edit.php(28): CodeIgniter\Debug\Exceptions->errorHandler(8, 'Trying to get p...', '/Users/markpear...', 28, Array)
#1 /Users/markpearson/Google Drive/Documents/Projects/My Websites/Teacherpedia/4.0 CI teacherpedia 1.1/Teacherpedia/ci4/system/View/View.php(246): include('/Users/markpear...')
#2 /Users/markpearson/Google Drive/Documents/Projects/My Websites/Teacherpedia/4.0 CI teacherpedia 1.1/Teacherpedia/ci4/system/Common.php(1087): CodeIgniter\View\View->render('admin/resources...', Array, true)
#3 /Users/markpearson/Google Drive/Documents/Projects/My Websites/Teacherpedia/4.0 CI teacherpedia 1.1/Teacherpedia/ci4/app/Controllers/Admin/Resources.php(97): view('admin/resources...', Array)
#4 /Users/markpearson/Google Drive/Documents/Projects/My Websites/Teacherpedia/4.0 CI teacherpedia 1.1/Teacherpedia/ci4/system/CodeIgniter.php(914): App\Controllers\Admin\Resources->edit_resource('799')
#5 /Users/markpearson/Google Drive/Documents/Projects/My Websites/Teacherpedia/4.0 CI teacherpedia 1.1/Teacherpedia/ci4/system/CodeIgniter.php(400): CodeIgniter\CodeIgniter->runController(Object(App\Controllers\Admin\Resources))
#6 /Users/markpearson/Google Drive/Documents/Projects/My Websites/Teacherpedia/4.0 CI teacherpedia 1.1/Teacherpedia/ci4/system/CodeIgniter.php(308): CodeIgniter\CodeIgniter->handleRequest(NULL, Object(Config\Cache), false)
#7 /Users/markpearson/Google Drive/Documents/Projects/My Websites/Teacherpedia/4.0 CI teacherpedia 1.1/Teacherpedia/public_html/index.php(45): CodeIgniter\CodeIgniter->run()
#8 {main}
CRITICAL - 2020-09-05 04:48:29 --> Trying to get property 'resource_name' of non-object
#0 /Users/markpearson/Google Drive/Documents/Projects/My Websites/Teacherpedia/4.0 CI teacherpedia 1.1/Teacherpedia/ci4/app/Views/admin/resources/form_edit.php(36): CodeIgniter\Debug\Exceptions->errorHandler(8, 'Trying to get p...', '/Users/markpear...', 36, Array)
#1 /Users/markpearson/Google Drive/Documents/Projects/My Websites/Teacherpedia/4.0 CI teacherpedia 1.1/Teacherpedia/ci4/system/View/View.php(246): include('/Users/markpear...')
#2 /Users/markpearson/Google Drive/Documents/Projects/My Websites/Teacherpedia/4.0 CI teacherpedia 1.1/Teacherpedia/ci4/system/Common.php(1087): CodeIgniter\View\View->render('admin/resources...', Array, true)
#3 /Users/markpearson/Google Drive/Documents/Projects/My Websites/Teacherpedia/4.0 CI teacherpedia 1.1/Teacherpedia/ci4/app/Controllers/Admin/Resources.php(97): view('admin/resources...', Array)
#4 /Users/markpearson/Google Drive/Documents/Projects/My Websites/Teacherpedia/4.0 CI teacherpedia 1.1/Teacherpedia/ci4/system/CodeIgniter.php(914): App\Controllers\Admin\Resources->edit_resource('799')
#5 /Users/markpearson/Google Drive/Documents/Projects/My Websites/Teacherpedia/4.0 CI teacherpedia 1.1/Teacherpedia/ci4/system/CodeIgniter.php(400): CodeIgniter\CodeIgniter->runController(Object(App\Controllers\Admin\Resources))
#6 /Users/markpearson/Google Drive/Documents/Projects/My Websites/Teacherpedia/4.0 CI teacherpedia 1.1/Teacherpedia/ci4/system/CodeIgniter.php(308): CodeIgniter\CodeIgniter->handleRequest(NULL, Object(Config\Cache), false)
#7 /Users/markpearson/Google Drive/Documents/Projects/My Websites/Teacherpedia/4.0 CI teacherpedia 1.1/Teacherpedia/public_html/index.php(45): CodeIgniter\CodeIgniter->run()
#8 {main}
CRITICAL - 2020-09-05 04:48:45 --> Trying to get property 'resource_description' of non-object
#0 /Users/markpearson/Google Drive/Documents/Projects/My Websites/Teacherpedia/4.0 CI teacherpedia 1.1/Teacherpedia/ci4/app/Views/admin/resources/form_edit.php(44): CodeIgniter\Debug\Exceptions->errorHandler(8, 'Trying to get p...', '/Users/markpear...', 44, Array)
#1 /Users/markpearson/Google Drive/Documents/Projects/My Websites/Teacherpedia/4.0 CI teacherpedia 1.1/Teacherpedia/ci4/system/View/View.php(246): include('/Users/markpear...')
#2 /Users/markpearson/Google Drive/Documents/Projects/My Websites/Teacherpedia/4.0 CI teacherpedia 1.1/Teacherpedia/ci4/system/Common.php(1087): CodeIgniter\View\View->render('admin/resources...', Array, true)
#3 /Users/markpearson/Google Drive/Documents/Projects/My Websites/Teacherpedia/4.0 CI teacherpedia 1.1/Teacherpedia/ci4/app/Controllers/Admin/Resources.php(97): view('admin/resources...', Array)
#4 /Users/markpearson/Google Drive/Documents/Projects/My Websites/Teacherpedia/4.0 CI teacherpedia 1.1/Teacherpedia/ci4/system/CodeIgniter.php(914): App\Controllers\Admin\Resources->edit_resource('799')
#5 /Users/markpearson/Google Drive/Documents/Projects/My Websites/Teacherpedia/4.0 CI teacherpedia 1.1/Teacherpedia/ci4/system/CodeIgniter.php(400): CodeIgniter\CodeIgniter->runController(Object(App\Controllers\Admin\Resources))
#6 /Users/markpearson/Google Drive/Documents/Projects/My Websites/Teacherpedia/4.0 CI teacherpedia 1.1/Teacherpedia/ci4/system/CodeIgniter.php(308): CodeIgniter\CodeIgniter->handleRequest(NULL, Object(Config\Cache), false)
#7 /Users/markpearson/Google Drive/Documents/Projects/My Websites/Teacherpedia/4.0 CI teacherpedia 1.1/Teacherpedia/public_html/index.php(45): CodeIgniter\CodeIgniter->run()
#8 {main}
CRITICAL - 2020-09-05 04:49:45 --> Trying to get property 'year' of non-object
#0 /Users/markpearson/Google Drive/Documents/Projects/My Websites/Teacherpedia/4.0 CI teacherpedia 1.1/Teacherpedia/ci4/app/Views/admin/resources/form_edit.php(61): CodeIgniter\Debug\Exceptions->errorHandler(8, 'Trying to get p...', '/Users/markpear...', 61, Array)
#1 /Users/markpearson/Google Drive/Documents/Projects/My Websites/Teacherpedia/4.0 CI teacherpedia 1.1/Teacherpedia/ci4/system/View/View.php(246): include('/Users/markpear...')
#2 /Users/markpearson/Google Drive/Documents/Projects/My Websites/Teacherpedia/4.0 CI teacherpedia 1.1/Teacherpedia/ci4/system/Common.php(1087): CodeIgniter\View\View->render('admin/resources...', Array, true)
#3 /Users/markpearson/Google Drive/Documents/Projects/My Websites/Teacherpedia/4.0 CI teacherpedia 1.1/Teacherpedia/ci4/app/Controllers/Admin/Resources.php(97): view('admin/resources...', Array)
#4 /Users/markpearson/Google Drive/Documents/Projects/My Websites/Teacherpedia/4.0 CI teacherpedia 1.1/Teacherpedia/ci4/system/CodeIgniter.php(914): App\Controllers\Admin\Resources->edit_resource('799')
#5 /Users/markpearson/Google Drive/Documents/Projects/My Websites/Teacherpedia/4.0 CI teacherpedia 1.1/Teacherpedia/ci4/system/CodeIgniter.php(400): CodeIgniter\CodeIgniter->runController(Object(App\Controllers\Admin\Resources))
#6 /Users/markpearson/Google Drive/Documents/Projects/My Websites/Teacherpedia/4.0 CI teacherpedia 1.1/Teacherpedia/ci4/system/CodeIgniter.php(308): CodeIgniter\CodeIgniter->handleRequest(NULL, Object(Config\Cache), false)
#7 /Users/markpearson/Google Drive/Documents/Projects/My Websites/Teacherpedia/4.0 CI teacherpedia 1.1/Teacherpedia/public_html/index.php(45): CodeIgniter\CodeIgniter->run()
#8 {main}
CRITICAL - 2020-09-05 04:50:05 --> Trying to get property 'year' of non-object
#0 /Users/markpearson/Google Drive/Documents/Projects/My Websites/Teacherpedia/4.0 CI teacherpedia 1.1/Teacherpedia/ci4/app/Views/admin/resources/form_edit.php(62): CodeIgniter\Debug\Exceptions->errorHandler(8, 'Trying to get p...', '/Users/markpear...', 62, Array)
#1 /Users/markpearson/Google Drive/Documents/Projects/My Websites/Teacherpedia/4.0 CI teacherpedia 1.1/Teacherpedia/ci4/system/View/View.php(246): include('/Users/markpear...')
#2 /Users/markpearson/Google Drive/Documents/Projects/My Websites/Teacherpedia/4.0 CI teacherpedia 1.1/Teacherpedia/ci4/system/Common.php(1087): CodeIgniter\View\View->render('admin/resources...', Array, true)
#3 /Users/markpearson/Google Drive/Documents/Projects/My Websites/Teacherpedia/4.0 CI teacherpedia 1.1/Teacherpedia/ci4/app/Controllers/Admin/Resources.php(97): view('admin/resources...', Array)
#4 /Users/markpearson/Google Drive/Documents/Projects/My Websites/Teacherpedia/4.0 CI teacherpedia 1.1/Teacherpedia/ci4/system/CodeIgniter.php(914): App\Controllers\Admin\Resources->edit_resource('799')
#5 /Users/markpearson/Google Drive/Documents/Projects/My Websites/Teacherpedia/4.0 CI teacherpedia 1.1/Teacherpedia/ci4/system/CodeIgniter.php(400): CodeIgniter\CodeIgniter->runController(Object(App\Controllers\Admin\Resources))
#6 /Users/markpearson/Google Drive/Documents/Projects/My Websites/Teacherpedia/4.0 CI teacherpedia 1.1/Teacherpedia/ci4/system/CodeIgniter.php(308): CodeIgniter\CodeIgniter->handleRequest(NULL, Object(Config\Cache), false)
#7 /Users/markpearson/Google Drive/Documents/Projects/My Websites/Teacherpedia/4.0 CI teacherpedia 1.1/Teacherpedia/public_html/index.php(45): CodeIgniter\CodeIgniter->run()
#8 {main}
CRITICAL - 2020-09-05 04:50:36 --> Undefined variable: row
#0 /Users/markpearson/Google Drive/Documents/Projects/My Websites/Teacherpedia/4.0 CI teacherpedia 1.1/Teacherpedia/ci4/app/Views/admin/resources/form_edit.php(28): CodeIgniter\Debug\Exceptions->errorHandler(8, 'Undefined varia...', '/Users/markpear...', 28, Array)
#1 /Users/markpearson/Google Drive/Documents/Projects/My Websites/Teacherpedia/4.0 CI teacherpedia 1.1/Teacherpedia/ci4/system/View/View.php(246): include('/Users/markpear...')
#2 /Users/markpearson/Google Drive/Documents/Projects/My Websites/Teacherpedia/4.0 CI teacherpedia 1.1/Teacherpedia/ci4/system/Common.php(1087): CodeIgniter\View\View->render('admin/resources...', Array, true)
#3 /Users/markpearson/Google Drive/Documents/Projects/My Websites/Teacherpedia/4.0 CI teacherpedia 1.1/Teacherpedia/ci4/app/Controllers/Admin/Resources.php(97): view('admin/resources...', Array)
#4 /Users/markpearson/Google Drive/Documents/Projects/My Websites/Teacherpedia/4.0 CI teacherpedia 1.1/Teacherpedia/ci4/system/CodeIgniter.php(914): App\Controllers\Admin\Resources->edit_resource('assets', 'css', 'dashboard', 'css', 'js.js')
#5 /Users/markpearson/Google Drive/Documents/Projects/My Websites/Teacherpedia/4.0 CI teacherpedia 1.1/Teacherpedia/ci4/system/CodeIgniter.php(400): CodeIgniter\CodeIgniter->runController(Object(App\Controllers\Admin\Resources))
#6 /Users/markpearson/Google Drive/Documents/Projects/My Websites/Teacherpedia/4.0 CI teacherpedia 1.1/Teacherpedia/ci4/system/CodeIgniter.php(308): CodeIgniter\CodeIgniter->handleRequest(NULL, Object(Config\Cache), false)
#7 /Users/markpearson/Google Drive/Documents/Projects/My Websites/Teacherpedia/4.0 CI teacherpedia 1.1/Teacherpedia/public_html/index.php(45): CodeIgniter\CodeIgniter->run()
#8 {main}
CRITICAL - 2020-09-05 04:51:32 --> Undefined variable: row
#0 /Users/markpearson/Google Drive/Documents/Projects/My Websites/Teacherpedia/4.0 CI teacherpedia 1.1/Teacherpedia/ci4/app/Views/admin/resources/form_edit.php(28): CodeIgniter\Debug\Exceptions->errorHandler(8, 'Undefined varia...', '/Users/markpear...', 28, Array)
#1 /Users/markpearson/Google Drive/Documents/Projects/My Websites/Teacherpedia/4.0 CI teacherpedia 1.1/Teacherpedia/ci4/system/View/View.php(246): include('/Users/markpear...')
#2 /Users/markpearson/Google Drive/Documents/Projects/My Websites/Teacherpedia/4.0 CI teacherpedia 1.1/Teacherpedia/ci4/system/Common.php(1087): CodeIgniter\View\View->render('admin/resources...', Array, true)
#3 /Users/markpearson/Google Drive/Documents/Projects/My Websites/Teacherpedia/4.0 CI teacherpedia 1.1/Teacherpedia/ci4/app/Controllers/Admin/Resources.php(98): view('admin/resources...', Array)
#4 /Users/markpearson/Google Drive/Documents/Projects/My Websites/Teacherpedia/4.0 CI teacherpedia 1.1/Teacherpedia/ci4/system/CodeIgniter.php(914): App\Controllers\Admin\Resources->edit_resource('assets', 'css', 'dashboard', 'css', 'js.js')
#5 /Users/markpearson/Google Drive/Documents/Projects/My Websites/Teacherpedia/4.0 CI teacherpedia 1.1/Teacherpedia/ci4/system/CodeIgniter.php(400): CodeIgniter\CodeIgniter->runController(Object(App\Controllers\Admin\Resources))
#6 /Users/markpearson/Google Drive/Documents/Projects/My Websites/Teacherpedia/4.0 CI teacherpedia 1.1/Teacherpedia/ci4/system/CodeIgniter.php(308): CodeIgniter\CodeIgniter->handleRequest(NULL, Object(Config\Cache), false)
#7 /Users/markpearson/Google Drive/Documents/Projects/My Websites/Teacherpedia/4.0 CI teacherpedia 1.1/Teacherpedia/public_html/index.php(45): CodeIgniter\CodeIgniter->run()
#8 {main}
CRITICAL - 2020-09-05 04:51:42 --> Trying to get property 'link' of non-object
#0 /Users/markpearson/Google Drive/Documents/Projects/My Websites/Teacherpedia/4.0 CI teacherpedia 1.1/Teacherpedia/ci4/app/Controllers/Admin/Resources.php(75): CodeIgniter\Debug\Exceptions->errorHandler(8, 'Trying to get p...', '/Users/markpear...', 75, Array)
#1 /Users/markpearson/Google Drive/Documents/Projects/My Websites/Teacherpedia/4.0 CI teacherpedia 1.1/Teacherpedia/ci4/system/CodeIgniter.php(914): App\Controllers\Admin\Resources->edit_resource('799')
#2 /Users/markpearson/Google Drive/Documents/Projects/My Websites/Teacherpedia/4.0 CI teacherpedia 1.1/Teacherpedia/ci4/system/CodeIgniter.php(400): CodeIgniter\CodeIgniter->runController(Object(App\Controllers\Admin\Resources))
#3 /Users/markpearson/Google Drive/Documents/Projects/My Websites/Teacherpedia/4.0 CI teacherpedia 1.1/Teacherpedia/ci4/system/CodeIgniter.php(308): CodeIgniter\CodeIgniter->handleRequest(NULL, Object(Config\Cache), false)
#4 /Users/markpearson/Google Drive/Documents/Projects/My Websites/Teacherpedia/4.0 CI teacherpedia 1.1/Teacherpedia/public_html/index.php(45): CodeIgniter\CodeIgniter->run()
#5 {main}
CRITICAL - 2020-09-05 04:52:50 --> Undefined variable: row
#0 /Users/markpearson/Google Drive/Documents/Projects/My Websites/Teacherpedia/4.0 CI teacherpedia 1.1/Teacherpedia/ci4/app/Views/admin/resources/form_edit.php(28): CodeIgniter\Debug\Exceptions->errorHandler(8, 'Undefined varia...', '/Users/markpear...', 28, Array)
#1 /Users/markpearson/Google Drive/Documents/Projects/My Websites/Teacherpedia/4.0 CI teacherpedia 1.1/Teacherpedia/ci4/system/View/View.php(246): include('/Users/markpear...')
#2 /Users/markpearson/Google Drive/Documents/Projects/My Websites/Teacherpedia/4.0 CI teacherpedia 1.1/Teacherpedia/ci4/system/Common.php(1087): CodeIgniter\View\View->render('admin/resources...', Array, true)
#3 /Users/markpearson/Google Drive/Documents/Projects/My Websites/Teacherpedia/4.0 CI teacherpedia 1.1/Teacherpedia/ci4/app/Controllers/Admin/Resources.php(98): view('admin/resources...', Array)
#4 /Users/markpearson/Google Drive/Documents/Projects/My Websites/Teacherpedia/4.0 CI teacherpedia 1.1/Teacherpedia/ci4/system/CodeIgniter.php(914): App\Controllers\Admin\Resources->edit_resource('assets', 'css', 'dashboard', 'css', 'js.js')
#5 /Users/markpearson/Google Drive/Documents/Projects/My Websites/Teacherpedia/4.0 CI teacherpedia 1.1/Teacherpedia/ci4/system/CodeIgniter.php(400): CodeIgniter\CodeIgniter->runController(Object(App\Controllers\Admin\Resources))
#6 /Users/markpearson/Google Drive/Documents/Projects/My Websites/Teacherpedia/4.0 CI teacherpedia 1.1/Teacherpedia/ci4/system/CodeIgniter.php(308): CodeIgniter\CodeIgniter->handleRequest(NULL, Object(Config\Cache), false)
#7 /Users/markpearson/Google Drive/Documents/Projects/My Websites/Teacherpedia/4.0 CI teacherpedia 1.1/Teacherpedia/public_html/index.php(45): CodeIgniter\CodeIgniter->run()
#8 {main}
CRITICAL - 2020-09-05 04:52:58 --> Function name must be a string
#0 /Users/markpearson/Google Drive/Documents/Projects/My Websites/Teacherpedia/4.0 CI teacherpedia 1.1/Teacherpedia/ci4/system/CodeIgniter.php(914): App\Controllers\Admin\Resources->edit_resource('799')
#1 /Users/markpearson/Google Drive/Documents/Projects/My Websites/Teacherpedia/4.0 CI teacherpedia 1.1/Teacherpedia/ci4/system/CodeIgniter.php(400): CodeIgniter\CodeIgniter->runController(Object(App\Controllers\Admin\Resources))
#2 /Users/markpearson/Google Drive/Documents/Projects/My Websites/Teacherpedia/4.0 CI teacherpedia 1.1/Teacherpedia/ci4/system/CodeIgniter.php(308): CodeIgniter\CodeIgniter->handleRequest(NULL, Object(Config\Cache), false)
#3 /Users/markpearson/Google Drive/Documents/Projects/My Websites/Teacherpedia/4.0 CI teacherpedia 1.1/Teacherpedia/public_html/index.php(45): CodeIgniter\CodeIgniter->run()
#4 {main}
CRITICAL - 2020-09-05 04:53:09 --> Undefined variable: row
#0 /Users/markpearson/Google Drive/Documents/Projects/My Websites/Teacherpedia/4.0 CI teacherpedia 1.1/Teacherpedia/ci4/app/Views/admin/resources/form_edit.php(28): CodeIgniter\Debug\Exceptions->errorHandler(8, 'Undefined varia...', '/Users/markpear...', 28, Array)
#1 /Users/markpearson/Google Drive/Documents/Projects/My Websites/Teacherpedia/4.0 CI teacherpedia 1.1/Teacherpedia/ci4/system/View/View.php(246): include('/Users/markpear...')
#2 /Users/markpearson/Google Drive/Documents/Projects/My Websites/Teacherpedia/4.0 CI teacherpedia 1.1/Teacherpedia/ci4/system/Common.php(1087): CodeIgniter\View\View->render('admin/resources...', Array, true)
#3 /Users/markpearson/Google Drive/Documents/Projects/My Websites/Teacherpedia/4.0 CI teacherpedia 1.1/Teacherpedia/ci4/app/Controllers/Admin/Resources.php(98): view('admin/resources...', Array)
#4 /Users/markpearson/Google Drive/Documents/Projects/My Websites/Teacherpedia/4.0 CI teacherpedia 1.1/Teacherpedia/ci4/system/CodeIgniter.php(914): App\Controllers\Admin\Resources->edit_resource('assets', 'css', 'dashboard', 'css', 'js.js')
#5 /Users/markpearson/Google Drive/Documents/Projects/My Websites/Teacherpedia/4.0 CI teacherpedia 1.1/Teacherpedia/ci4/system/CodeIgniter.php(400): CodeIgniter\CodeIgniter->runController(Object(App\Controllers\Admin\Resources))
#6 /Users/markpearson/Google Drive/Documents/Projects/My Websites/Teacherpedia/4.0 CI teacherpedia 1.1/Teacherpedia/ci4/system/CodeIgniter.php(308): CodeIgniter\CodeIgniter->handleRequest(NULL, Object(Config\Cache), false)
#7 /Users/markpearson/Google Drive/Documents/Projects/My Websites/Teacherpedia/4.0 CI teacherpedia 1.1/Teacherpedia/public_html/index.php(45): CodeIgniter\CodeIgniter->run()
#8 {main}
CRITICAL - 2020-09-05 04:54:53 --> Undefined variable: row
#0 /Users/markpearson/Google Drive/Documents/Projects/My Websites/Teacherpedia/4.0 CI teacherpedia 1.1/Teacherpedia/ci4/app/Views/admin/resources/form_edit.php(28): CodeIgniter\Debug\Exceptions->errorHandler(8, 'Undefined varia...', '/Users/markpear...', 28, Array)
#1 /Users/markpearson/Google Drive/Documents/Projects/My Websites/Teacherpedia/4.0 CI teacherpedia 1.1/Teacherpedia/ci4/system/View/View.php(246): include('/Users/markpear...')
#2 /Users/markpearson/Google Drive/Documents/Projects/My Websites/Teacherpedia/4.0 CI teacherpedia 1.1/Teacherpedia/ci4/system/Common.php(1087): CodeIgniter\View\View->render('admin/resources...', Array, true)
#3 /Users/markpearson/Google Drive/Documents/Projects/My Websites/Teacherpedia/4.0 CI teacherpedia 1.1/Teacherpedia/ci4/app/Controllers/Admin/Resources.php(98): view('admin/resources...', Array)
#4 /Users/markpearson/Google Drive/Documents/Projects/My Websites/Teacherpedia/4.0 CI teacherpedia 1.1/Teacherpedia/ci4/system/CodeIgniter.php(914): App\Controllers\Admin\Resources->edit_resource('assets', 'css', 'dashboard', 'css', 'js.js')
#5 /Users/markpearson/Google Drive/Documents/Projects/My Websites/Teacherpedia/4.0 CI teacherpedia 1.1/Teacherpedia/ci4/system/CodeIgniter.php(400): CodeIgniter\CodeIgniter->runController(Object(App\Controllers\Admin\Resources))
#6 /Users/markpearson/Google Drive/Documents/Projects/My Websites/Teacherpedia/4.0 CI teacherpedia 1.1/Teacherpedia/ci4/system/CodeIgniter.php(308): CodeIgniter\CodeIgniter->handleRequest(NULL, Object(Config\Cache), false)
#7 /Users/markpearson/Google Drive/Documents/Projects/My Websites/Teacherpedia/4.0 CI teacherpedia 1.1/Teacherpedia/public_html/index.php(45): CodeIgniter\CodeIgniter->run()
#8 {main}
CRITICAL - 2020-09-05 04:55:02 --> Undefined variable: row
#0 /Users/markpearson/Google Drive/Documents/Projects/My Websites/Teacherpedia/4.0 CI teacherpedia 1.1/Teacherpedia/ci4/app/Views/admin/resources/form_edit.php(28): CodeIgniter\Debug\Exceptions->errorHandler(8, 'Undefined varia...', '/Users/markpear...', 28, Array)
#1 /Users/markpearson/Google Drive/Documents/Projects/My Websites/Teacherpedia/4.0 CI teacherpedia 1.1/Teacherpedia/ci4/system/View/View.php(246): include('/Users/markpear...')
#2 /Users/markpearson/Google Drive/Documents/Projects/My Websites/Teacherpedia/4.0 CI teacherpedia 1.1/Teacherpedia/ci4/system/Common.php(1087): CodeIgniter\View\View->render('admin/resources...', Array, true)
#3 /Users/markpearson/Google Drive/Documents/Projects/My Websites/Teacherpedia/4.0 CI teacherpedia 1.1/Teacherpedia/ci4/app/Controllers/Admin/Resources.php(98): view('admin/resources...', Array)
#4 /Users/markpearson/Google Drive/Documents/Projects/My Websites/Teacherpedia/4.0 CI teacherpedia 1.1/Teacherpedia/ci4/system/CodeIgniter.php(914): App\Controllers\Admin\Resources->edit_resource('assets', 'css', 'dashboard', 'css', 'js.js')
#5 /Users/markpearson/Google Drive/Documents/Projects/My Websites/Teacherpedia/4.0 CI teacherpedia 1.1/Teacherpedia/ci4/system/CodeIgniter.php(400): CodeIgniter\CodeIgniter->runController(Object(App\Controllers\Admin\Resources))
#6 /Users/markpearson/Google Drive/Documents/Projects/My Websites/Teacherpedia/4.0 CI teacherpedia 1.1/Teacherpedia/ci4/system/CodeIgniter.php(308): CodeIgniter\CodeIgniter->handleRequest(NULL, Object(Config\Cache), false)
#7 /Users/markpearson/Google Drive/Documents/Projects/My Websites/Teacherpedia/4.0 CI teacherpedia 1.1/Teacherpedia/public_html/index.php(45): CodeIgniter\CodeIgniter->run()
#8 {main}
CRITICAL - 2020-09-05 04:55:17 --> Cannot use object of type stdClass as array
#0 /Users/markpearson/Google Drive/Documents/Projects/My Websites/Teacherpedia/4.0 CI teacherpedia 1.1/Teacherpedia/ci4/system/View/View.php(246): include()
#1 /Users/markpearson/Google Drive/Documents/Projects/My Websites/Teacherpedia/4.0 CI teacherpedia 1.1/Teacherpedia/ci4/system/Common.php(1087): CodeIgniter\View\View->render('admin/resources...', Array, true)
#2 /Users/markpearson/Google Drive/Documents/Projects/My Websites/Teacherpedia/4.0 CI teacherpedia 1.1/Teacherpedia/ci4/app/Controllers/Admin/Resources.php(97): view('admin/resources...', Array)
#3 /Users/markpearson/Google Drive/Documents/Projects/My Websites/Teacherpedia/4.0 CI teacherpedia 1.1/Teacherpedia/ci4/system/CodeIgniter.php(914): App\Controllers\admin\Resources->edit_resource('799')
#4 /Users/markpearson/Google Drive/Documents/Projects/My Websites/Teacherpedia/4.0 CI teacherpedia 1.1/Teacherpedia/ci4/system/CodeIgniter.php(400): CodeIgniter\CodeIgniter->runController(Object(App\Controllers\admin\Resources))
#5 /Users/markpearson/Google Drive/Documents/Projects/My Websites/Teacherpedia/4.0 CI teacherpedia 1.1/Teacherpedia/ci4/system/CodeIgniter.php(308): CodeIgniter\CodeIgniter->handleRequest(NULL, Object(Config\Cache), false)
#6 /Users/markpearson/Google Drive/Documents/Projects/My Websites/Teacherpedia/4.0 CI teacherpedia 1.1/Teacherpedia/public_html/index.php(45): CodeIgniter\CodeIgniter->run()
#7 {main}
CRITICAL - 2020-09-05 04:55:28 --> Undefined variable: row
#0 /Users/markpearson/Google Drive/Documents/Projects/My Websites/Teacherpedia/4.0 CI teacherpedia 1.1/Teacherpedia/ci4/app/Views/admin/resources/form_edit.php(28): CodeIgniter\Debug\Exceptions->errorHandler(8, 'Undefined varia...', '/Users/markpear...', 28, Array)
#1 /Users/markpearson/Google Drive/Documents/Projects/My Websites/Teacherpedia/4.0 CI teacherpedia 1.1/Teacherpedia/ci4/system/View/View.php(246): include('/Users/markpear...')
#2 /Users/markpearson/Google Drive/Documents/Projects/My Websites/Teacherpedia/4.0 CI teacherpedia 1.1/Teacherpedia/ci4/system/Common.php(1087): CodeIgniter\View\View->render('admin/resources...', Array, true)
#3 /Users/markpearson/Google Drive/Documents/Projects/My Websites/Teacherpedia/4.0 CI teacherpedia 1.1/Teacherpedia/ci4/app/Controllers/Admin/Resources.php(97): view('admin/resources...', Array)
#4 /Users/markpearson/Google Drive/Documents/Projects/My Websites/Teacherpedia/4.0 CI teacherpedia 1.1/Teacherpedia/ci4/system/CodeIgniter.php(914): App\Controllers\admin\Resources->edit_resource('assets', 'css', 'dashboard', 'css', 'js.js')
#5 /Users/markpearson/Google Drive/Documents/Projects/My Websites/Teacherpedia/4.0 CI teacherpedia 1.1/Teacherpedia/ci4/system/CodeIgniter.php(400): CodeIgniter\CodeIgniter->runController(Object(App\Controllers\admin\Resources))
#6 /Users/markpearson/Google Drive/Documents/Projects/My Websites/Teacherpedia/4.0 CI teacherpedia 1.1/Teacherpedia/ci4/system/CodeIgniter.php(308): CodeIgniter\CodeIgniter->handleRequest(NULL, Object(Config\Cache), false)
#7 /Users/markpearson/Google Drive/Documents/Projects/My Websites/Teacherpedia/4.0 CI teacherpedia 1.1/Teacherpedia/public_html/index.php(45): CodeIgniter\CodeIgniter->run()
#8 {main}
CRITICAL - 2020-09-05 04:55:39 --> Undefined variable: row
#0 /Users/markpearson/Google Drive/Documents/Projects/My Websites/Teacherpedia/4.0 CI teacherpedia 1.1/Teacherpedia/ci4/app/Views/admin/resources/form_edit.php(28): CodeIgniter\Debug\Exceptions->errorHandler(8, 'Undefined varia...', '/Users/markpear...', 28, Array)
#1 /Users/markpearson/Google Drive/Documents/Projects/My Websites/Teacherpedia/4.0 CI teacherpedia 1.1/Teacherpedia/ci4/system/View/View.php(246): include('/Users/markpear...')
#2 /Users/markpearson/Google Drive/Documents/Projects/My Websites/Teacherpedia/4.0 CI teacherpedia 1.1/Teacherpedia/ci4/system/Common.php(1087): CodeIgniter\View\View->render('admin/resources...', Array, true)
#3 /Users/markpearson/Google Drive/Documents/Projects/My Websites/Teacherpedia/4.0 CI teacherpedia 1.1/Teacherpedia/ci4/app/Controllers/Admin/Resources.php(97): view('admin/resources...', Array)
#4 /Users/markpearson/Google Drive/Documents/Projects/My Websites/Teacherpedia/4.0 CI teacherpedia 1.1/Teacherpedia/ci4/system/CodeIgniter.php(914): App\Controllers\admin\Resources->edit_resource('assets', 'css', 'dashboard', 'css', 'js.js')
#5 /Users/markpearson/Google Drive/Documents/Projects/My Websites/Teacherpedia/4.0 CI teacherpedia 1.1/Teacherpedia/ci4/system/CodeIgniter.php(400): CodeIgniter\CodeIgniter->runController(Object(App\Controllers\admin\Resources))
#6 /Users/markpearson/Google Drive/Documents/Projects/My Websites/Teacherpedia/4.0 CI teacherpedia 1.1/Teacherpedia/ci4/system/CodeIgniter.php(308): CodeIgniter\CodeIgniter->handleRequest(NULL, Object(Config\Cache), false)
#7 /Users/markpearson/Google Drive/Documents/Projects/My Websites/Teacherpedia/4.0 CI teacherpedia 1.1/Teacherpedia/public_html/index.php(45): CodeIgniter\CodeIgniter->run()
#8 {main}
CRITICAL - 2020-09-05 06:21:14 --> Undefined variable: row
#0 /Users/markpearson/Google Drive/Documents/Projects/My Websites/Teacherpedia/4.0 CI teacherpedia 1.1/Teacherpedia/ci4/app/Views/admin/resources/form_edit.php(28): CodeIgniter\Debug\Exceptions->errorHandler(8, 'Undefined varia...', '/Users/markpear...', 28, Array)
#1 /Users/markpearson/Google Drive/Documents/Projects/My Websites/Teacherpedia/4.0 CI teacherpedia 1.1/Teacherpedia/ci4/system/View/View.php(246): include('/Users/markpear...')
#2 /Users/markpearson/Google Drive/Documents/Projects/My Websites/Teacherpedia/4.0 CI teacherpedia 1.1/Teacherpedia/ci4/system/Common.php(1087): CodeIgniter\View\View->render('admin/resources...', Array, true)
#3 /Users/markpearson/Google Drive/Documents/Projects/My Websites/Teacherpedia/4.0 CI teacherpedia 1.1/Teacherpedia/ci4/app/Controllers/Admin/Resources.php(97): view('admin/resources...', Array)
#4 /Users/markpearson/Google Drive/Documents/Projects/My Websites/Teacherpedia/4.0 CI teacherpedia 1.1/Teacherpedia/ci4/system/CodeIgniter.php(914): App\Controllers\Admin\Resources->edit_resource('assets', 'css', 'dashboard', 'css', 'js.js')
#5 /Users/markpearson/Google Drive/Documents/Projects/My Websites/Teacherpedia/4.0 CI teacherpedia 1.1/Teacherpedia/ci4/system/CodeIgniter.php(400): CodeIgniter\CodeIgniter->runController(Object(App\Controllers\Admin\Resources))
#6 /Users/markpearson/Google Drive/Documents/Projects/My Websites/Teacherpedia/4.0 CI teacherpedia 1.1/Teacherpedia/ci4/system/CodeIgniter.php(308): CodeIgniter\CodeIgniter->handleRequest(NULL, Object(Config\Cache), false)
#7 /Users/markpearson/Google Drive/Documents/Projects/My Websites/Teacherpedia/4.0 CI teacherpedia 1.1/Teacherpedia/public_html/index.php(45): CodeIgniter\CodeIgniter->run()
#8 {main}
CRITICAL - 2020-09-05 06:21:14 --> Undefined variable: row
#0 /Users/markpearson/Google Drive/Documents/Projects/My Websites/Teacherpedia/4.0 CI teacherpedia 1.1/Teacherpedia/ci4/app/Views/admin/resources/form_edit.php(28): CodeIgniter\Debug\Exceptions->errorHandler(8, 'Undefined varia...', '/Users/markpear...', 28, Array)
#1 /Users/markpearson/Google Drive/Documents/Projects/My Websites/Teacherpedia/4.0 CI teacherpedia 1.1/Teacherpedia/ci4/system/View/View.php(246): include('/Users/markpear...')
#2 /Users/markpearson/Google Drive/Documents/Projects/My Websites/Teacherpedia/4.0 CI teacherpedia 1.1/Teacherpedia/ci4/system/Common.php(1087): CodeIgniter\View\View->render('admin/resources...', Array, true)
#3 /Users/markpearson/Google Drive/Documents/Projects/My Websites/Teacherpedia/4.0 CI teacherpedia 1.1/Teacherpedia/ci4/app/Controllers/Admin/Resources.php(97): view('admin/resources...', Array)
#4 /Users/markpearson/Google Drive/Documents/Projects/My Websites/Teacherpedia/4.0 CI teacherpedia 1.1/Teacherpedia/ci4/system/CodeIgniter.php(914): App\Controllers\Admin\Resources->edit_resource('assets', 'css', 'dashboard', 'css', 'js.js')
#5 /Users/markpearson/Google Drive/Documents/Projects/My Websites/Teacherpedia/4.0 CI teacherpedia 1.1/Teacherpedia/ci4/system/CodeIgniter.php(400): CodeIgniter\CodeIgniter->runController(Object(App\Controllers\Admin\Resources))
#6 /Users/markpearson/Google Drive/Documents/Projects/My Websites/Teacherpedia/4.0 CI teacherpedia 1.1/Teacherpedia/ci4/system/CodeIgniter.php(308): CodeIgniter\CodeIgniter->handleRequest(NULL, Object(Config\Cache), false)
#7 /Users/markpearson/Google Drive/Documents/Projects/My Websites/Teacherpedia/4.0 CI teacherpedia 1.1/Teacherpedia/public_html/index.php(45): CodeIgniter\CodeIgniter->run()
#8 {main}
CRITICAL - 2020-09-05 06:21:19 --> Undefined variable: row
#0 /Users/markpearson/Google Drive/Documents/Projects/My Websites/Teacherpedia/4.0 CI teacherpedia 1.1/Teacherpedia/ci4/app/Views/admin/resources/form_edit.php(28): CodeIgniter\Debug\Exceptions->errorHandler(8, 'Undefined varia...', '/Users/markpear...', 28, Array)
#1 /Users/markpearson/Google Drive/Documents/Projects/My Websites/Teacherpedia/4.0 CI teacherpedia 1.1/Teacherpedia/ci4/system/View/View.php(246): include('/Users/markpear...')
#2 /Users/markpearson/Google Drive/Documents/Projects/My Websites/Teacherpedia/4.0 CI teacherpedia 1.1/Teacherpedia/ci4/system/Common.php(1087): CodeIgniter\View\View->render('admin/resources...', Array, true)
#3 /Users/markpearson/Google Drive/Documents/Projects/My Websites/Teacherpedia/4.0 CI teacherpedia 1.1/Teacherpedia/ci4/app/Controllers/Admin/Resources.php(97): view('admin/resources...', Array)
#4 /Users/markpearson/Google Drive/Documents/Projects/My Websites/Teacherpedia/4.0 CI teacherpedia 1.1/Teacherpedia/ci4/system/CodeIgniter.php(914): App\Controllers\Admin\Resources->edit_resource('assets', 'css', 'dashboard', 'css', 'js.js')
#5 /Users/markpearson/Google Drive/Documents/Projects/My Websites/Teacherpedia/4.0 CI teacherpedia 1.1/Teacherpedia/ci4/system/CodeIgniter.php(400): CodeIgniter\CodeIgniter->runController(Object(App\Controllers\Admin\Resources))
#6 /Users/markpearson/Google Drive/Documents/Projects/My Websites/Teacherpedia/4.0 CI teacherpedia 1.1/Teacherpedia/ci4/system/CodeIgniter.php(308): CodeIgniter\CodeIgniter->handleRequest(NULL, Object(Config\Cache), false)
#7 /Users/markpearson/Google Drive/Documents/Projects/My Websites/Teacherpedia/4.0 CI teacherpedia 1.1/Teacherpedia/public_html/index.php(45): CodeIgniter\CodeIgniter->run()
#8 {main}
CRITICAL - 2020-09-05 07:01:52 --> Object of class CodeIgniter\HTTP\Response could not be converted to string
#0 /Users/markpearson/Google Drive/Documents/Projects/My Websites/Teacherpedia/4.0 CI teacherpedia 1.1/Teacherpedia/ci4/app/Controllers/BaseController.php(105): CodeIgniter\Debug\Exceptions->errorHandler(4096, 'Object of class...', '/Users/markpear...', 105, Array)
#1 /Users/markpearson/Google Drive/Documents/Projects/My Websites/Teacherpedia/4.0 CI teacherpedia 1.1/Teacherpedia/ci4/system/CodeIgniter.php(887): App\Controllers\BaseController->initController(Object(CodeIgniter\HTTP\IncomingRequest), Object(CodeIgniter\HTTP\Response), Object(CodeIgniter\Log\Logger))
#2 /Users/markpearson/Google Drive/Documents/Projects/My Websites/Teacherpedia/4.0 CI teacherpedia 1.1/Teacherpedia/ci4/system/CodeIgniter.php(395): CodeIgniter\CodeIgniter->createController()
#3 /Users/markpearson/Google Drive/Documents/Projects/My Websites/Teacherpedia/4.0 CI teacherpedia 1.1/Teacherpedia/ci4/system/CodeIgniter.php(308): CodeIgniter\CodeIgniter->handleRequest(NULL, Object(Config\Cache), false)
#4 /Users/markpearson/Google Drive/Documents/Projects/My Websites/Teacherpedia/4.0 CI teacherpedia 1.1/Teacherpedia/public_html/index.php(45): CodeIgniter\CodeIgniter->run()
#5 {main}
CRITICAL - 2020-09-05 07:02:43 --> Object of class CodeIgniter\HTTP\Response could not be converted to string
#0 /Users/markpearson/Google Drive/Documents/Projects/My Websites/Teacherpedia/4.0 CI teacherpedia 1.1/Teacherpedia/ci4/app/Controllers/BaseController.php(105): CodeIgniter\Debug\Exceptions->errorHandler(4096, 'Object of class...', '/Users/markpear...', 105, Array)
#1 /Users/markpearson/Google Drive/Documents/Projects/My Websites/Teacherpedia/4.0 CI teacherpedia 1.1/Teacherpedia/ci4/system/CodeIgniter.php(887): App\Controllers\BaseController->initController(Object(CodeIgniter\HTTP\IncomingRequest), Object(CodeIgniter\HTTP\Response), Object(CodeIgniter\Log\Logger))
#2 /Users/markpearson/Google Drive/Documents/Projects/My Websites/Teacherpedia/4.0 CI teacherpedia 1.1/Teacherpedia/ci4/system/CodeIgniter.php(395): CodeIgniter\CodeIgniter->createController()
#3 /Users/markpearson/Google Drive/Documents/Projects/My Websites/Teacherpedia/4.0 CI teacherpedia 1.1/Teacherpedia/ci4/system/CodeIgniter.php(308): CodeIgniter\CodeIgniter->handleRequest(NULL, Object(Config\Cache), false)
#4 /Users/markpearson/Google Drive/Documents/Projects/My Websites/Teacherpedia/4.0 CI teacherpedia 1.1/Teacherpedia/public_html/index.php(45): CodeIgniter\CodeIgniter->run()
#5 {main}
CRITICAL - 2020-09-05 07:02:44 --> Object of class CodeIgniter\HTTP\Response could not be converted to string
#0 /Users/markpearson/Google Drive/Documents/Projects/My Websites/Teacherpedia/4.0 CI teacherpedia 1.1/Teacherpedia/ci4/app/Controllers/BaseController.php(105): CodeIgniter\Debug\Exceptions->errorHandler(4096, 'Object of class...', '/Users/markpear...', 105, Array)
#1 /Users/markpearson/Google Drive/Documents/Projects/My Websites/Teacherpedia/4.0 CI teacherpedia 1.1/Teacherpedia/ci4/system/CodeIgniter.php(887): App\Controllers\BaseController->initController(Object(CodeIgniter\HTTP\IncomingRequest), Object(CodeIgniter\HTTP\Response), Object(CodeIgniter\Log\Logger))
#2 /Users/markpearson/Google Drive/Documents/Projects/My Websites/Teacherpedia/4.0 CI teacherpedia 1.1/Teacherpedia/ci4/system/CodeIgniter.php(395): CodeIgniter\CodeIgniter->createController()
#3 /Users/markpearson/Google Drive/Documents/Projects/My Websites/Teacherpedia/4.0 CI teacherpedia 1.1/Teacherpedia/ci4/system/CodeIgniter.php(308): CodeIgniter\CodeIgniter->handleRequest(NULL, Object(Config\Cache), false)
#4 /Users/markpearson/Google Drive/Documents/Projects/My Websites/Teacherpedia/4.0 CI teacherpedia 1.1/Teacherpedia/public_html/index.php(45): CodeIgniter\CodeIgniter->run()
#5 {main}
CRITICAL - 2020-09-05 07:02:54 --> Object of class CodeIgniter\HTTP\Response could not be converted to string
#0 /Users/markpearson/Google Drive/Documents/Projects/My Websites/Teacherpedia/4.0 CI teacherpedia 1.1/Teacherpedia/ci4/app/Controllers/BaseController.php(105): CodeIgniter\Debug\Exceptions->errorHandler(4096, 'Object of class...', '/Users/markpear...', 105, Array)
#1 /Users/markpearson/Google Drive/Documents/Projects/My Websites/Teacherpedia/4.0 CI teacherpedia 1.1/Teacherpedia/ci4/system/CodeIgniter.php(887): App\Controllers\BaseController->initController(Object(CodeIgniter\HTTP\IncomingRequest), Object(CodeIgniter\HTTP\Response), Object(CodeIgniter\Log\Logger))
#2 /Users/markpearson/Google Drive/Documents/Projects/My Websites/Teacherpedia/4.0 CI teacherpedia 1.1/Teacherpedia/ci4/system/CodeIgniter.php(395): CodeIgniter\CodeIgniter->createController()
#3 /Users/markpearson/Google Drive/Documents/Projects/My Websites/Teacherpedia/4.0 CI teacherpedia 1.1/Teacherpedia/ci4/system/CodeIgniter.php(308): CodeIgniter\CodeIgniter->handleRequest(NULL, Object(Config\Cache), false)
#4 /Users/markpearson/Google Drive/Documents/Projects/My Websites/Teacherpedia/4.0 CI teacherpedia 1.1/Teacherpedia/public_html/index.php(45): CodeIgniter\CodeIgniter->run()
#5 {main}
CRITICAL - 2020-09-05 07:03:16 --> Object of class CodeIgniter\HTTP\Response could not be converted to string
#0 /Users/markpearson/Google Drive/Documents/Projects/My Websites/Teacherpedia/4.0 CI teacherpedia 1.1/Teacherpedia/ci4/app/Controllers/BaseController.php(105): CodeIgniter\Debug\Exceptions->errorHandler(4096, 'Object of class...', '/Users/markpear...', 105, Array)
#1 /Users/markpearson/Google Drive/Documents/Projects/My Websites/Teacherpedia/4.0 CI teacherpedia 1.1/Teacherpedia/ci4/system/CodeIgniter.php(887): App\Controllers\BaseController->initController(Object(CodeIgniter\HTTP\IncomingRequest), Object(CodeIgniter\HTTP\Response), Object(CodeIgniter\Log\Logger))
#2 /Users/markpearson/Google Drive/Documents/Projects/My Websites/Teacherpedia/4.0 CI teacherpedia 1.1/Teacherpedia/ci4/system/CodeIgniter.php(395): CodeIgniter\CodeIgniter->createController()
#3 /Users/markpearson/Google Drive/Documents/Projects/My Websites/Teacherpedia/4.0 CI teacherpedia 1.1/Teacherpedia/ci4/system/CodeIgniter.php(308): CodeIgniter\CodeIgniter->handleRequest(NULL, Object(Config\Cache), false)
#4 /Users/markpearson/Google Drive/Documents/Projects/My Websites/Teacherpedia/4.0 CI teacherpedia 1.1/Teacherpedia/public_html/index.php(45): CodeIgniter\CodeIgniter->run()
#5 {main}
CRITICAL - 2020-09-05 07:03:17 --> Object of class CodeIgniter\HTTP\Response could not be converted to string
#0 /Users/markpearson/Google Drive/Documents/Projects/My Websites/Teacherpedia/4.0 CI teacherpedia 1.1/Teacherpedia/ci4/app/Controllers/BaseController.php(105): CodeIgniter\Debug\Exceptions->errorHandler(4096, 'Object of class...', '/Users/markpear...', 105, Array)
#1 /Users/markpearson/Google Drive/Documents/Projects/My Websites/Teacherpedia/4.0 CI teacherpedia 1.1/Teacherpedia/ci4/system/CodeIgniter.php(887): App\Controllers\BaseController->initController(Object(CodeIgniter\HTTP\IncomingRequest), Object(CodeIgniter\HTTP\Response), Object(CodeIgniter\Log\Logger))
#2 /Users/markpearson/Google Drive/Documents/Projects/My Websites/Teacherpedia/4.0 CI teacherpedia 1.1/Teacherpedia/ci4/system/CodeIgniter.php(395): CodeIgniter\CodeIgniter->createController()
#3 /Users/markpearson/Google Drive/Documents/Projects/My Websites/Teacherpedia/4.0 CI teacherpedia 1.1/Teacherpedia/ci4/system/CodeIgniter.php(308): CodeIgniter\CodeIgniter->handleRequest(NULL, Object(Config\Cache), false)
#4 /Users/markpearson/Google Drive/Documents/Projects/My Websites/Teacherpedia/4.0 CI teacherpedia 1.1/Teacherpedia/public_html/index.php(45): CodeIgniter\CodeIgniter->run()
#5 {main}
CRITICAL - 2020-09-05 07:03:24 --> Object of class CodeIgniter\HTTP\Response could not be converted to string
#0 /Users/markpearson/Google Drive/Documents/Projects/My Websites/Teacherpedia/4.0 CI teacherpedia 1.1/Teacherpedia/ci4/app/Controllers/BaseController.php(105): CodeIgniter\Debug\Exceptions->errorHandler(4096, 'Object of class...', '/Users/markpear...', 105, Array)
#1 /Users/markpearson/Google Drive/Documents/Projects/My Websites/Teacherpedia/4.0 CI teacherpedia 1.1/Teacherpedia/ci4/system/CodeIgniter.php(887): App\Controllers\BaseController->initController(Object(CodeIgniter\HTTP\IncomingRequest), Object(CodeIgniter\HTTP\Response), Object(CodeIgniter\Log\Logger))
#2 /Users/markpearson/Google Drive/Documents/Projects/My Websites/Teacherpedia/4.0 CI teacherpedia 1.1/Teacherpedia/ci4/system/CodeIgniter.php(395): CodeIgniter\CodeIgniter->createController()
#3 /Users/markpearson/Google Drive/Documents/Projects/My Websites/Teacherpedia/4.0 CI teacherpedia 1.1/Teacherpedia/ci4/system/CodeIgniter.php(308): CodeIgniter\CodeIgniter->handleRequest(NULL, Object(Config\Cache), false)
#4 /Users/markpearson/Google Drive/Documents/Projects/My Websites/Teacherpedia/4.0 CI teacherpedia 1.1/Teacherpedia/public_html/index.php(45): CodeIgniter\CodeIgniter->run()
#5 {main}
CRITICAL - 2020-09-05 07:03:59 --> Illegal offset type
#0 /Users/markpearson/Google Drive/Documents/Projects/My Websites/Teacherpedia/4.0 CI teacherpedia 1.1/Teacherpedia/ci4/system/HTTP/ContentSecurityPolicy.php(640): CodeIgniter\Debug\Exceptions->errorHandler(2, 'Illegal offset ...', '/Users/markpear...', 640, Array)
#1 /Users/markpearson/Google Drive/Documents/Projects/My Websites/Teacherpedia/4.0 CI teacherpedia 1.1/Teacherpedia/ci4/system/HTTP/ContentSecurityPolicy.php(578): CodeIgniter\HTTP\ContentSecurityPolicy->addOption(Array, 'scriptSrc', false)
#2 /Users/markpearson/Google Drive/Documents/Projects/My Websites/Teacherpedia/4.0 CI teacherpedia 1.1/Teacherpedia/ci4/app/Controllers/BaseController.php(104): CodeIgniter\HTTP\ContentSecurityPolicy->addScriptSrc(Array)
#3 /Users/markpearson/Google Drive/Documents/Projects/My Websites/Teacherpedia/4.0 CI teacherpedia 1.1/Teacherpedia/ci4/system/CodeIgniter.php(887): App\Controllers\BaseController->initController(Object(CodeIgniter\HTTP\IncomingRequest), Object(CodeIgniter\HTTP\Response), Object(CodeIgniter\Log\Logger))
#4 /Users/markpearson/Google Drive/Documents/Projects/My Websites/Teacherpedia/4.0 CI teacherpedia 1.1/Teacherpedia/ci4/system/CodeIgniter.php(395): CodeIgniter\CodeIgniter->createController()
#5 /Users/markpearson/Google Drive/Documents/Projects/My Websites/Teacherpedia/4.0 CI teacherpedia 1.1/Teacherpedia/ci4/system/CodeIgniter.php(308): CodeIgniter\CodeIgniter->handleRequest(NULL, Object(Config\Cache), false)
#6 /Users/markpearson/Google Drive/Documents/Projects/My Websites/Teacherpedia/4.0 CI teacherpedia 1.1/Teacherpedia/public_html/index.php(45): CodeIgniter\CodeIgniter->run()
#7 {main}
CRITICAL - 2020-09-05 07:09:45 --> php_network_getaddresses: getaddrinfo failed: nodename nor servname provided, or not known
#0 /Users/markpearson/Google Drive/Documents/Projects/My Websites/Teacherpedia/4.0 CI teacherpedia 1.1/Teacherpedia/ci4/system/Database/BaseConnection.php(377): CodeIgniter\Database\MySQLi\Connection->connect(true)
#1 /Users/markpearson/Google Drive/Documents/Projects/My Websites/Teacherpedia/4.0 CI teacherpedia 1.1/Teacherpedia/ci4/system/Database/BaseConnection.php(643): CodeIgniter\Database\BaseConnection->initialize()
#2 /Users/markpearson/Google Drive/Documents/Projects/My Websites/Teacherpedia/4.0 CI teacherpedia 1.1/Teacherpedia/ci4/system/Database/BaseBuilder.php(1845): CodeIgniter\Database\BaseConnection->query('SELECT *\nFROM `...', Array, false)
#3 /Users/markpearson/Google Drive/Documents/Projects/My Websites/Teacherpedia/4.0 CI teacherpedia 1.1/Teacherpedia/ci4/app/Models/ResourcesModel.php(17): CodeIgniter\Database\BaseBuilder->get(10)
#4 /Users/markpearson/Google Drive/Documents/Projects/My Websites/Teacherpedia/4.0 CI teacherpedia 1.1/Teacherpedia/ci4/app/Controllers/Home.php(28): App\Models\ResourcesModel->load_latest_resources()
#5 /Users/markpearson/Google Drive/Documents/Projects/My Websites/Teacherpedia/4.0 CI teacherpedia 1.1/Teacherpedia/ci4/system/CodeIgniter.php(914): App\Controllers\Home->index()
#6 /Users/markpearson/Google Drive/Documents/Projects/My Websites/Teacherpedia/4.0 CI teacherpedia 1.1/Teacherpedia/ci4/system/CodeIgniter.php(400): CodeIgniter\CodeIgniter->runController(Object(App\Controllers\Home))
#7 /Users/markpearson/Google Drive/Documents/Projects/My Websites/Teacherpedia/4.0 CI teacherpedia 1.1/Teacherpedia/ci4/system/CodeIgniter.php(308): CodeIgniter\CodeIgniter->handleRequest(NULL, Object(Config\Cache), false)
#8 /Users/markpearson/Google Drive/Documents/Projects/My Websites/Teacherpedia/4.0 CI teacherpedia 1.1/Teacherpedia/public_html/index.php(45): CodeIgniter\CodeIgniter->run()
#9 {main}
CRITICAL - 2020-09-05 07:09:46 --> php_network_getaddresses: getaddrinfo failed: nodename nor servname provided, or not known
#0 /Users/markpearson/Google Drive/Documents/Projects/My Websites/Teacherpedia/4.0 CI teacherpedia 1.1/Teacherpedia/ci4/system/Database/BaseConnection.php(377): CodeIgniter\Database\MySQLi\Connection->connect(true)
#1 /Users/markpearson/Google Drive/Documents/Projects/My Websites/Teacherpedia/4.0 CI teacherpedia 1.1/Teacherpedia/ci4/system/Database/BaseConnection.php(643): CodeIgniter\Database\BaseConnection->initialize()
#2 /Users/markpearson/Google Drive/Documents/Projects/My Websites/Teacherpedia/4.0 CI teacherpedia 1.1/Teacherpedia/ci4/system/Database/BaseBuilder.php(1845): CodeIgniter\Database\BaseConnection->query('SELECT *\nFROM `...', Array, false)
#3 /Users/markpearson/Google Drive/Documents/Projects/My Websites/Teacherpedia/4.0 CI teacherpedia 1.1/Teacherpedia/ci4/app/Models/ResourcesModel.php(17): CodeIgniter\Database\BaseBuilder->get(10)
#4 /Users/markpearson/Google Drive/Documents/Projects/My Websites/Teacherpedia/4.0 CI teacherpedia 1.1/Teacherpedia/ci4/app/Controllers/Home.php(28): App\Models\ResourcesModel->load_latest_resources()
#5 /Users/markpearson/Google Drive/Documents/Projects/My Websites/Teacherpedia/4.0 CI teacherpedia 1.1/Teacherpedia/ci4/system/CodeIgniter.php(914): App\Controllers\Home->index()
#6 /Users/markpearson/Google Drive/Documents/Projects/My Websites/Teacherpedia/4.0 CI teacherpedia 1.1/Teacherpedia/ci4/system/CodeIgniter.php(400): CodeIgniter\CodeIgniter->runController(Object(App\Controllers\Home))
#7 /Users/markpearson/Google Drive/Documents/Projects/My Websites/Teacherpedia/4.0 CI teacherpedia 1.1/Teacherpedia/ci4/system/CodeIgniter.php(308): CodeIgniter\CodeIgniter->handleRequest(NULL, Object(Config\Cache), false)
#8 /Users/markpearson/Google Drive/Documents/Projects/My Websites/Teacherpedia/4.0 CI teacherpedia 1.1/Teacherpedia/public_html/index.php(45): CodeIgniter\CodeIgniter->run()
#9 {main}
CRITICAL - 2020-09-05 07:09:50 --> php_network_getaddresses: getaddrinfo failed: nodename nor servname provided, or not known
#0 /Users/markpearson/Google Drive/Documents/Projects/My Websites/Teacherpedia/4.0 CI teacherpedia 1.1/Teacherpedia/ci4/system/Database/BaseConnection.php(377): CodeIgniter\Database\MySQLi\Connection->connect(true)
#1 /Users/markpearson/Google Drive/Documents/Projects/My Websites/Teacherpedia/4.0 CI teacherpedia 1.1/Teacherpedia/ci4/system/Database/BaseConnection.php(643): CodeIgniter\Database\BaseConnection->initialize()
#2 /Users/markpearson/Google Drive/Documents/Projects/My Websites/Teacherpedia/4.0 CI teacherpedia 1.1/Teacherpedia/ci4/system/Database/BaseBuilder.php(1845): CodeIgniter\Database\BaseConnection->query('SELECT *\nFROM `...', Array, false)
#3 /Users/markpearson/Google Drive/Documents/Projects/My Websites/Teacherpedia/4.0 CI teacherpedia 1.1/Teacherpedia/ci4/app/Models/ResourcesModel.php(17): CodeIgniter\Database\BaseBuilder->get(10)
#4 /Users/markpearson/Google Drive/Documents/Projects/My Websites/Teacherpedia/4.0 CI teacherpedia 1.1/Teacherpedia/ci4/app/Controllers/Home.php(28): App\Models\ResourcesModel->load_latest_resources()
#5 /Users/markpearson/Google Drive/Documents/Projects/My Websites/Teacherpedia/4.0 CI teacherpedia 1.1/Teacherpedia/ci4/system/CodeIgniter.php(914): App\Controllers\Home->index()
#6 /Users/markpearson/Google Drive/Documents/Projects/My Websites/Teacherpedia/4.0 CI teacherpedia 1.1/Teacherpedia/ci4/system/CodeIgniter.php(400): CodeIgniter\CodeIgniter->runController(Object(App\Controllers\Home))
#7 /Users/markpearson/Google Drive/Documents/Projects/My Websites/Teacherpedia/4.0 CI teacherpedia 1.1/Teacherpedia/ci4/system/CodeIgniter.php(308): CodeIgniter\CodeIgniter->handleRequest(NULL, Object(Config\Cache), false)
#8 /Users/markpearson/Google Drive/Documents/Projects/My Websites/Teacherpedia/4.0 CI teacherpedia 1.1/Teacherpedia/public_html/index.php(45): CodeIgniter\CodeIgniter->run()
#9 {main}
CRITICAL - 2020-09-05 07:10:18 --> php_network_getaddresses: getaddrinfo failed: nodename nor servname provided, or not known
#0 /Users/markpearson/Google Drive/Documents/Projects/My Websites/Teacherpedia/4.0 CI teacherpedia 1.1/Teacherpedia/ci4/system/Database/BaseConnection.php(377): CodeIgniter\Database\MySQLi\Connection->connect(true)
#1 /Users/markpearson/Google Drive/Documents/Projects/My Websites/Teacherpedia/4.0 CI teacherpedia 1.1/Teacherpedia/ci4/system/Database/BaseConnection.php(643): CodeIgniter\Database\BaseConnection->initialize()
#2 /Users/markpearson/Google Drive/Documents/Projects/My Websites/Teacherpedia/4.0 CI teacherpedia 1.1/Teacherpedia/ci4/system/Database/BaseBuilder.php(1845): CodeIgniter\Database\BaseConnection->query('SELECT *\nFROM `...', Array, false)
#3 /Users/markpearson/Google Drive/Documents/Projects/My Websites/Teacherpedia/4.0 CI teacherpedia 1.1/Teacherpedia/ci4/app/Models/ResourcesModel.php(17): CodeIgniter\Database\BaseBuilder->get(10)
#4 /Users/markpearson/Google Drive/Documents/Projects/My Websites/Teacherpedia/4.0 CI teacherpedia 1.1/Teacherpedia/ci4/app/Controllers/Home.php(28): App\Models\ResourcesModel->load_latest_resources()
#5 /Users/markpearson/Google Drive/Documents/Projects/My Websites/Teacherpedia/4.0 CI teacherpedia 1.1/Teacherpedia/ci4/system/CodeIgniter.php(914): App\Controllers\Home->index()
#6 /Users/markpearson/Google Drive/Documents/Projects/My Websites/Teacherpedia/4.0 CI teacherpedia 1.1/Teacherpedia/ci4/system/CodeIgniter.php(400): CodeIgniter\CodeIgniter->runController(Object(App\Controllers\Home))
#7 /Users/markpearson/Google Drive/Documents/Projects/My Websites/Teacherpedia/4.0 CI teacherpedia 1.1/Teacherpedia/ci4/system/CodeIgniter.php(308): CodeIgniter\CodeIgniter->handleRequest(NULL, Object(Config\Cache), false)
#8 /Users/markpearson/Google Drive/Documents/Projects/My Websites/Teacherpedia/4.0 CI teacherpedia 1.1/Teacherpedia/public_html/index.php(45): CodeIgniter\CodeIgniter->run()
#9 {main}
CRITICAL - 2020-09-05 07:10:22 --> php_network_getaddresses: getaddrinfo failed: nodename nor servname provided, or not known
#0 /Users/markpearson/Google Drive/Documents/Projects/My Websites/Teacherpedia/4.0 CI teacherpedia 1.1/Teacherpedia/ci4/system/Database/BaseConnection.php(377): CodeIgniter\Database\MySQLi\Connection->connect(true)
#1 /Users/markpearson/Google Drive/Documents/Projects/My Websites/Teacherpedia/4.0 CI teacherpedia 1.1/Teacherpedia/ci4/system/Database/BaseConnection.php(643): CodeIgniter\Database\BaseConnection->initialize()
#2 /Users/markpearson/Google Drive/Documents/Projects/My Websites/Teacherpedia/4.0 CI teacherpedia 1.1/Teacherpedia/ci4/system/Database/BaseBuilder.php(1845): CodeIgniter\Database\BaseConnection->query('SELECT *\nFROM `...', Array, false)
#3 /Users/markpearson/Google Drive/Documents/Projects/My Websites/Teacherpedia/4.0 CI teacherpedia 1.1/Teacherpedia/ci4/app/Models/ResourcesModel.php(17): CodeIgniter\Database\BaseBuilder->get(10)
#4 /Users/markpearson/Google Drive/Documents/Projects/My Websites/Teacherpedia/4.0 CI teacherpedia 1.1/Teacherpedia/ci4/app/Controllers/Home.php(28): App\Models\ResourcesModel->load_latest_resources()
#5 /Users/markpearson/Google Drive/Documents/Projects/My Websites/Teacherpedia/4.0 CI teacherpedia 1.1/Teacherpedia/ci4/system/CodeIgniter.php(914): App\Controllers\Home->index()
#6 /Users/markpearson/Google Drive/Documents/Projects/My Websites/Teacherpedia/4.0 CI teacherpedia 1.1/Teacherpedia/ci4/system/CodeIgniter.php(400): CodeIgniter\CodeIgniter->runController(Object(App\Controllers\Home))
#7 /Users/markpearson/Google Drive/Documents/Projects/My Websites/Teacherpedia/4.0 CI teacherpedia 1.1/Teacherpedia/ci4/system/CodeIgniter.php(308): CodeIgniter\CodeIgniter->handleRequest(NULL, Object(Config\Cache), false)
#8 /Users/markpearson/Google Drive/Documents/Projects/My Websites/Teacherpedia/4.0 CI teacherpedia 1.1/Teacherpedia/public_html/index.php(45): CodeIgniter\CodeIgniter->run()
#9 {main}
CRITICAL - 2020-09-05 07:10:34 --> php_network_getaddresses: getaddrinfo failed: nodename nor servname provided, or not known
#0 /Users/markpearson/Google Drive/Documents/Projects/My Websites/Teacherpedia/4.0 CI teacherpedia 1.1/Teacherpedia/ci4/system/Database/BaseConnection.php(377): CodeIgniter\Database\MySQLi\Connection->connect(true)
#1 /Users/markpearson/Google Drive/Documents/Projects/My Websites/Teacherpedia/4.0 CI teacherpedia 1.1/Teacherpedia/ci4/system/Database/BaseConnection.php(643): CodeIgniter\Database\BaseConnection->initialize()
#2 /Users/markpearson/Google Drive/Documents/Projects/My Websites/Teacherpedia/4.0 CI teacherpedia 1.1/Teacherpedia/ci4/system/Database/BaseBuilder.php(1845): CodeIgniter\Database\BaseConnection->query('SELECT *\nFROM `...', Array, false)
#3 /Users/markpearson/Google Drive/Documents/Projects/My Websites/Teacherpedia/4.0 CI teacherpedia 1.1/Teacherpedia/ci4/app/Models/ResourcesModel.php(17): CodeIgniter\Database\BaseBuilder->get(10)
#4 /Users/markpearson/Google Drive/Documents/Projects/My Websites/Teacherpedia/4.0 CI teacherpedia 1.1/Teacherpedia/ci4/app/Controllers/Home.php(28): App\Models\ResourcesModel->load_latest_resources()
#5 /Users/markpearson/Google Drive/Documents/Projects/My Websites/Teacherpedia/4.0 CI teacherpedia 1.1/Teacherpedia/ci4/system/CodeIgniter.php(914): App\Controllers\Home->index()
#6 /Users/markpearson/Google Drive/Documents/Projects/My Websites/Teacherpedia/4.0 CI teacherpedia 1.1/Teacherpedia/ci4/system/CodeIgniter.php(400): CodeIgniter\CodeIgniter->runController(Object(App\Controllers\Home))
#7 /Users/markpearson/Google Drive/Documents/Projects/My Websites/Teacherpedia/4.0 CI teacherpedia 1.1/Teacherpedia/ci4/system/CodeIgniter.php(308): CodeIgniter\CodeIgniter->handleRequest(NULL, Object(Config\Cache), false)
#8 /Users/markpearson/Google Drive/Documents/Projects/My Websites/Teacherpedia/4.0 CI teacherpedia 1.1/Teacherpedia/public_html/index.php(45): CodeIgniter\CodeIgniter->run()
#9 {main}
CRITICAL - 2020-09-05 07:10:57 --> php_network_getaddresses: getaddrinfo failed: nodename nor servname provided, or not known
#0 /Users/markpearson/Google Drive/Documents/Projects/My Websites/Teacherpedia/4.0 CI teacherpedia 1.1/Teacherpedia/ci4/system/Database/BaseConnection.php(377): CodeIgniter\Database\MySQLi\Connection->connect(true)
#1 /Users/markpearson/Google Drive/Documents/Projects/My Websites/Teacherpedia/4.0 CI teacherpedia 1.1/Teacherpedia/ci4/system/Database/BaseConnection.php(643): CodeIgniter\Database\BaseConnection->initialize()
#2 /Users/markpearson/Google Drive/Documents/Projects/My Websites/Teacherpedia/4.0 CI teacherpedia 1.1/Teacherpedia/ci4/system/Database/BaseBuilder.php(1845): CodeIgniter\Database\BaseConnection->query('SELECT *\nFROM `...', Array, false)
#3 /Users/markpearson/Google Drive/Documents/Projects/My Websites/Teacherpedia/4.0 CI teacherpedia 1.1/Teacherpedia/ci4/app/Models/ResourcesModel.php(17): CodeIgniter\Database\BaseBuilder->get(10)
#4 /Users/markpearson/Google Drive/Documents/Projects/My Websites/Teacherpedia/4.0 CI teacherpedia 1.1/Teacherpedia/ci4/app/Controllers/Home.php(28): App\Models\ResourcesModel->load_latest_resources()
#5 /Users/markpearson/Google Drive/Documents/Projects/My Websites/Teacherpedia/4.0 CI teacherpedia 1.1/Teacherpedia/ci4/system/CodeIgniter.php(914): App\Controllers\Home->index('home/vision')
#6 /Users/markpearson/Google Drive/Documents/Projects/My Websites/Teacherpedia/4.0 CI teacherpedia 1.1/Teacherpedia/ci4/system/CodeIgniter.php(400): CodeIgniter\CodeIgniter->runController(Object(App\Controllers\Home))
#7 /Users/markpearson/Google Drive/Documents/Projects/My Websites/Teacherpedia/4.0 CI teacherpedia 1.1/Teacherpedia/ci4/system/CodeIgniter.php(308): CodeIgniter\CodeIgniter->handleRequest(NULL, Object(Config\Cache), false)
#8 /Users/markpearson/Google Drive/Documents/Projects/My Websites/Teacherpedia/4.0 CI teacherpedia 1.1/Teacherpedia/public_html/index.php(45): CodeIgniter\CodeIgniter->run()
#9 {main}
CRITICAL - 2020-09-05 07:12:29 --> php_network_getaddresses: getaddrinfo failed: nodename nor servname provided, or not known
#0 /Users/markpearson/Google Drive/Documents/Projects/My Websites/Teacherpedia/4.0 CI teacherpedia 1.1/Teacherpedia/ci4/system/Database/BaseConnection.php(377): CodeIgniter\Database\MySQLi\Connection->connect(true)
#1 /Users/markpearson/Google Drive/Documents/Projects/My Websites/Teacherpedia/4.0 CI teacherpedia 1.1/Teacherpedia/ci4/system/Database/BaseConnection.php(643): CodeIgniter\Database\BaseConnection->initialize()
#2 /Users/markpearson/Google Drive/Documents/Projects/My Websites/Teacherpedia/4.0 CI teacherpedia 1.1/Teacherpedia/ci4/system/Database/BaseBuilder.php(2004): CodeIgniter\Database\BaseConnection->query('SELECT *\nFROM `...', Array, false)
#3 /Users/markpearson/Google Drive/Documents/Projects/My Websites/Teacherpedia/4.0 CI teacherpedia 1.1/Teacherpedia/ci4/app/Models/ResourcesModel.php(45): CodeIgniter\Database\BaseBuilder->getWhere(Array)
#4 /Users/markpearson/Google Drive/Documents/Projects/My Websites/Teacherpedia/4.0 CI teacherpedia 1.1/Teacherpedia/ci4/app/Controllers/Admin/Resources.php(72): App\Models\ResourcesModel->edit_resource('789')
#5 /Users/markpearson/Google Drive/Documents/Projects/My Websites/Teacherpedia/4.0 CI teacherpedia 1.1/Teacherpedia/ci4/system/CodeIgniter.php(914): App\Controllers\Admin\Resources->edit_resource('789')
#6 /Users/markpearson/Google Drive/Documents/Projects/My Websites/Teacherpedia/4.0 CI teacherpedia 1.1/Teacherpedia/ci4/system/CodeIgniter.php(400): CodeIgniter\CodeIgniter->runController(Object(App\Controllers\Admin\Resources))
#7 /Users/markpearson/Google Drive/Documents/Projects/My Websites/Teacherpedia/4.0 CI teacherpedia 1.1/Teacherpedia/ci4/system/CodeIgniter.php(308): CodeIgniter\CodeIgniter->handleRequest(NULL, Object(Config\Cache), false)
#8 /Users/markpearson/Google Drive/Documents/Projects/My Websites/Teacherpedia/4.0 CI teacherpedia 1.1/Teacherpedia/public_html/index.php(45): CodeIgniter\CodeIgniter->run()
#9 {main}
CRITICAL - 2020-09-05 07:12:39 --> php_network_getaddresses: getaddrinfo failed: nodename nor servname provided, or not known
#0 /Users/markpearson/Google Drive/Documents/Projects/My Websites/Teacherpedia/4.0 CI teacherpedia 1.1/Teacherpedia/ci4/system/Database/BaseConnection.php(377): CodeIgniter\Database\MySQLi\Connection->connect(true)
#1 /Users/markpearson/Google Drive/Documents/Projects/My Websites/Teacherpedia/4.0 CI teacherpedia 1.1/Teacherpedia/ci4/system/Database/BaseConnection.php(643): CodeIgniter\Database\BaseConnection->initialize()
#2 /Users/markpearson/Google Drive/Documents/Projects/My Websites/Teacherpedia/4.0 CI teacherpedia 1.1/Teacherpedia/ci4/system/Database/BaseBuilder.php(2004): CodeIgniter\Database\BaseConnection->query('SELECT *\nFROM `...', Array, false)
#3 /Users/markpearson/Google Drive/Documents/Projects/My Websites/Teacherpedia/4.0 CI teacherpedia 1.1/Teacherpedia/ci4/app/Models/ResourcesModel.php(45): CodeIgniter\Database\BaseBuilder->getWhere(Array)
#4 /Users/markpearson/Google Drive/Documents/Projects/My Websites/Teacherpedia/4.0 CI teacherpedia 1.1/Teacherpedia/ci4/app/Controllers/Admin/Resources.php(72): App\Models\ResourcesModel->edit_resource('789')
#5 /Users/markpearson/Google Drive/Documents/Projects/My Websites/Teacherpedia/4.0 CI teacherpedia 1.1/Teacherpedia/ci4/system/CodeIgniter.php(914): App\Controllers\Admin\Resources->edit_resource('789')
#6 /Users/markpearson/Google Drive/Documents/Projects/My Websites/Teacherpedia/4.0 CI teacherpedia 1.1/Teacherpedia/ci4/system/CodeIgniter.php(400): CodeIgniter\CodeIgniter->runController(Object(App\Controllers\Admin\Resources))
#7 /Users/markpearson/Google Drive/Documents/Projects/My Websites/Teacherpedia/4.0 CI teacherpedia 1.1/Teacherpedia/ci4/system/CodeIgniter.php(308): CodeIgniter\CodeIgniter->handleRequest(NULL, Object(Config\Cache), false)
#8 /Users/markpearson/Google Drive/Documents/Projects/My Websites/Teacherpedia/4.0 CI teacherpedia 1.1/Teacherpedia/public_html/index.php(45): CodeIgniter\CodeIgniter->run()
#9 {main}
CRITICAL - 2020-09-05 07:12:48 --> php_network_getaddresses: getaddrinfo failed: nodename nor servname provided, or not known
#0 /Users/markpearson/Google Drive/Documents/Projects/My Websites/Teacherpedia/4.0 CI teacherpedia 1.1/Teacherpedia/ci4/system/Database/BaseConnection.php(377): CodeIgniter\Database\MySQLi\Connection->connect(true)
#1 /Users/markpearson/Google Drive/Documents/Projects/My Websites/Teacherpedia/4.0 CI teacherpedia 1.1/Teacherpedia/ci4/system/Database/BaseConnection.php(643): CodeIgniter\Database\BaseConnection->initialize()
#2 /Users/markpearson/Google Drive/Documents/Projects/My Websites/Teacherpedia/4.0 CI teacherpedia 1.1/Teacherpedia/ci4/system/Database/BaseBuilder.php(2004): CodeIgniter\Database\BaseConnection->query('SELECT *\nFROM `...', Array, false)
#3 /Users/markpearson/Google Drive/Documents/Projects/My Websites/Teacherpedia/4.0 CI teacherpedia 1.1/Teacherpedia/ci4/app/Models/ResourcesModel.php(45): CodeIgniter\Database\BaseBuilder->getWhere(Array)
#4 /Users/markpearson/Google Drive/Documents/Projects/My Websites/Teacherpedia/4.0 CI teacherpedia 1.1/Teacherpedia/ci4/app/Controllers/Admin/Resources.php(72): App\Models\ResourcesModel->edit_resource('789')
#5 /Users/markpearson/Google Drive/Documents/Projects/My Websites/Teacherpedia/4.0 CI teacherpedia 1.1/Teacherpedia/ci4/system/CodeIgniter.php(914): App\Controllers\Admin\Resources->edit_resource('789')
#6 /Users/markpearson/Google Drive/Documents/Projects/My Websites/Teacherpedia/4.0 CI teacherpedia 1.1/Teacherpedia/ci4/system/CodeIgniter.php(400): CodeIgniter\CodeIgniter->runController(Object(App\Controllers\Admin\Resources))
#7 /Users/markpearson/Google Drive/Documents/Projects/My Websites/Teacherpedia/4.0 CI teacherpedia 1.1/Teacherpedia/ci4/system/CodeIgniter.php(308): CodeIgniter\CodeIgniter->handleRequest(NULL, Object(Config\Cache), false)
#8 /Users/markpearson/Google Drive/Documents/Projects/My Websites/Teacherpedia/4.0 CI teacherpedia 1.1/Teacherpedia/public_html/index.php(45): CodeIgniter\CodeIgniter->run()
#9 {main}
CRITICAL - 2020-09-05 07:13:09 --> Undefined variable: row
#0 /Users/markpearson/Google Drive/Documents/Projects/My Websites/Teacherpedia/4.0 CI teacherpedia 1.1/Teacherpedia/ci4/app/Views/admin/resources/form_edit.php(28): CodeIgniter\Debug\Exceptions->errorHandler(8, 'Undefined varia...', '/Users/markpear...', 28, Array)
#1 /Users/markpearson/Google Drive/Documents/Projects/My Websites/Teacherpedia/4.0 CI teacherpedia 1.1/Teacherpedia/ci4/system/View/View.php(246): include('/Users/markpear...')
#2 /Users/markpearson/Google Drive/Documents/Projects/My Websites/Teacherpedia/4.0 CI teacherpedia 1.1/Teacherpedia/ci4/system/Common.php(1087): CodeIgniter\View\View->render('admin/resources...', Array, true)
#3 /Users/markpearson/Google Drive/Documents/Projects/My Websites/Teacherpedia/4.0 CI teacherpedia 1.1/Teacherpedia/ci4/app/Controllers/Admin/Resources.php(97): view('admin/resources...', Array)
#4 /Users/markpearson/Google Drive/Documents/Projects/My Websites/Teacherpedia/4.0 CI teacherpedia 1.1/Teacherpedia/ci4/system/CodeIgniter.php(914): App\Controllers\Admin\Resources->edit_resource('assets', 'css', 'dashboard', 'css', 'js.js')
#5 /Users/markpearson/Google Drive/Documents/Projects/My Websites/Teacherpedia/4.0 CI teacherpedia 1.1/Teacherpedia/ci4/system/CodeIgniter.php(400): CodeIgniter\CodeIgniter->runController(Object(App\Controllers\Admin\Resources))
#6 /Users/markpearson/Google Drive/Documents/Projects/My Websites/Teacherpedia/4.0 CI teacherpedia 1.1/Teacherpedia/ci4/system/CodeIgniter.php(308): CodeIgniter\CodeIgniter->handleRequest(NULL, Object(Config\Cache), false)
#7 /Users/markpearson/Google Drive/Documents/Projects/My Websites/Teacherpedia/4.0 CI teacherpedia 1.1/Teacherpedia/public_html/index.php(45): CodeIgniter\CodeIgniter->run()
#8 {main}
CRITICAL - 2020-09-05 07:13:36 --> php_network_getaddresses: getaddrinfo failed: nodename nor servname provided, or not known
#0 /Users/markpearson/Google Drive/Documents/Projects/My Websites/Teacherpedia/4.0 CI teacherpedia 1.1/Teacherpedia/ci4/system/Database/BaseConnection.php(377): CodeIgniter\Database\MySQLi\Connection->connect(true)
#1 /Users/markpearson/Google Drive/Documents/Projects/My Websites/Teacherpedia/4.0 CI teacherpedia 1.1/Teacherpedia/ci4/system/Database/BaseConnection.php(643): CodeIgniter\Database\BaseConnection->initialize()
#2 /Users/markpearson/Google Drive/Documents/Projects/My Websites/Teacherpedia/4.0 CI teacherpedia 1.1/Teacherpedia/ci4/system/Database/BaseBuilder.php(1845): CodeIgniter\Database\BaseConnection->query('SELECT *\nFROM `...', Array, false)
#3 /Users/markpearson/Google Drive/Documents/Projects/My Websites/Teacherpedia/4.0 CI teacherpedia 1.1/Teacherpedia/ci4/app/Models/ResourcesModel.php(17): CodeIgniter\Database\BaseBuilder->get(10)
#4 /Users/markpearson/Google Drive/Documents/Projects/My Websites/Teacherpedia/4.0 CI teacherpedia 1.1/Teacherpedia/ci4/app/Controllers/Home.php(28): App\Models\ResourcesModel->load_latest_resources()
#5 /Users/markpearson/Google Drive/Documents/Projects/My Websites/Teacherpedia/4.0 CI teacherpedia 1.1/Teacherpedia/ci4/system/CodeIgniter.php(914): App\Controllers\Home->index()
#6 /Users/markpearson/Google Drive/Documents/Projects/My Websites/Teacherpedia/4.0 CI teacherpedia 1.1/Teacherpedia/ci4/system/CodeIgniter.php(400): CodeIgniter\CodeIgniter->runController(Object(App\Controllers\Home))
#7 /Users/markpearson/Google Drive/Documents/Projects/My Websites/Teacherpedia/4.0 CI teacherpedia 1.1/Teacherpedia/ci4/system/CodeIgniter.php(308): CodeIgniter\CodeIgniter->handleRequest(NULL, Object(Config\Cache), false)
#8 /Users/markpearson/Google Drive/Documents/Projects/My Websites/Teacherpedia/4.0 CI teacherpedia 1.1/Teacherpedia/public_html/index.php(45): CodeIgniter\CodeIgniter->run()
#9 {main}
CRITICAL - 2020-09-05 12:18:47 --> php_network_getaddresses: getaddrinfo failed: nodename nor servname provided, or not known
#0 /Users/markpearson/Google Drive/Documents/Projects/My Websites/Teacherpedia/4.0 CI teacherpedia 1.1/Teacherpedia/ci4/system/Database/BaseConnection.php(377): CodeIgniter\Database\MySQLi\Connection->connect(true)
#1 /Users/markpearson/Google Drive/Documents/Projects/My Websites/Teacherpedia/4.0 CI teacherpedia 1.1/Teacherpedia/ci4/system/Database/BaseConnection.php(643): CodeIgniter\Database\BaseConnection->initialize()
#2 /Users/markpearson/Google Drive/Documents/Projects/My Websites/Teacherpedia/4.0 CI teacherpedia 1.1/Teacherpedia/ci4/system/Database/BaseBuilder.php(1845): CodeIgniter\Database\BaseConnection->query('SELECT *\nFROM `...', Array, false)
#3 /Users/markpearson/Google Drive/Documents/Projects/My Websites/Teacherpedia/4.0 CI teacherpedia 1.1/Teacherpedia/ci4/app/Models/ResourcesModel.php(17): CodeIgniter\Database\BaseBuilder->get(10)
#4 /Users/markpearson/Google Drive/Documents/Projects/My Websites/Teacherpedia/4.0 CI teacherpedia 1.1/Teacherpedia/ci4/app/Controllers/Home.php(28): App\Models\ResourcesModel->load_latest_resources()
#5 /Users/markpearson/Google Drive/Documents/Projects/My Websites/Teacherpedia/4.0 CI teacherpedia 1.1/Teacherpedia/ci4/system/CodeIgniter.php(914): App\Controllers\Home->index()
#6 /Users/markpearson/Google Drive/Documents/Projects/My Websites/Teacherpedia/4.0 CI teacherpedia 1.1/Teacherpedia/ci4/system/CodeIgniter.php(400): CodeIgniter\CodeIgniter->runController(Object(App\Controllers\Home))
#7 /Users/markpearson/Google Drive/Documents/Projects/My Websites/Teacherpedia/4.0 CI teacherpedia 1.1/Teacherpedia/ci4/system/CodeIgniter.php(308): CodeIgniter\CodeIgniter->handleRequest(NULL, Object(Config\Cache), false)
#8 /Users/markpearson/Google Drive/Documents/Projects/My Websites/Teacherpedia/4.0 CI teacherpedia 1.1/Teacherpedia/public_html/index.php(45): CodeIgniter\CodeIgniter->run()
#9 {main}
CRITICAL - 2020-09-05 12:18:54 --> php_network_getaddresses: getaddrinfo failed: nodename nor servname provided, or not known
#0 /Users/markpearson/Google Drive/Documents/Projects/My Websites/Teacherpedia/4.0 CI teacherpedia 1.1/Teacherpedia/ci4/system/Database/BaseConnection.php(377): CodeIgniter\Database\MySQLi\Connection->connect(true)
#1 /Users/markpearson/Google Drive/Documents/Projects/My Websites/Teacherpedia/4.0 CI teacherpedia 1.1/Teacherpedia/ci4/system/Database/BaseConnection.php(643): CodeIgniter\Database\BaseConnection->initialize()
#2 /Users/markpearson/Google Drive/Documents/Projects/My Websites/Teacherpedia/4.0 CI teacherpedia 1.1/Teacherpedia/ci4/system/Database/BaseBuilder.php(1845): CodeIgniter\Database\BaseConnection->query('SELECT *\nFROM `...', Array, false)
#3 /Users/markpearson/Google Drive/Documents/Projects/My Websites/Teacherpedia/4.0 CI teacherpedia 1.1/Teacherpedia/ci4/app/Models/ResourcesModel.php(17): CodeIgniter\Database\BaseBuilder->get(10)
#4 /Users/markpearson/Google Drive/Documents/Projects/My Websites/Teacherpedia/4.0 CI teacherpedia 1.1/Teacherpedia/ci4/app/Controllers/Home.php(28): App\Models\ResourcesModel->load_latest_resources()
#5 /Users/markpearson/Google Drive/Documents/Projects/My Websites/Teacherpedia/4.0 CI teacherpedia 1.1/Teacherpedia/ci4/system/CodeIgniter.php(914): App\Controllers\Home->index()
#6 /Users/markpearson/Google Drive/Documents/Projects/My Websites/Teacherpedia/4.0 CI teacherpedia 1.1/Teacherpedia/ci4/system/CodeIgniter.php(400): CodeIgniter\CodeIgniter->runController(Object(App\Controllers\Home))
#7 /Users/markpearson/Google Drive/Documents/Projects/My Websites/Teacherpedia/4.0 CI teacherpedia 1.1/Teacherpedia/ci4/system/CodeIgniter.php(308): CodeIgniter\CodeIgniter->handleRequest(NULL, Object(Config\Cache), false)
#8 /Users/markpearson/Google Drive/Documents/Projects/My Websites/Teacherpedia/4.0 CI teacherpedia 1.1/Teacherpedia/public_html/index.php(45): CodeIgniter\CodeIgniter->run()
#9 {main}
CRITICAL - 2020-09-05 12:20:20 --> development is not a valid database connection group.
#0 /Users/markpearson/Google Drive/Documents/Projects/My Websites/Teacherpedia/4.0 CI teacherpedia 1.1/Teacherpedia/ci4/system/Model.php(336): CodeIgniter\Database\Config::connect('development')
#1 /Users/markpearson/Google Drive/Documents/Projects/My Websites/Teacherpedia/4.0 CI teacherpedia 1.1/Teacherpedia/ci4/app/Controllers/Home.php(26): CodeIgniter\Model->__construct()
#2 /Users/markpearson/Google Drive/Documents/Projects/My Websites/Teacherpedia/4.0 CI teacherpedia 1.1/Teacherpedia/ci4/system/CodeIgniter.php(914): App\Controllers\Home->index()
#3 /Users/markpearson/Google Drive/Documents/Projects/My Websites/Teacherpedia/4.0 CI teacherpedia 1.1/Teacherpedia/ci4/system/CodeIgniter.php(400): CodeIgniter\CodeIgniter->runController(Object(App\Controllers\Home))
#4 /Users/markpearson/Google Drive/Documents/Projects/My Websites/Teacherpedia/4.0 CI teacherpedia 1.1/Teacherpedia/ci4/system/CodeIgniter.php(308): CodeIgniter\CodeIgniter->handleRequest(NULL, Object(Config\Cache), false)
#5 /Users/markpearson/Google Drive/Documents/Projects/My Websites/Teacherpedia/4.0 CI teacherpedia 1.1/Teacherpedia/public_html/index.php(45): CodeIgniter\CodeIgniter->run()
#6 {main}
CRITICAL - 2020-09-05 12:21:55 --> development is not a valid database connection group.
#0 /Users/markpearson/Google Drive/Documents/Projects/My Websites/Teacherpedia/4.0 CI teacherpedia 1.1/Teacherpedia/ci4/system/Model.php(336): CodeIgniter\Database\Config::connect('development')
#1 /Users/markpearson/Google Drive/Documents/Projects/My Websites/Teacherpedia/4.0 CI teacherpedia 1.1/Teacherpedia/ci4/app/Controllers/Home.php(26): CodeIgniter\Model->__construct()
#2 /Users/markpearson/Google Drive/Documents/Projects/My Websites/Teacherpedia/4.0 CI teacherpedia 1.1/Teacherpedia/ci4/system/CodeIgniter.php(914): App\Controllers\Home->index()
#3 /Users/markpearson/Google Drive/Documents/Projects/My Websites/Teacherpedia/4.0 CI teacherpedia 1.1/Teacherpedia/ci4/system/CodeIgniter.php(400): CodeIgniter\CodeIgniter->runController(Object(App\Controllers\Home))
#4 /Users/markpearson/Google Drive/Documents/Projects/My Websites/Teacherpedia/4.0 CI teacherpedia 1.1/Teacherpedia/ci4/system/CodeIgniter.php(308): CodeIgniter\CodeIgniter->handleRequest(NULL, Object(Config\Cache), false)
#5 /Users/markpearson/Google Drive/Documents/Projects/My Websites/Teacherpedia/4.0 CI teacherpedia 1.1/Teacherpedia/public_html/index.php(45): CodeIgniter\CodeIgniter->run()
#6 {main}
CRITICAL - 2020-09-05 12:21:56 --> development is not a valid database connection group.
#0 /Users/markpearson/Google Drive/Documents/Projects/My Websites/Teacherpedia/4.0 CI teacherpedia 1.1/Teacherpedia/ci4/system/Model.php(336): CodeIgniter\Database\Config::connect('development')
#1 /Users/markpearson/Google Drive/Documents/Projects/My Websites/Teacherpedia/4.0 CI teacherpedia 1.1/Teacherpedia/ci4/app/Controllers/Home.php(26): CodeIgniter\Model->__construct()
#2 /Users/markpearson/Google Drive/Documents/Projects/My Websites/Teacherpedia/4.0 CI teacherpedia 1.1/Teacherpedia/ci4/system/CodeIgniter.php(914): App\Controllers\Home->index()
#3 /Users/markpearson/Google Drive/Documents/Projects/My Websites/Teacherpedia/4.0 CI teacherpedia 1.1/Teacherpedia/ci4/system/CodeIgniter.php(400): CodeIgniter\CodeIgniter->runController(Object(App\Controllers\Home))
#4 /Users/markpearson/Google Drive/Documents/Projects/My Websites/Teacherpedia/4.0 CI teacherpedia 1.1/Teacherpedia/ci4/system/CodeIgniter.php(308): CodeIgniter\CodeIgniter->handleRequest(NULL, Object(Config\Cache), false)
#5 /Users/markpearson/Google Drive/Documents/Projects/My Websites/Teacherpedia/4.0 CI teacherpedia 1.1/Teacherpedia/public_html/index.php(45): CodeIgniter\CodeIgniter->run()
#6 {main}
CRITICAL - 2020-09-05 12:22:10 --> You have not selected a database type to connect to.
#0 /Users/markpearson/Google Drive/Documents/Projects/My Websites/Teacherpedia/4.0 CI teacherpedia 1.1/Teacherpedia/ci4/system/Database/Config.php(109): CodeIgniter\Database\Database->load(Array, 'development')
#1 /Users/markpearson/Google Drive/Documents/Projects/My Websites/Teacherpedia/4.0 CI teacherpedia 1.1/Teacherpedia/ci4/system/Model.php(336): CodeIgniter\Database\Config::connect('development')
#2 /Users/markpearson/Google Drive/Documents/Projects/My Websites/Teacherpedia/4.0 CI teacherpedia 1.1/Teacherpedia/ci4/app/Controllers/Home.php(26): CodeIgniter\Model->__construct()
#3 /Users/markpearson/Google Drive/Documents/Projects/My Websites/Teacherpedia/4.0 CI teacherpedia 1.1/Teacherpedia/ci4/system/CodeIgniter.php(914): App\Controllers\Home->index()
#4 /Users/markpearson/Google Drive/Documents/Projects/My Websites/Teacherpedia/4.0 CI teacherpedia 1.1/Teacherpedia/ci4/system/CodeIgniter.php(400): CodeIgniter\CodeIgniter->runController(Object(App\Controllers\Home))
#5 /Users/markpearson/Google Drive/Documents/Projects/My Websites/Teacherpedia/4.0 CI teacherpedia 1.1/Teacherpedia/ci4/system/CodeIgniter.php(308): CodeIgniter\CodeIgniter->handleRequest(NULL, Object(Config\Cache), false)
#6 /Users/markpearson/Google Drive/Documents/Projects/My Websites/Teacherpedia/4.0 CI teacherpedia 1.1/Teacherpedia/public_html/index.php(45): CodeIgniter\CodeIgniter->run()
#7 {main}
CRITICAL - 2020-09-05 12:23:06 --> You have not selected a database type to connect to.
#0 /Users/markpearson/Google Drive/Documents/Projects/My Websites/Teacherpedia/4.0 CI teacherpedia 1.1/Teacherpedia/ci4/system/Database/Config.php(109): CodeIgniter\Database\Database->load(Array, 'development')
#1 /Users/markpearson/Google Drive/Documents/Projects/My Websites/Teacherpedia/4.0 CI teacherpedia 1.1/Teacherpedia/ci4/system/Model.php(336): CodeIgniter\Database\Config::connect('development')
#2 /Users/markpearson/Google Drive/Documents/Projects/My Websites/Teacherpedia/4.0 CI teacherpedia 1.1/Teacherpedia/ci4/app/Controllers/Home.php(26): CodeIgniter\Model->__construct()
#3 /Users/markpearson/Google Drive/Documents/Projects/My Websites/Teacherpedia/4.0 CI teacherpedia 1.1/Teacherpedia/ci4/system/CodeIgniter.php(914): App\Controllers\Home->index()
#4 /Users/markpearson/Google Drive/Documents/Projects/My Websites/Teacherpedia/4.0 CI teacherpedia 1.1/Teacherpedia/ci4/system/CodeIgniter.php(400): CodeIgniter\CodeIgniter->runController(Object(App\Controllers\Home))
#5 /Users/markpearson/Google Drive/Documents/Projects/My Websites/Teacherpedia/4.0 CI teacherpedia 1.1/Teacherpedia/ci4/system/CodeIgniter.php(308): CodeIgniter\CodeIgniter->handleRequest(NULL, Object(Config\Cache), false)
#6 /Users/markpearson/Google Drive/Documents/Projects/My Websites/Teacherpedia/4.0 CI teacherpedia 1.1/Teacherpedia/public_html/index.php(45): CodeIgniter\CodeIgniter->run()
#7 {main}
CRITICAL - 2020-09-05 12:23:19 --> You have not selected a database type to connect to.
#0 /Users/markpearson/Google Drive/Documents/Projects/My Websites/Teacherpedia/4.0 CI teacherpedia 1.1/Teacherpedia/ci4/system/Database/Config.php(109): CodeIgniter\Database\Database->load(Array, 'development')
#1 /Users/markpearson/Google Drive/Documents/Projects/My Websites/Teacherpedia/4.0 CI teacherpedia 1.1/Teacherpedia/ci4/system/Model.php(336): CodeIgniter\Database\Config::connect('development')
#2 /Users/markpearson/Google Drive/Documents/Projects/My Websites/Teacherpedia/4.0 CI teacherpedia 1.1/Teacherpedia/ci4/app/Controllers/Home.php(26): CodeIgniter\Model->__construct()
#3 /Users/markpearson/Google Drive/Documents/Projects/My Websites/Teacherpedia/4.0 CI teacherpedia 1.1/Teacherpedia/ci4/system/CodeIgniter.php(914): App\Controllers\Home->index()
#4 /Users/markpearson/Google Drive/Documents/Projects/My Websites/Teacherpedia/4.0 CI teacherpedia 1.1/Teacherpedia/ci4/system/CodeIgniter.php(400): CodeIgniter\CodeIgniter->runController(Object(App\Controllers\Home))
#5 /Users/markpearson/Google Drive/Documents/Projects/My Websites/Teacherpedia/4.0 CI teacherpedia 1.1/Teacherpedia/ci4/system/CodeIgniter.php(308): CodeIgniter\CodeIgniter->handleRequest(NULL, Object(Config\Cache), false)
#6 /Users/markpearson/Google Drive/Documents/Projects/My Websites/Teacherpedia/4.0 CI teacherpedia 1.1/Teacherpedia/public_html/index.php(45): CodeIgniter\CodeIgniter->run()
#7 {main}
CRITICAL - 2020-09-05 12:24:34 --> You have not selected a database type to connect to.
#0 /Users/markpearson/Google Drive/Documents/Projects/My Websites/Teacherpedia/4.0 CI teacherpedia 1.1/Teacherpedia/ci4/system/Database/Config.php(109): CodeIgniter\Database\Database->load(Array, 'development')
#1 /Users/markpearson/Google Drive/Documents/Projects/My Websites/Teacherpedia/4.0 CI teacherpedia 1.1/Teacherpedia/ci4/system/Model.php(336): CodeIgniter\Database\Config::connect('development')
#2 /Users/markpearson/Google Drive/Documents/Projects/My Websites/Teacherpedia/4.0 CI teacherpedia 1.1/Teacherpedia/ci4/app/Controllers/Home.php(26): CodeIgniter\Model->__construct()
#3 /Users/markpearson/Google Drive/Documents/Projects/My Websites/Teacherpedia/4.0 CI teacherpedia 1.1/Teacherpedia/ci4/system/CodeIgniter.php(914): App\Controllers\Home->index()
#4 /Users/markpearson/Google Drive/Documents/Projects/My Websites/Teacherpedia/4.0 CI teacherpedia 1.1/Teacherpedia/ci4/system/CodeIgniter.php(400): CodeIgniter\CodeIgniter->runController(Object(App\Controllers\Home))
#5 /Users/markpearson/Google Drive/Documents/Projects/My Websites/Teacherpedia/4.0 CI teacherpedia 1.1/Teacherpedia/ci4/system/CodeIgniter.php(308): CodeIgniter\CodeIgniter->handleRequest(NULL, Object(Config\Cache), false)
#6 /Users/markpearson/Google Drive/Documents/Projects/My Websites/Teacherpedia/4.0 CI teacherpedia 1.1/Teacherpedia/public_html/index.php(45): CodeIgniter\CodeIgniter->run()
#7 {main}
CRITICAL - 2020-09-05 12:24:35 --> You have not selected a database type to connect to.
#0 /Users/markpearson/Google Drive/Documents/Projects/My Websites/Teacherpedia/4.0 CI teacherpedia 1.1/Teacherpedia/ci4/system/Database/Config.php(109): CodeIgniter\Database\Database->load(Array, 'development')
#1 /Users/markpearson/Google Drive/Documents/Projects/My Websites/Teacherpedia/4.0 CI teacherpedia 1.1/Teacherpedia/ci4/system/Model.php(336): CodeIgniter\Database\Config::connect('development')
#2 /Users/markpearson/Google Drive/Documents/Projects/My Websites/Teacherpedia/4.0 CI teacherpedia 1.1/Teacherpedia/ci4/app/Controllers/Home.php(26): CodeIgniter\Model->__construct()
#3 /Users/markpearson/Google Drive/Documents/Projects/My Websites/Teacherpedia/4.0 CI teacherpedia 1.1/Teacherpedia/ci4/system/CodeIgniter.php(914): App\Controllers\Home->index()
#4 /Users/markpearson/Google Drive/Documents/Projects/My Websites/Teacherpedia/4.0 CI teacherpedia 1.1/Teacherpedia/ci4/system/CodeIgniter.php(400): CodeIgniter\CodeIgniter->runController(Object(App\Controllers\Home))
#5 /Users/markpearson/Google Drive/Documents/Projects/My Websites/Teacherpedia/4.0 CI teacherpedia 1.1/Teacherpedia/ci4/system/CodeIgniter.php(308): CodeIgniter\CodeIgniter->handleRequest(NULL, Object(Config\Cache), false)
#6 /Users/markpearson/Google Drive/Documents/Projects/My Websites/Teacherpedia/4.0 CI teacherpedia 1.1/Teacherpedia/public_html/index.php(45): CodeIgniter\CodeIgniter->run()
#7 {main}
