CRITICAL - 2020-09-06 07:43:21 --> Undefined variable: action
#0 /Users/markpearson/Google Drive/Documents/Projects/My Websites/Teacherpedia/4.0 CI teacherpedia 1.1/Teacherpedia/ci4/app/Views/index.php(1): CodeIgniter\Debug\Exceptions->errorHandler(8, 'Undefined varia...', '/Users/markpear...', 1, Array)
#1 /Users/markpearson/Google Drive/Documents/Projects/My Websites/Teacherpedia/4.0 CI teacherpedia 1.1/Teacherpedia/ci4/system/View/View.php(246): include('/Users/markpear...')
#2 /Users/markpearson/Google Drive/Documents/Projects/My Websites/Teacherpedia/4.0 CI teacherpedia 1.1/Teacherpedia/ci4/system/Common.php(1087): CodeIgniter\View\View->render('index', Array, true)
#3 /Users/markpearson/Google Drive/Documents/Projects/My Websites/Teacherpedia/4.0 CI teacherpedia 1.1/Teacherpedia/ci4/app/Controllers/Home.php(32): view('index', Array)
#4 /Users/markpearson/Google Drive/Documents/Projects/My Websites/Teacherpedia/4.0 CI teacherpedia 1.1/Teacherpedia/ci4/system/CodeIgniter.php(914): App\Controllers\Home->index()
#5 /Users/markpearson/Google Drive/Documents/Projects/My Websites/Teacherpedia/4.0 CI teacherpedia 1.1/Teacherpedia/ci4/system/CodeIgniter.php(400): CodeIgniter\CodeIgniter->runController(Object(App\Controllers\Home))
#6 /Users/markpearson/Google Drive/Documents/Projects/My Websites/Teacherpedia/4.0 CI teacherpedia 1.1/Teacherpedia/ci4/system/CodeIgniter.php(308): CodeIgniter\CodeIgniter->handleRequest(NULL, Object(Config\Cache), false)
#7 /Users/markpearson/Google Drive/Documents/Projects/My Websites/Teacherpedia/4.0 CI teacherpedia 1.1/Teacherpedia/public_html/index.php(45): CodeIgniter\CodeIgniter->run()
#8 {main}
CRITICAL - 2020-09-06 07:43:24 --> Undefined variable: action
#0 /Users/markpearson/Google Drive/Documents/Projects/My Websites/Teacherpedia/4.0 CI teacherpedia 1.1/Teacherpedia/ci4/app/Views/index.php(1): CodeIgniter\Debug\Exceptions->errorHandler(8, 'Undefined varia...', '/Users/markpear...', 1, Array)
#1 /Users/markpearson/Google Drive/Documents/Projects/My Websites/Teacherpedia/4.0 CI teacherpedia 1.1/Teacherpedia/ci4/system/View/View.php(246): include('/Users/markpear...')
#2 /Users/markpearson/Google Drive/Documents/Projects/My Websites/Teacherpedia/4.0 CI teacherpedia 1.1/Teacherpedia/ci4/system/Common.php(1087): CodeIgniter\View\View->render('index', Array, true)
#3 /Users/markpearson/Google Drive/Documents/Projects/My Websites/Teacherpedia/4.0 CI teacherpedia 1.1/Teacherpedia/ci4/app/Controllers/Home.php(32): view('index', Array)
#4 /Users/markpearson/Google Drive/Documents/Projects/My Websites/Teacherpedia/4.0 CI teacherpedia 1.1/Teacherpedia/ci4/system/CodeIgniter.php(914): App\Controllers\Home->index()
#5 /Users/markpearson/Google Drive/Documents/Projects/My Websites/Teacherpedia/4.0 CI teacherpedia 1.1/Teacherpedia/ci4/system/CodeIgniter.php(400): CodeIgniter\CodeIgniter->runController(Object(App\Controllers\Home))
#6 /Users/markpearson/Google Drive/Documents/Projects/My Websites/Teacherpedia/4.0 CI teacherpedia 1.1/Teacherpedia/ci4/system/CodeIgniter.php(308): CodeIgniter\CodeIgniter->handleRequest(NULL, Object(Config\Cache), false)
#7 /Users/markpearson/Google Drive/Documents/Projects/My Websites/Teacherpedia/4.0 CI teacherpedia 1.1/Teacherpedia/public_html/index.php(45): CodeIgniter\CodeIgniter->run()
#8 {main}
CRITICAL - 2020-09-06 07:43:25 --> Undefined variable: action
#0 /Users/markpearson/Google Drive/Documents/Projects/My Websites/Teacherpedia/4.0 CI teacherpedia 1.1/Teacherpedia/ci4/app/Views/index.php(1): CodeIgniter\Debug\Exceptions->errorHandler(8, 'Undefined varia...', '/Users/markpear...', 1, Array)
#1 /Users/markpearson/Google Drive/Documents/Projects/My Websites/Teacherpedia/4.0 CI teacherpedia 1.1/Teacherpedia/ci4/system/View/View.php(246): include('/Users/markpear...')
#2 /Users/markpearson/Google Drive/Documents/Projects/My Websites/Teacherpedia/4.0 CI teacherpedia 1.1/Teacherpedia/ci4/system/Common.php(1087): CodeIgniter\View\View->render('index', Array, true)
#3 /Users/markpearson/Google Drive/Documents/Projects/My Websites/Teacherpedia/4.0 CI teacherpedia 1.1/Teacherpedia/ci4/app/Controllers/Home.php(32): view('index', Array)
#4 /Users/markpearson/Google Drive/Documents/Projects/My Websites/Teacherpedia/4.0 CI teacherpedia 1.1/Teacherpedia/ci4/system/CodeIgniter.php(914): App\Controllers\Home->index()
#5 /Users/markpearson/Google Drive/Documents/Projects/My Websites/Teacherpedia/4.0 CI teacherpedia 1.1/Teacherpedia/ci4/system/CodeIgniter.php(400): CodeIgniter\CodeIgniter->runController(Object(App\Controllers\Home))
#6 /Users/markpearson/Google Drive/Documents/Projects/My Websites/Teacherpedia/4.0 CI teacherpedia 1.1/Teacherpedia/ci4/system/CodeIgniter.php(308): CodeIgniter\CodeIgniter->handleRequest(NULL, Object(Config\Cache), false)
#7 /Users/markpearson/Google Drive/Documents/Projects/My Websites/Teacherpedia/4.0 CI teacherpedia 1.1/Teacherpedia/public_html/index.php(45): CodeIgniter\CodeIgniter->run()
#8 {main}
CRITICAL - 2020-09-06 07:43:26 --> Undefined variable: action
#0 /Users/markpearson/Google Drive/Documents/Projects/My Websites/Teacherpedia/4.0 CI teacherpedia 1.1/Teacherpedia/ci4/app/Views/index.php(1): CodeIgniter\Debug\Exceptions->errorHandler(8, 'Undefined varia...', '/Users/markpear...', 1, Array)
#1 /Users/markpearson/Google Drive/Documents/Projects/My Websites/Teacherpedia/4.0 CI teacherpedia 1.1/Teacherpedia/ci4/system/View/View.php(246): include('/Users/markpear...')
#2 /Users/markpearson/Google Drive/Documents/Projects/My Websites/Teacherpedia/4.0 CI teacherpedia 1.1/Teacherpedia/ci4/system/Common.php(1087): CodeIgniter\View\View->render('index', Array, true)
#3 /Users/markpearson/Google Drive/Documents/Projects/My Websites/Teacherpedia/4.0 CI teacherpedia 1.1/Teacherpedia/ci4/app/Controllers/Home.php(32): view('index', Array)
#4 /Users/markpearson/Google Drive/Documents/Projects/My Websites/Teacherpedia/4.0 CI teacherpedia 1.1/Teacherpedia/ci4/system/CodeIgniter.php(914): App\Controllers\Home->index()
#5 /Users/markpearson/Google Drive/Documents/Projects/My Websites/Teacherpedia/4.0 CI teacherpedia 1.1/Teacherpedia/ci4/system/CodeIgniter.php(400): CodeIgniter\CodeIgniter->runController(Object(App\Controllers\Home))
#6 /Users/markpearson/Google Drive/Documents/Projects/My Websites/Teacherpedia/4.0 CI teacherpedia 1.1/Teacherpedia/ci4/system/CodeIgniter.php(308): CodeIgniter\CodeIgniter->handleRequest(NULL, Object(Config\Cache), false)
#7 /Users/markpearson/Google Drive/Documents/Projects/My Websites/Teacherpedia/4.0 CI teacherpedia 1.1/Teacherpedia/public_html/index.php(45): CodeIgniter\CodeIgniter->run()
#8 {main}
CRITICAL - 2020-09-06 07:43:42 --> Undefined variable: action
#0 /Users/markpearson/Google Drive/Documents/Projects/My Websites/Teacherpedia/4.0 CI teacherpedia 1.1/Teacherpedia/ci4/app/Views/index.php(1): CodeIgniter\Debug\Exceptions->errorHandler(8, 'Undefined varia...', '/Users/markpear...', 1, Array)
#1 /Users/markpearson/Google Drive/Documents/Projects/My Websites/Teacherpedia/4.0 CI teacherpedia 1.1/Teacherpedia/ci4/system/View/View.php(246): include('/Users/markpear...')
#2 /Users/markpearson/Google Drive/Documents/Projects/My Websites/Teacherpedia/4.0 CI teacherpedia 1.1/Teacherpedia/ci4/system/Common.php(1087): CodeIgniter\View\View->render('index', Array, true)
#3 /Users/markpearson/Google Drive/Documents/Projects/My Websites/Teacherpedia/4.0 CI teacherpedia 1.1/Teacherpedia/ci4/app/Controllers/Home.php(32): view('index', Array)
#4 /Users/markpearson/Google Drive/Documents/Projects/My Websites/Teacherpedia/4.0 CI teacherpedia 1.1/Teacherpedia/ci4/system/CodeIgniter.php(914): App\Controllers\Home->index()
#5 /Users/markpearson/Google Drive/Documents/Projects/My Websites/Teacherpedia/4.0 CI teacherpedia 1.1/Teacherpedia/ci4/system/CodeIgniter.php(400): CodeIgniter\CodeIgniter->runController(Object(App\Controllers\Home))
#6 /Users/markpearson/Google Drive/Documents/Projects/My Websites/Teacherpedia/4.0 CI teacherpedia 1.1/Teacherpedia/ci4/system/CodeIgniter.php(308): CodeIgniter\CodeIgniter->handleRequest(NULL, Object(Config\Cache), false)
#7 /Users/markpearson/Google Drive/Documents/Projects/My Websites/Teacherpedia/4.0 CI teacherpedia 1.1/Teacherpedia/public_html/index.php(45): CodeIgniter\CodeIgniter->run()
#8 {main}
CRITICAL - 2020-09-06 07:43:42 --> Undefined variable: action
#0 /Users/markpearson/Google Drive/Documents/Projects/My Websites/Teacherpedia/4.0 CI teacherpedia 1.1/Teacherpedia/ci4/app/Views/index.php(1): CodeIgniter\Debug\Exceptions->errorHandler(8, 'Undefined varia...', '/Users/markpear...', 1, Array)
#1 /Users/markpearson/Google Drive/Documents/Projects/My Websites/Teacherpedia/4.0 CI teacherpedia 1.1/Teacherpedia/ci4/system/View/View.php(246): include('/Users/markpear...')
#2 /Users/markpearson/Google Drive/Documents/Projects/My Websites/Teacherpedia/4.0 CI teacherpedia 1.1/Teacherpedia/ci4/system/Common.php(1087): CodeIgniter\View\View->render('index', Array, true)
#3 /Users/markpearson/Google Drive/Documents/Projects/My Websites/Teacherpedia/4.0 CI teacherpedia 1.1/Teacherpedia/ci4/app/Controllers/Home.php(32): view('index', Array)
#4 /Users/markpearson/Google Drive/Documents/Projects/My Websites/Teacherpedia/4.0 CI teacherpedia 1.1/Teacherpedia/ci4/system/CodeIgniter.php(914): App\Controllers\Home->index()
#5 /Users/markpearson/Google Drive/Documents/Projects/My Websites/Teacherpedia/4.0 CI teacherpedia 1.1/Teacherpedia/ci4/system/CodeIgniter.php(400): CodeIgniter\CodeIgniter->runController(Object(App\Controllers\Home))
#6 /Users/markpearson/Google Drive/Documents/Projects/My Websites/Teacherpedia/4.0 CI teacherpedia 1.1/Teacherpedia/ci4/system/CodeIgniter.php(308): CodeIgniter\CodeIgniter->handleRequest(NULL, Object(Config\Cache), false)
#7 /Users/markpearson/Google Drive/Documents/Projects/My Websites/Teacherpedia/4.0 CI teacherpedia 1.1/Teacherpedia/public_html/index.php(45): CodeIgniter\CodeIgniter->run()
#8 {main}
CRITICAL - 2020-09-06 07:52:08 --> include(year5table.html): failed to open stream: No such file or directory
#0 /Users/markpearson/Google Drive/Documents/Projects/My Websites/Teacherpedia/4.0 CI teacherpedia 1.1/Teacherpedia/resources/2020/06-07-90/07-13-44/index.php(18): CodeIgniter\Debug\Exceptions->errorHandler(2, 'include(year5ta...', '/Users/markpear...', 18, Array)
#1 /Users/markpearson/Google Drive/Documents/Projects/My Websites/Teacherpedia/4.0 CI teacherpedia 1.1/Teacherpedia/resources/2020/06-07-90/07-13-44/index.php(18): include()
#2 /Users/markpearson/Google Drive/Documents/Projects/My Websites/Teacherpedia/4.0 CI teacherpedia 1.1/Teacherpedia/ci4/system/View/View.php(246): include('/Users/markpear...')
#3 /Users/markpearson/Google Drive/Documents/Projects/My Websites/Teacherpedia/4.0 CI teacherpedia 1.1/Teacherpedia/ci4/system/Common.php(1087): CodeIgniter\View\View->render('../../../resour...', Array, true)
#4 /Users/markpearson/Google Drive/Documents/Projects/My Websites/Teacherpedia/4.0 CI teacherpedia 1.1/Teacherpedia/ci4/app/Controllers/Resources.php(93): view('../../../resour...', Array)
#5 /Users/markpearson/Google Drive/Documents/Projects/My Websites/Teacherpedia/4.0 CI teacherpedia 1.1/Teacherpedia/ci4/system/CodeIgniter.php(914): App\Controllers\Resources->load()
#6 /Users/markpearson/Google Drive/Documents/Projects/My Websites/Teacherpedia/4.0 CI teacherpedia 1.1/Teacherpedia/ci4/system/CodeIgniter.php(400): CodeIgniter\CodeIgniter->runController(Object(App\Controllers\Resources))
#7 /Users/markpearson/Google Drive/Documents/Projects/My Websites/Teacherpedia/4.0 CI teacherpedia 1.1/Teacherpedia/ci4/system/CodeIgniter.php(308): CodeIgniter\CodeIgniter->handleRequest(NULL, Object(Config\Cache), false)
#8 /Users/markpearson/Google Drive/Documents/Projects/My Websites/Teacherpedia/4.0 CI teacherpedia 1.1/Teacherpedia/public_html/index.php(45): CodeIgniter\CodeIgniter->run()
#9 {main}
CRITICAL - 2020-09-06 07:52:16 --> include(year5table.html): failed to open stream: No such file or directory
#0 /Users/markpearson/Google Drive/Documents/Projects/My Websites/Teacherpedia/4.0 CI teacherpedia 1.1/Teacherpedia/resources/2020/06-07-90/07-13-44/index.php(18): CodeIgniter\Debug\Exceptions->errorHandler(2, 'include(year5ta...', '/Users/markpear...', 18, Array)
#1 /Users/markpearson/Google Drive/Documents/Projects/My Websites/Teacherpedia/4.0 CI teacherpedia 1.1/Teacherpedia/resources/2020/06-07-90/07-13-44/index.php(18): include()
#2 /Users/markpearson/Google Drive/Documents/Projects/My Websites/Teacherpedia/4.0 CI teacherpedia 1.1/Teacherpedia/ci4/system/View/View.php(246): include('/Users/markpear...')
#3 /Users/markpearson/Google Drive/Documents/Projects/My Websites/Teacherpedia/4.0 CI teacherpedia 1.1/Teacherpedia/ci4/system/Common.php(1087): CodeIgniter\View\View->render('../../../resour...', Array, true)
#4 /Users/markpearson/Google Drive/Documents/Projects/My Websites/Teacherpedia/4.0 CI teacherpedia 1.1/Teacherpedia/ci4/app/Controllers/Resources.php(93): view('../../../resour...', Array)
#5 /Users/markpearson/Google Drive/Documents/Projects/My Websites/Teacherpedia/4.0 CI teacherpedia 1.1/Teacherpedia/ci4/system/CodeIgniter.php(914): App\Controllers\Resources->load()
#6 /Users/markpearson/Google Drive/Documents/Projects/My Websites/Teacherpedia/4.0 CI teacherpedia 1.1/Teacherpedia/ci4/system/CodeIgniter.php(400): CodeIgniter\CodeIgniter->runController(Object(App\Controllers\Resources))
#7 /Users/markpearson/Google Drive/Documents/Projects/My Websites/Teacherpedia/4.0 CI teacherpedia 1.1/Teacherpedia/ci4/system/CodeIgniter.php(308): CodeIgniter\CodeIgniter->handleRequest(NULL, Object(Config\Cache), false)
#8 /Users/markpearson/Google Drive/Documents/Projects/My Websites/Teacherpedia/4.0 CI teacherpedia 1.1/Teacherpedia/public_html/index.php(45): CodeIgniter\CodeIgniter->run()
#9 {main}
CRITICAL - 2020-09-06 07:57:33 --> include(year5table.html): failed to open stream: No such file or directory
#0 /Users/markpearson/Google Drive/Documents/Projects/My Websites/Teacherpedia/4.0 CI teacherpedia 1.1/Teacherpedia/resources/2020/06-07-90/07-13-44/index.php(18): CodeIgniter\Debug\Exceptions->errorHandler(2, 'include(year5ta...', '/Users/markpear...', 18, Array)
#1 /Users/markpearson/Google Drive/Documents/Projects/My Websites/Teacherpedia/4.0 CI teacherpedia 1.1/Teacherpedia/resources/2020/06-07-90/07-13-44/index.php(18): include()
#2 /Users/markpearson/Google Drive/Documents/Projects/My Websites/Teacherpedia/4.0 CI teacherpedia 1.1/Teacherpedia/ci4/system/View/View.php(246): include('/Users/markpear...')
#3 /Users/markpearson/Google Drive/Documents/Projects/My Websites/Teacherpedia/4.0 CI teacherpedia 1.1/Teacherpedia/ci4/system/Common.php(1087): CodeIgniter\View\View->render('../../../resour...', Array, true)
#4 /Users/markpearson/Google Drive/Documents/Projects/My Websites/Teacherpedia/4.0 CI teacherpedia 1.1/Teacherpedia/ci4/app/Controllers/Resources.php(93): view('../../../resour...', Array)
#5 /Users/markpearson/Google Drive/Documents/Projects/My Websites/Teacherpedia/4.0 CI teacherpedia 1.1/Teacherpedia/ci4/system/CodeIgniter.php(914): App\Controllers\Resources->load()
#6 /Users/markpearson/Google Drive/Documents/Projects/My Websites/Teacherpedia/4.0 CI teacherpedia 1.1/Teacherpedia/ci4/system/CodeIgniter.php(400): CodeIgniter\CodeIgniter->runController(Object(App\Controllers\Resources))
#7 /Users/markpearson/Google Drive/Documents/Projects/My Websites/Teacherpedia/4.0 CI teacherpedia 1.1/Teacherpedia/ci4/system/CodeIgniter.php(308): CodeIgniter\CodeIgniter->handleRequest(NULL, Object(Config\Cache), false)
#8 /Users/markpearson/Google Drive/Documents/Projects/My Websites/Teacherpedia/4.0 CI teacherpedia 1.1/Teacherpedia/public_html/index.php(45): CodeIgniter\CodeIgniter->run()
#9 {main}
CRITICAL - 2020-09-06 08:13:03 --> include(year5table.html): failed to open stream: No such file or directory
#0 /Users/markpearson/Google Drive/Documents/Projects/My Websites/Teacherpedia/4.0 CI teacherpedia 1.1/Teacherpedia/resources/2020/06-07-90/07-13-44/index.php(18): CodeIgniter\Debug\Exceptions->errorHandler(2, 'include(year5ta...', '/Users/markpear...', 18, Array)
#1 /Users/markpearson/Google Drive/Documents/Projects/My Websites/Teacherpedia/4.0 CI teacherpedia 1.1/Teacherpedia/resources/2020/06-07-90/07-13-44/index.php(18): include()
#2 /Users/markpearson/Google Drive/Documents/Projects/My Websites/Teacherpedia/4.0 CI teacherpedia 1.1/Teacherpedia/ci4/system/View/View.php(246): include('/Users/markpear...')
#3 /Users/markpearson/Google Drive/Documents/Projects/My Websites/Teacherpedia/4.0 CI teacherpedia 1.1/Teacherpedia/ci4/system/Common.php(1087): CodeIgniter\View\View->render('../../../resour...', Array, true)
#4 /Users/markpearson/Google Drive/Documents/Projects/My Websites/Teacherpedia/4.0 CI teacherpedia 1.1/Teacherpedia/ci4/app/Controllers/Resources.php(93): view('../../../resour...', Array)
#5 /Users/markpearson/Google Drive/Documents/Projects/My Websites/Teacherpedia/4.0 CI teacherpedia 1.1/Teacherpedia/ci4/system/CodeIgniter.php(914): App\Controllers\Resources->load()
#6 /Users/markpearson/Google Drive/Documents/Projects/My Websites/Teacherpedia/4.0 CI teacherpedia 1.1/Teacherpedia/ci4/system/CodeIgniter.php(400): CodeIgniter\CodeIgniter->runController(Object(App\Controllers\Resources))
#7 /Users/markpearson/Google Drive/Documents/Projects/My Websites/Teacherpedia/4.0 CI teacherpedia 1.1/Teacherpedia/ci4/system/CodeIgniter.php(308): CodeIgniter\CodeIgniter->handleRequest(NULL, Object(Config\Cache), false)
#8 /Users/markpearson/Google Drive/Documents/Projects/My Websites/Teacherpedia/4.0 CI teacherpedia 1.1/Teacherpedia/public_html/index.php(45): CodeIgniter\CodeIgniter->run()
#9 {main}
CRITICAL - 2020-09-06 09:02:53 --> Undefined index: resource_name
#0 /Users/markpearson/Google Drive/Documents/Projects/My Websites/Teacherpedia/4.0 CI teacherpedia 1.1/Teacherpedia/ci4/app/Controllers/Admin/Resources.php(257): CodeIgniter\Debug\Exceptions->errorHandler(8, 'Undefined index...', '/Users/markpear...', 257, Array)
#1 /Users/markpearson/Google Drive/Documents/Projects/My Websites/Teacherpedia/4.0 CI teacherpedia 1.1/Teacherpedia/ci4/system/CodeIgniter.php(914): App\Controllers\Admin\Resources->do_uploads()
#2 /Users/markpearson/Google Drive/Documents/Projects/My Websites/Teacherpedia/4.0 CI teacherpedia 1.1/Teacherpedia/ci4/system/CodeIgniter.php(400): CodeIgniter\CodeIgniter->runController(Object(App\Controllers\Admin\Resources))
#3 /Users/markpearson/Google Drive/Documents/Projects/My Websites/Teacherpedia/4.0 CI teacherpedia 1.1/Teacherpedia/ci4/system/CodeIgniter.php(308): CodeIgniter\CodeIgniter->handleRequest(NULL, Object(Config\Cache), false)
#4 /Users/markpearson/Google Drive/Documents/Projects/My Websites/Teacherpedia/4.0 CI teacherpedia 1.1/Teacherpedia/public_html/index.php(45): CodeIgniter\CodeIgniter->run()
#5 {main}
CRITICAL - 2020-09-06 09:03:40 --> Undefined index: resource_name
#0 /Users/markpearson/Google Drive/Documents/Projects/My Websites/Teacherpedia/4.0 CI teacherpedia 1.1/Teacherpedia/ci4/app/Controllers/Admin/Resources.php(257): CodeIgniter\Debug\Exceptions->errorHandler(8, 'Undefined index...', '/Users/markpear...', 257, Array)
#1 /Users/markpearson/Google Drive/Documents/Projects/My Websites/Teacherpedia/4.0 CI teacherpedia 1.1/Teacherpedia/ci4/system/CodeIgniter.php(914): App\Controllers\Admin\Resources->do_uploads()
#2 /Users/markpearson/Google Drive/Documents/Projects/My Websites/Teacherpedia/4.0 CI teacherpedia 1.1/Teacherpedia/ci4/system/CodeIgniter.php(400): CodeIgniter\CodeIgniter->runController(Object(App\Controllers\Admin\Resources))
#3 /Users/markpearson/Google Drive/Documents/Projects/My Websites/Teacherpedia/4.0 CI teacherpedia 1.1/Teacherpedia/ci4/system/CodeIgniter.php(308): CodeIgniter\CodeIgniter->handleRequest(NULL, Object(Config\Cache), false)
#4 /Users/markpearson/Google Drive/Documents/Projects/My Websites/Teacherpedia/4.0 CI teacherpedia 1.1/Teacherpedia/public_html/index.php(45): CodeIgniter\CodeIgniter->run()
#5 {main}
CRITICAL - 2020-09-06 09:09:37 --> Class 'App\Libraries\Resources\Resources' not found
#0 /Users/markpearson/Google Drive/Documents/Projects/My Websites/Teacherpedia/4.0 CI teacherpedia 1.1/Teacherpedia/ci4/system/View/View.php(246): include()
#1 /Users/markpearson/Google Drive/Documents/Projects/My Websites/Teacherpedia/4.0 CI teacherpedia 1.1/Teacherpedia/ci4/system/Common.php(1087): CodeIgniter\View\View->render('../../../resour...', Array, true)
#2 /Users/markpearson/Google Drive/Documents/Projects/My Websites/Teacherpedia/4.0 CI teacherpedia 1.1/Teacherpedia/ci4/app/Controllers/Resources.php(112): view('../../../resour...', Array)
#3 /Users/markpearson/Google Drive/Documents/Projects/My Websites/Teacherpedia/4.0 CI teacherpedia 1.1/Teacherpedia/ci4/system/CodeIgniter.php(914): App\Controllers\Resources->loadSheet('801')
#4 /Users/markpearson/Google Drive/Documents/Projects/My Websites/Teacherpedia/4.0 CI teacherpedia 1.1/Teacherpedia/ci4/system/CodeIgniter.php(400): CodeIgniter\CodeIgniter->runController(Object(App\Controllers\Resources))
#5 /Users/markpearson/Google Drive/Documents/Projects/My Websites/Teacherpedia/4.0 CI teacherpedia 1.1/Teacherpedia/ci4/system/CodeIgniter.php(308): CodeIgniter\CodeIgniter->handleRequest(NULL, Object(Config\Cache), false)
#6 /Users/markpearson/Google Drive/Documents/Projects/My Websites/Teacherpedia/4.0 CI teacherpedia 1.1/Teacherpedia/public_html/index.php(45): CodeIgniter\CodeIgniter->run()
#7 {main}
CRITICAL - 2020-09-06 09:09:55 --> Class 'App\Libraries\Resources' not found
#0 /Users/markpearson/Google Drive/Documents/Projects/My Websites/Teacherpedia/4.0 CI teacherpedia 1.1/Teacherpedia/ci4/system/View/View.php(246): include()
#1 /Users/markpearson/Google Drive/Documents/Projects/My Websites/Teacherpedia/4.0 CI teacherpedia 1.1/Teacherpedia/ci4/system/Common.php(1087): CodeIgniter\View\View->render('../../../resour...', Array, true)
#2 /Users/markpearson/Google Drive/Documents/Projects/My Websites/Teacherpedia/4.0 CI teacherpedia 1.1/Teacherpedia/ci4/app/Controllers/Resources.php(112): view('../../../resour...', Array)
#3 /Users/markpearson/Google Drive/Documents/Projects/My Websites/Teacherpedia/4.0 CI teacherpedia 1.1/Teacherpedia/ci4/system/CodeIgniter.php(914): App\Controllers\Resources->loadSheet('801')
#4 /Users/markpearson/Google Drive/Documents/Projects/My Websites/Teacherpedia/4.0 CI teacherpedia 1.1/Teacherpedia/ci4/system/CodeIgniter.php(400): CodeIgniter\CodeIgniter->runController(Object(App\Controllers\Resources))
#5 /Users/markpearson/Google Drive/Documents/Projects/My Websites/Teacherpedia/4.0 CI teacherpedia 1.1/Teacherpedia/ci4/system/CodeIgniter.php(308): CodeIgniter\CodeIgniter->handleRequest(NULL, Object(Config\Cache), false)
#6 /Users/markpearson/Google Drive/Documents/Projects/My Websites/Teacherpedia/4.0 CI teacherpedia 1.1/Teacherpedia/public_html/index.php(45): CodeIgniter\CodeIgniter->run()
#7 {main}
CRITICAL - 2020-09-06 09:10:20 --> Class 'App\Libraries\Resources' not found
#0 /Users/markpearson/Google Drive/Documents/Projects/My Websites/Teacherpedia/4.0 CI teacherpedia 1.1/Teacherpedia/ci4/system/View/View.php(246): include()
#1 /Users/markpearson/Google Drive/Documents/Projects/My Websites/Teacherpedia/4.0 CI teacherpedia 1.1/Teacherpedia/ci4/system/Common.php(1087): CodeIgniter\View\View->render('../../../resour...', Array, true)
#2 /Users/markpearson/Google Drive/Documents/Projects/My Websites/Teacherpedia/4.0 CI teacherpedia 1.1/Teacherpedia/ci4/app/Controllers/Resources.php(112): view('../../../resour...', Array)
#3 /Users/markpearson/Google Drive/Documents/Projects/My Websites/Teacherpedia/4.0 CI teacherpedia 1.1/Teacherpedia/ci4/system/CodeIgniter.php(914): App\Controllers\Resources->loadSheet('801')
#4 /Users/markpearson/Google Drive/Documents/Projects/My Websites/Teacherpedia/4.0 CI teacherpedia 1.1/Teacherpedia/ci4/system/CodeIgniter.php(400): CodeIgniter\CodeIgniter->runController(Object(App\Controllers\Resources))
#5 /Users/markpearson/Google Drive/Documents/Projects/My Websites/Teacherpedia/4.0 CI teacherpedia 1.1/Teacherpedia/ci4/system/CodeIgniter.php(308): CodeIgniter\CodeIgniter->handleRequest(NULL, Object(Config\Cache), false)
#6 /Users/markpearson/Google Drive/Documents/Projects/My Websites/Teacherpedia/4.0 CI teacherpedia 1.1/Teacherpedia/public_html/index.php(45): CodeIgniter\CodeIgniter->run()
#7 {main}
CRITICAL - 2020-09-06 09:10:23 --> Class 'App\Libraries\Resources' not found
#0 /Users/markpearson/Google Drive/Documents/Projects/My Websites/Teacherpedia/4.0 CI teacherpedia 1.1/Teacherpedia/ci4/system/View/View.php(246): include()
#1 /Users/markpearson/Google Drive/Documents/Projects/My Websites/Teacherpedia/4.0 CI teacherpedia 1.1/Teacherpedia/ci4/system/Common.php(1087): CodeIgniter\View\View->render('../../../resour...', Array, true)
#2 /Users/markpearson/Google Drive/Documents/Projects/My Websites/Teacherpedia/4.0 CI teacherpedia 1.1/Teacherpedia/ci4/app/Controllers/Resources.php(112): view('../../../resour...', Array)
#3 /Users/markpearson/Google Drive/Documents/Projects/My Websites/Teacherpedia/4.0 CI teacherpedia 1.1/Teacherpedia/ci4/system/CodeIgniter.php(914): App\Controllers\Resources->loadSheet('801')
#4 /Users/markpearson/Google Drive/Documents/Projects/My Websites/Teacherpedia/4.0 CI teacherpedia 1.1/Teacherpedia/ci4/system/CodeIgniter.php(400): CodeIgniter\CodeIgniter->runController(Object(App\Controllers\Resources))
#5 /Users/markpearson/Google Drive/Documents/Projects/My Websites/Teacherpedia/4.0 CI teacherpedia 1.1/Teacherpedia/ci4/system/CodeIgniter.php(308): CodeIgniter\CodeIgniter->handleRequest(NULL, Object(Config\Cache), false)
#6 /Users/markpearson/Google Drive/Documents/Projects/My Websites/Teacherpedia/4.0 CI teacherpedia 1.1/Teacherpedia/public_html/index.php(45): CodeIgniter\CodeIgniter->run()
#7 {main}
CRITICAL - 2020-09-06 09:11:13 --> Class 'App\Libraries\Resources\Resources' not found
#0 /Users/markpearson/Google Drive/Documents/Projects/My Websites/Teacherpedia/4.0 CI teacherpedia 1.1/Teacherpedia/ci4/system/View/View.php(246): include()
#1 /Users/markpearson/Google Drive/Documents/Projects/My Websites/Teacherpedia/4.0 CI teacherpedia 1.1/Teacherpedia/ci4/system/Common.php(1087): CodeIgniter\View\View->render('../../../resour...', Array, true)
#2 /Users/markpearson/Google Drive/Documents/Projects/My Websites/Teacherpedia/4.0 CI teacherpedia 1.1/Teacherpedia/ci4/app/Controllers/Resources.php(112): view('../../../resour...', Array)
#3 /Users/markpearson/Google Drive/Documents/Projects/My Websites/Teacherpedia/4.0 CI teacherpedia 1.1/Teacherpedia/ci4/system/CodeIgniter.php(914): App\Controllers\Resources->loadSheet('801')
#4 /Users/markpearson/Google Drive/Documents/Projects/My Websites/Teacherpedia/4.0 CI teacherpedia 1.1/Teacherpedia/ci4/system/CodeIgniter.php(400): CodeIgniter\CodeIgniter->runController(Object(App\Controllers\Resources))
#5 /Users/markpearson/Google Drive/Documents/Projects/My Websites/Teacherpedia/4.0 CI teacherpedia 1.1/Teacherpedia/ci4/system/CodeIgniter.php(308): CodeIgniter\CodeIgniter->handleRequest(NULL, Object(Config\Cache), false)
#6 /Users/markpearson/Google Drive/Documents/Projects/My Websites/Teacherpedia/4.0 CI teacherpedia 1.1/Teacherpedia/public_html/index.php(45): CodeIgniter\CodeIgniter->run()
#7 {main}
CRITICAL - 2020-09-06 09:13:15 --> Class 'App\Libraries\My_Resources\Resources' not found
#0 /Users/markpearson/Google Drive/Documents/Projects/My Websites/Teacherpedia/4.0 CI teacherpedia 1.1/Teacherpedia/ci4/system/View/View.php(246): include()
#1 /Users/markpearson/Google Drive/Documents/Projects/My Websites/Teacherpedia/4.0 CI teacherpedia 1.1/Teacherpedia/ci4/system/Common.php(1087): CodeIgniter\View\View->render('../../../resour...', Array, true)
#2 /Users/markpearson/Google Drive/Documents/Projects/My Websites/Teacherpedia/4.0 CI teacherpedia 1.1/Teacherpedia/ci4/app/Controllers/Resources.php(112): view('../../../resour...', Array)
#3 /Users/markpearson/Google Drive/Documents/Projects/My Websites/Teacherpedia/4.0 CI teacherpedia 1.1/Teacherpedia/ci4/system/CodeIgniter.php(914): App\Controllers\Resources->loadSheet('801')
#4 /Users/markpearson/Google Drive/Documents/Projects/My Websites/Teacherpedia/4.0 CI teacherpedia 1.1/Teacherpedia/ci4/system/CodeIgniter.php(400): CodeIgniter\CodeIgniter->runController(Object(App\Controllers\Resources))
#5 /Users/markpearson/Google Drive/Documents/Projects/My Websites/Teacherpedia/4.0 CI teacherpedia 1.1/Teacherpedia/ci4/system/CodeIgniter.php(308): CodeIgniter\CodeIgniter->handleRequest(NULL, Object(Config\Cache), false)
#6 /Users/markpearson/Google Drive/Documents/Projects/My Websites/Teacherpedia/4.0 CI teacherpedia 1.1/Teacherpedia/public_html/index.php(45): CodeIgniter\CodeIgniter->run()
#7 {main}
CRITICAL - 2020-09-06 09:13:48 --> Class 'App\Libraries\My_Resources\Resources' not found
#0 /Users/markpearson/Google Drive/Documents/Projects/My Websites/Teacherpedia/4.0 CI teacherpedia 1.1/Teacherpedia/ci4/system/View/View.php(246): include()
#1 /Users/markpearson/Google Drive/Documents/Projects/My Websites/Teacherpedia/4.0 CI teacherpedia 1.1/Teacherpedia/ci4/system/Common.php(1087): CodeIgniter\View\View->render('../../../resour...', Array, true)
#2 /Users/markpearson/Google Drive/Documents/Projects/My Websites/Teacherpedia/4.0 CI teacherpedia 1.1/Teacherpedia/ci4/app/Controllers/Resources.php(112): view('../../../resour...', Array)
#3 /Users/markpearson/Google Drive/Documents/Projects/My Websites/Teacherpedia/4.0 CI teacherpedia 1.1/Teacherpedia/ci4/system/CodeIgniter.php(914): App\Controllers\Resources->loadSheet('801')
#4 /Users/markpearson/Google Drive/Documents/Projects/My Websites/Teacherpedia/4.0 CI teacherpedia 1.1/Teacherpedia/ci4/system/CodeIgniter.php(400): CodeIgniter\CodeIgniter->runController(Object(App\Controllers\Resources))
#5 /Users/markpearson/Google Drive/Documents/Projects/My Websites/Teacherpedia/4.0 CI teacherpedia 1.1/Teacherpedia/ci4/system/CodeIgniter.php(308): CodeIgniter\CodeIgniter->handleRequest(NULL, Object(Config\Cache), false)
#6 /Users/markpearson/Google Drive/Documents/Projects/My Websites/Teacherpedia/4.0 CI teacherpedia 1.1/Teacherpedia/public_html/index.php(45): CodeIgniter\CodeIgniter->run()
#7 {main}
CRITICAL - 2020-09-06 09:14:28 --> Class 'App\Libraries\My_Resources\Resources' not found
#0 /Users/markpearson/Google Drive/Documents/Projects/My Websites/Teacherpedia/4.0 CI teacherpedia 1.1/Teacherpedia/ci4/system/View/View.php(246): include()
#1 /Users/markpearson/Google Drive/Documents/Projects/My Websites/Teacherpedia/4.0 CI teacherpedia 1.1/Teacherpedia/ci4/system/Common.php(1087): CodeIgniter\View\View->render('../../../resour...', Array, true)
#2 /Users/markpearson/Google Drive/Documents/Projects/My Websites/Teacherpedia/4.0 CI teacherpedia 1.1/Teacherpedia/ci4/app/Controllers/Resources.php(112): view('../../../resour...', Array)
#3 /Users/markpearson/Google Drive/Documents/Projects/My Websites/Teacherpedia/4.0 CI teacherpedia 1.1/Teacherpedia/ci4/system/CodeIgniter.php(914): App\Controllers\Resources->loadSheet('801')
#4 /Users/markpearson/Google Drive/Documents/Projects/My Websites/Teacherpedia/4.0 CI teacherpedia 1.1/Teacherpedia/ci4/system/CodeIgniter.php(400): CodeIgniter\CodeIgniter->runController(Object(App\Controllers\Resources))
#5 /Users/markpearson/Google Drive/Documents/Projects/My Websites/Teacherpedia/4.0 CI teacherpedia 1.1/Teacherpedia/ci4/system/CodeIgniter.php(308): CodeIgniter\CodeIgniter->handleRequest(NULL, Object(Config\Cache), false)
#6 /Users/markpearson/Google Drive/Documents/Projects/My Websites/Teacherpedia/4.0 CI teacherpedia 1.1/Teacherpedia/public_html/index.php(45): CodeIgniter\CodeIgniter->run()
#7 {main}
CRITICAL - 2020-09-06 09:14:57 --> Invalid argument supplied for foreach()
#0 /Users/markpearson/Google Drive/Documents/Projects/My Websites/Teacherpedia/4.0 CI teacherpedia 1.1/Teacherpedia/ci4/app/Libraries/Resources.php(20): CodeIgniter\Debug\Exceptions->errorHandler(2, 'Invalid argumen...', '/Users/markpear...', 20, Array)
#1 /Users/markpearson/Google Drive/Documents/Projects/My Websites/Teacherpedia/4.0 CI teacherpedia 1.1/Teacherpedia/ci4/app/Libraries/Resources.php(10): App\Libraries\Resources->build_table(true)
#2 /Users/markpearson/Google Drive/Documents/Projects/My Websites/Teacherpedia/4.0 CI teacherpedia 1.1/Teacherpedia/resources/2020/06-09/09-03-40/generator.php(19): App\Libraries\Resources->answer_array(Array)
#3 /Users/markpearson/Google Drive/Documents/Projects/My Websites/Teacherpedia/4.0 CI teacherpedia 1.1/Teacherpedia/ci4/system/View/View.php(246): include('/Users/markpear...')
#4 /Users/markpearson/Google Drive/Documents/Projects/My Websites/Teacherpedia/4.0 CI teacherpedia 1.1/Teacherpedia/ci4/system/Common.php(1087): CodeIgniter\View\View->render('../../../resour...', Array, true)
#5 /Users/markpearson/Google Drive/Documents/Projects/My Websites/Teacherpedia/4.0 CI teacherpedia 1.1/Teacherpedia/ci4/app/Controllers/Resources.php(112): view('../../../resour...', Array)
#6 /Users/markpearson/Google Drive/Documents/Projects/My Websites/Teacherpedia/4.0 CI teacherpedia 1.1/Teacherpedia/ci4/system/CodeIgniter.php(914): App\Controllers\Resources->loadSheet('801')
#7 /Users/markpearson/Google Drive/Documents/Projects/My Websites/Teacherpedia/4.0 CI teacherpedia 1.1/Teacherpedia/ci4/system/CodeIgniter.php(400): CodeIgniter\CodeIgniter->runController(Object(App\Controllers\Resources))
#8 /Users/markpearson/Google Drive/Documents/Projects/My Websites/Teacherpedia/4.0 CI teacherpedia 1.1/Teacherpedia/ci4/system/CodeIgniter.php(308): CodeIgniter\CodeIgniter->handleRequest(NULL, Object(Config\Cache), false)
#9 /Users/markpearson/Google Drive/Documents/Projects/My Websites/Teacherpedia/4.0 CI teacherpedia 1.1/Teacherpedia/public_html/index.php(45): CodeIgniter\CodeIgniter->run()
#10 {main}
CRITICAL - 2020-09-06 09:15:38 --> Invalid argument supplied for foreach()
#0 /Users/markpearson/Google Drive/Documents/Projects/My Websites/Teacherpedia/4.0 CI teacherpedia 1.1/Teacherpedia/ci4/app/Libraries/Resources.php(20): CodeIgniter\Debug\Exceptions->errorHandler(2, 'Invalid argumen...', '/Users/markpear...', 20, Array)
#1 /Users/markpearson/Google Drive/Documents/Projects/My Websites/Teacherpedia/4.0 CI teacherpedia 1.1/Teacherpedia/ci4/app/Libraries/Resources.php(10): App\Libraries\Resources->build_table(true)
#2 /Users/markpearson/Google Drive/Documents/Projects/My Websites/Teacherpedia/4.0 CI teacherpedia 1.1/Teacherpedia/resources/2020/06-09/09-03-40/generator.php(19): App\Libraries\Resources->answer_array(Array)
#3 /Users/markpearson/Google Drive/Documents/Projects/My Websites/Teacherpedia/4.0 CI teacherpedia 1.1/Teacherpedia/ci4/system/View/View.php(246): include('/Users/markpear...')
#4 /Users/markpearson/Google Drive/Documents/Projects/My Websites/Teacherpedia/4.0 CI teacherpedia 1.1/Teacherpedia/ci4/system/Common.php(1087): CodeIgniter\View\View->render('../../../resour...', Array, true)
#5 /Users/markpearson/Google Drive/Documents/Projects/My Websites/Teacherpedia/4.0 CI teacherpedia 1.1/Teacherpedia/ci4/app/Controllers/Resources.php(112): view('../../../resour...', Array)
#6 /Users/markpearson/Google Drive/Documents/Projects/My Websites/Teacherpedia/4.0 CI teacherpedia 1.1/Teacherpedia/ci4/system/CodeIgniter.php(914): App\Controllers\Resources->loadSheet('801')
#7 /Users/markpearson/Google Drive/Documents/Projects/My Websites/Teacherpedia/4.0 CI teacherpedia 1.1/Teacherpedia/ci4/system/CodeIgniter.php(400): CodeIgniter\CodeIgniter->runController(Object(App\Controllers\Resources))
#8 /Users/markpearson/Google Drive/Documents/Projects/My Websites/Teacherpedia/4.0 CI teacherpedia 1.1/Teacherpedia/ci4/system/CodeIgniter.php(308): CodeIgniter\CodeIgniter->handleRequest(NULL, Object(Config\Cache), false)
#9 /Users/markpearson/Google Drive/Documents/Projects/My Websites/Teacherpedia/4.0 CI teacherpedia 1.1/Teacherpedia/public_html/index.php(45): CodeIgniter\CodeIgniter->run()
#10 {main}
CRITICAL - 2020-09-06 09:16:33 --> Invalid argument supplied for foreach()
#0 /Users/markpearson/Google Drive/Documents/Projects/My Websites/Teacherpedia/4.0 CI teacherpedia 1.1/Teacherpedia/ci4/app/Libraries/Resources.php(20): CodeIgniter\Debug\Exceptions->errorHandler(2, 'Invalid argumen...', '/Users/markpear...', 20, Array)
#1 /Users/markpearson/Google Drive/Documents/Projects/My Websites/Teacherpedia/4.0 CI teacherpedia 1.1/Teacherpedia/ci4/app/Libraries/Resources.php(10): App\Libraries\Resources->build_table(true)
#2 /Users/markpearson/Google Drive/Documents/Projects/My Websites/Teacherpedia/4.0 CI teacherpedia 1.1/Teacherpedia/resources/2020/06-09/09-03-40/generator.php(19): App\Libraries\Resources->answer_array(Array)
#3 /Users/markpearson/Google Drive/Documents/Projects/My Websites/Teacherpedia/4.0 CI teacherpedia 1.1/Teacherpedia/ci4/system/View/View.php(246): include('/Users/markpear...')
#4 /Users/markpearson/Google Drive/Documents/Projects/My Websites/Teacherpedia/4.0 CI teacherpedia 1.1/Teacherpedia/ci4/system/Common.php(1087): CodeIgniter\View\View->render('../../../resour...', Array, true)
#5 /Users/markpearson/Google Drive/Documents/Projects/My Websites/Teacherpedia/4.0 CI teacherpedia 1.1/Teacherpedia/ci4/app/Controllers/Resources.php(112): view('../../../resour...', Array)
#6 /Users/markpearson/Google Drive/Documents/Projects/My Websites/Teacherpedia/4.0 CI teacherpedia 1.1/Teacherpedia/ci4/system/CodeIgniter.php(914): App\Controllers\Resources->loadSheet('801')
#7 /Users/markpearson/Google Drive/Documents/Projects/My Websites/Teacherpedia/4.0 CI teacherpedia 1.1/Teacherpedia/ci4/system/CodeIgniter.php(400): CodeIgniter\CodeIgniter->runController(Object(App\Controllers\Resources))
#8 /Users/markpearson/Google Drive/Documents/Projects/My Websites/Teacherpedia/4.0 CI teacherpedia 1.1/Teacherpedia/ci4/system/CodeIgniter.php(308): CodeIgniter\CodeIgniter->handleRequest(NULL, Object(Config\Cache), false)
#9 /Users/markpearson/Google Drive/Documents/Projects/My Websites/Teacherpedia/4.0 CI teacherpedia 1.1/Teacherpedia/public_html/index.php(45): CodeIgniter\CodeIgniter->run()
#10 {main}
CRITICAL - 2020-09-06 09:17:11 --> Undefined variable: answer_array
#0 /Users/markpearson/Google Drive/Documents/Projects/My Websites/Teacherpedia/4.0 CI teacherpedia 1.1/Teacherpedia/resources/2020/06-09/09-03-40/generator.php(194): CodeIgniter\Debug\Exceptions->errorHandler(8, 'Undefined varia...', '/Users/markpear...', 194, Array)
#1 /Users/markpearson/Google Drive/Documents/Projects/My Websites/Teacherpedia/4.0 CI teacherpedia 1.1/Teacherpedia/ci4/system/View/View.php(246): include('/Users/markpear...')
#2 /Users/markpearson/Google Drive/Documents/Projects/My Websites/Teacherpedia/4.0 CI teacherpedia 1.1/Teacherpedia/ci4/system/Common.php(1087): CodeIgniter\View\View->render('../../../resour...', Array, true)
#3 /Users/markpearson/Google Drive/Documents/Projects/My Websites/Teacherpedia/4.0 CI teacherpedia 1.1/Teacherpedia/ci4/app/Controllers/Resources.php(112): view('../../../resour...', Array)
#4 /Users/markpearson/Google Drive/Documents/Projects/My Websites/Teacherpedia/4.0 CI teacherpedia 1.1/Teacherpedia/ci4/system/CodeIgniter.php(914): App\Controllers\Resources->loadSheet('801')
#5 /Users/markpearson/Google Drive/Documents/Projects/My Websites/Teacherpedia/4.0 CI teacherpedia 1.1/Teacherpedia/ci4/system/CodeIgniter.php(400): CodeIgniter\CodeIgniter->runController(Object(App\Controllers\Resources))
#6 /Users/markpearson/Google Drive/Documents/Projects/My Websites/Teacherpedia/4.0 CI teacherpedia 1.1/Teacherpedia/ci4/system/CodeIgniter.php(308): CodeIgniter\CodeIgniter->handleRequest(NULL, Object(Config\Cache), false)
#7 /Users/markpearson/Google Drive/Documents/Projects/My Websites/Teacherpedia/4.0 CI teacherpedia 1.1/Teacherpedia/public_html/index.php(45): CodeIgniter\CodeIgniter->run()
#8 {main}
CRITICAL - 2020-09-06 09:17:52 --> Invalid argument supplied for foreach()
#0 /Users/markpearson/Google Drive/Documents/Projects/My Websites/Teacherpedia/4.0 CI teacherpedia 1.1/Teacherpedia/ci4/app/Libraries/Resources.php(20): CodeIgniter\Debug\Exceptions->errorHandler(2, 'Invalid argumen...', '/Users/markpear...', 20, Array)
#1 /Users/markpearson/Google Drive/Documents/Projects/My Websites/Teacherpedia/4.0 CI teacherpedia 1.1/Teacherpedia/ci4/app/Libraries/Resources.php(10): App\Libraries\Resources->build_table(true)
#2 /Users/markpearson/Google Drive/Documents/Projects/My Websites/Teacherpedia/4.0 CI teacherpedia 1.1/Teacherpedia/resources/2020/06-09/09-03-40/generator.php(57): App\Libraries\Resources->answer_array(Array)
#3 /Users/markpearson/Google Drive/Documents/Projects/My Websites/Teacherpedia/4.0 CI teacherpedia 1.1/Teacherpedia/ci4/system/View/View.php(246): include('/Users/markpear...')
#4 /Users/markpearson/Google Drive/Documents/Projects/My Websites/Teacherpedia/4.0 CI teacherpedia 1.1/Teacherpedia/ci4/system/Common.php(1087): CodeIgniter\View\View->render('../../../resour...', Array, true)
#5 /Users/markpearson/Google Drive/Documents/Projects/My Websites/Teacherpedia/4.0 CI teacherpedia 1.1/Teacherpedia/ci4/app/Controllers/Resources.php(112): view('../../../resour...', Array)
#6 /Users/markpearson/Google Drive/Documents/Projects/My Websites/Teacherpedia/4.0 CI teacherpedia 1.1/Teacherpedia/ci4/system/CodeIgniter.php(914): App\Controllers\Resources->loadSheet('801')
#7 /Users/markpearson/Google Drive/Documents/Projects/My Websites/Teacherpedia/4.0 CI teacherpedia 1.1/Teacherpedia/ci4/system/CodeIgniter.php(400): CodeIgniter\CodeIgniter->runController(Object(App\Controllers\Resources))
#8 /Users/markpearson/Google Drive/Documents/Projects/My Websites/Teacherpedia/4.0 CI teacherpedia 1.1/Teacherpedia/ci4/system/CodeIgniter.php(308): CodeIgniter\CodeIgniter->handleRequest(NULL, Object(Config\Cache), false)
#9 /Users/markpearson/Google Drive/Documents/Projects/My Websites/Teacherpedia/4.0 CI teacherpedia 1.1/Teacherpedia/public_html/index.php(45): CodeIgniter\CodeIgniter->run()
#10 {main}
CRITICAL - 2020-09-06 09:18:23 --> Invalid argument supplied for foreach()
#0 /Users/markpearson/Google Drive/Documents/Projects/My Websites/Teacherpedia/4.0 CI teacherpedia 1.1/Teacherpedia/ci4/app/Libraries/Resources.php(20): CodeIgniter\Debug\Exceptions->errorHandler(2, 'Invalid argumen...', '/Users/markpear...', 20, Array)
#1 /Users/markpearson/Google Drive/Documents/Projects/My Websites/Teacherpedia/4.0 CI teacherpedia 1.1/Teacherpedia/ci4/app/Libraries/Resources.php(10): App\Libraries\Resources->build_table(true)
#2 /Users/markpearson/Google Drive/Documents/Projects/My Websites/Teacherpedia/4.0 CI teacherpedia 1.1/Teacherpedia/resources/2020/06-09/09-03-40/generator.php(57): App\Libraries\Resources->answer_array(Array)
#3 /Users/markpearson/Google Drive/Documents/Projects/My Websites/Teacherpedia/4.0 CI teacherpedia 1.1/Teacherpedia/ci4/system/View/View.php(246): include('/Users/markpear...')
#4 /Users/markpearson/Google Drive/Documents/Projects/My Websites/Teacherpedia/4.0 CI teacherpedia 1.1/Teacherpedia/ci4/system/Common.php(1087): CodeIgniter\View\View->render('../../../resour...', Array, true)
#5 /Users/markpearson/Google Drive/Documents/Projects/My Websites/Teacherpedia/4.0 CI teacherpedia 1.1/Teacherpedia/ci4/app/Controllers/Resources.php(112): view('../../../resour...', Array)
#6 /Users/markpearson/Google Drive/Documents/Projects/My Websites/Teacherpedia/4.0 CI teacherpedia 1.1/Teacherpedia/ci4/system/CodeIgniter.php(914): App\Controllers\Resources->loadSheet('801')
#7 /Users/markpearson/Google Drive/Documents/Projects/My Websites/Teacherpedia/4.0 CI teacherpedia 1.1/Teacherpedia/ci4/system/CodeIgniter.php(400): CodeIgniter\CodeIgniter->runController(Object(App\Controllers\Resources))
#8 /Users/markpearson/Google Drive/Documents/Projects/My Websites/Teacherpedia/4.0 CI teacherpedia 1.1/Teacherpedia/ci4/system/CodeIgniter.php(308): CodeIgniter\CodeIgniter->handleRequest(NULL, Object(Config\Cache), false)
#9 /Users/markpearson/Google Drive/Documents/Projects/My Websites/Teacherpedia/4.0 CI teacherpedia 1.1/Teacherpedia/public_html/index.php(45): CodeIgniter\CodeIgniter->run()
#10 {main}
CRITICAL - 2020-09-06 09:18:48 --> Invalid argument supplied for foreach()
#0 /Users/markpearson/Google Drive/Documents/Projects/My Websites/Teacherpedia/4.0 CI teacherpedia 1.1/Teacherpedia/ci4/app/Libraries/Resources.php(20): CodeIgniter\Debug\Exceptions->errorHandler(2, 'Invalid argumen...', '/Users/markpear...', 20, Array)
#1 /Users/markpearson/Google Drive/Documents/Projects/My Websites/Teacherpedia/4.0 CI teacherpedia 1.1/Teacherpedia/ci4/app/Libraries/Resources.php(10): App\Libraries\Resources->build_table(true)
#2 /Users/markpearson/Google Drive/Documents/Projects/My Websites/Teacherpedia/4.0 CI teacherpedia 1.1/Teacherpedia/resources/2020/06-09/09-03-40/generator.php(57): App\Libraries\Resources->answer_array(Array)
#3 /Users/markpearson/Google Drive/Documents/Projects/My Websites/Teacherpedia/4.0 CI teacherpedia 1.1/Teacherpedia/ci4/system/View/View.php(246): include('/Users/markpear...')
#4 /Users/markpearson/Google Drive/Documents/Projects/My Websites/Teacherpedia/4.0 CI teacherpedia 1.1/Teacherpedia/ci4/system/Common.php(1087): CodeIgniter\View\View->render('../../../resour...', Array, true)
#5 /Users/markpearson/Google Drive/Documents/Projects/My Websites/Teacherpedia/4.0 CI teacherpedia 1.1/Teacherpedia/ci4/app/Controllers/Resources.php(112): view('../../../resour...', Array)
#6 /Users/markpearson/Google Drive/Documents/Projects/My Websites/Teacherpedia/4.0 CI teacherpedia 1.1/Teacherpedia/ci4/system/CodeIgniter.php(914): App\Controllers\Resources->loadSheet('801')
#7 /Users/markpearson/Google Drive/Documents/Projects/My Websites/Teacherpedia/4.0 CI teacherpedia 1.1/Teacherpedia/ci4/system/CodeIgniter.php(400): CodeIgniter\CodeIgniter->runController(Object(App\Controllers\Resources))
#8 /Users/markpearson/Google Drive/Documents/Projects/My Websites/Teacherpedia/4.0 CI teacherpedia 1.1/Teacherpedia/ci4/system/CodeIgniter.php(308): CodeIgniter\CodeIgniter->handleRequest(NULL, Object(Config\Cache), false)
#9 /Users/markpearson/Google Drive/Documents/Projects/My Websites/Teacherpedia/4.0 CI teacherpedia 1.1/Teacherpedia/public_html/index.php(45): CodeIgniter\CodeIgniter->run()
#10 {main}
CRITICAL - 2020-09-06 09:20:00 --> Invalid argument supplied for foreach()
#0 /Users/markpearson/Google Drive/Documents/Projects/My Websites/Teacherpedia/4.0 CI teacherpedia 1.1/Teacherpedia/ci4/app/Libraries/Resources.php(21): CodeIgniter\Debug\Exceptions->errorHandler(2, 'Invalid argumen...', '/Users/markpear...', 21, Array)
#1 /Users/markpearson/Google Drive/Documents/Projects/My Websites/Teacherpedia/4.0 CI teacherpedia 1.1/Teacherpedia/ci4/app/Libraries/Resources.php(10): App\Libraries\Resources->build_table(true)
#2 /Users/markpearson/Google Drive/Documents/Projects/My Websites/Teacherpedia/4.0 CI teacherpedia 1.1/Teacherpedia/resources/2020/06-09/09-03-40/generator.php(57): App\Libraries\Resources->answer_array(Array)
#3 /Users/markpearson/Google Drive/Documents/Projects/My Websites/Teacherpedia/4.0 CI teacherpedia 1.1/Teacherpedia/ci4/system/View/View.php(246): include('/Users/markpear...')
#4 /Users/markpearson/Google Drive/Documents/Projects/My Websites/Teacherpedia/4.0 CI teacherpedia 1.1/Teacherpedia/ci4/system/Common.php(1087): CodeIgniter\View\View->render('../../../resour...', Array, true)
#5 /Users/markpearson/Google Drive/Documents/Projects/My Websites/Teacherpedia/4.0 CI teacherpedia 1.1/Teacherpedia/ci4/app/Controllers/Resources.php(112): view('../../../resour...', Array)
#6 /Users/markpearson/Google Drive/Documents/Projects/My Websites/Teacherpedia/4.0 CI teacherpedia 1.1/Teacherpedia/ci4/system/CodeIgniter.php(914): App\Controllers\Resources->loadSheet('801')
#7 /Users/markpearson/Google Drive/Documents/Projects/My Websites/Teacherpedia/4.0 CI teacherpedia 1.1/Teacherpedia/ci4/system/CodeIgniter.php(400): CodeIgniter\CodeIgniter->runController(Object(App\Controllers\Resources))
#8 /Users/markpearson/Google Drive/Documents/Projects/My Websites/Teacherpedia/4.0 CI teacherpedia 1.1/Teacherpedia/ci4/system/CodeIgniter.php(308): CodeIgniter\CodeIgniter->handleRequest(NULL, Object(Config\Cache), false)
#9 /Users/markpearson/Google Drive/Documents/Projects/My Websites/Teacherpedia/4.0 CI teacherpedia 1.1/Teacherpedia/public_html/index.php(45): CodeIgniter\CodeIgniter->run()
#10 {main}
CRITICAL - 2020-09-06 09:20:36 --> Invalid argument supplied for foreach()
#0 /Users/markpearson/Google Drive/Documents/Projects/My Websites/Teacherpedia/4.0 CI teacherpedia 1.1/Teacherpedia/ci4/app/Libraries/Resources.php(21): CodeIgniter\Debug\Exceptions->errorHandler(2, 'Invalid argumen...', '/Users/markpear...', 21, Array)
#1 /Users/markpearson/Google Drive/Documents/Projects/My Websites/Teacherpedia/4.0 CI teacherpedia 1.1/Teacherpedia/ci4/app/Libraries/Resources.php(10): App\Libraries\Resources->build_table(true)
#2 /Users/markpearson/Google Drive/Documents/Projects/My Websites/Teacherpedia/4.0 CI teacherpedia 1.1/Teacherpedia/resources/2020/06-09/09-03-40/generator.php(57): App\Libraries\Resources->answer_array(Array)
#3 /Users/markpearson/Google Drive/Documents/Projects/My Websites/Teacherpedia/4.0 CI teacherpedia 1.1/Teacherpedia/ci4/system/View/View.php(246): include('/Users/markpear...')
#4 /Users/markpearson/Google Drive/Documents/Projects/My Websites/Teacherpedia/4.0 CI teacherpedia 1.1/Teacherpedia/ci4/system/Common.php(1087): CodeIgniter\View\View->render('../../../resour...', Array, true)
#5 /Users/markpearson/Google Drive/Documents/Projects/My Websites/Teacherpedia/4.0 CI teacherpedia 1.1/Teacherpedia/ci4/app/Controllers/Resources.php(112): view('../../../resour...', Array)
#6 /Users/markpearson/Google Drive/Documents/Projects/My Websites/Teacherpedia/4.0 CI teacherpedia 1.1/Teacherpedia/ci4/system/CodeIgniter.php(914): App\Controllers\Resources->loadSheet('801')
#7 /Users/markpearson/Google Drive/Documents/Projects/My Websites/Teacherpedia/4.0 CI teacherpedia 1.1/Teacherpedia/ci4/system/CodeIgniter.php(400): CodeIgniter\CodeIgniter->runController(Object(App\Controllers\Resources))
#8 /Users/markpearson/Google Drive/Documents/Projects/My Websites/Teacherpedia/4.0 CI teacherpedia 1.1/Teacherpedia/ci4/system/CodeIgniter.php(308): CodeIgniter\CodeIgniter->handleRequest(NULL, Object(Config\Cache), false)
#9 /Users/markpearson/Google Drive/Documents/Projects/My Websites/Teacherpedia/4.0 CI teacherpedia 1.1/Teacherpedia/public_html/index.php(45): CodeIgniter\CodeIgniter->run()
#10 {main}
CRITICAL - 2020-09-06 09:22:40 --> Invalid argument supplied for foreach()
#0 /Users/markpearson/Google Drive/Documents/Projects/My Websites/Teacherpedia/4.0 CI teacherpedia 1.1/Teacherpedia/ci4/app/Libraries/Resources.php(28): CodeIgniter\Debug\Exceptions->errorHandler(2, 'Invalid argumen...', '/Users/markpear...', 28, Array)
#1 /Users/markpearson/Google Drive/Documents/Projects/My Websites/Teacherpedia/4.0 CI teacherpedia 1.1/Teacherpedia/ci4/app/Libraries/Resources.php(10): App\Libraries\Resources->build_table(Array)
#2 /Users/markpearson/Google Drive/Documents/Projects/My Websites/Teacherpedia/4.0 CI teacherpedia 1.1/Teacherpedia/resources/2020/06-09/09-03-40/generator.php(57): App\Libraries\Resources->answer_array(Array)
#3 /Users/markpearson/Google Drive/Documents/Projects/My Websites/Teacherpedia/4.0 CI teacherpedia 1.1/Teacherpedia/ci4/system/View/View.php(246): include('/Users/markpear...')
#4 /Users/markpearson/Google Drive/Documents/Projects/My Websites/Teacherpedia/4.0 CI teacherpedia 1.1/Teacherpedia/ci4/system/Common.php(1087): CodeIgniter\View\View->render('../../../resour...', Array, true)
#5 /Users/markpearson/Google Drive/Documents/Projects/My Websites/Teacherpedia/4.0 CI teacherpedia 1.1/Teacherpedia/ci4/app/Controllers/Resources.php(112): view('../../../resour...', Array)
#6 /Users/markpearson/Google Drive/Documents/Projects/My Websites/Teacherpedia/4.0 CI teacherpedia 1.1/Teacherpedia/ci4/system/CodeIgniter.php(914): App\Controllers\Resources->loadSheet('801')
#7 /Users/markpearson/Google Drive/Documents/Projects/My Websites/Teacherpedia/4.0 CI teacherpedia 1.1/Teacherpedia/ci4/system/CodeIgniter.php(400): CodeIgniter\CodeIgniter->runController(Object(App\Controllers\Resources))
#8 /Users/markpearson/Google Drive/Documents/Projects/My Websites/Teacherpedia/4.0 CI teacherpedia 1.1/Teacherpedia/ci4/system/CodeIgniter.php(308): CodeIgniter\CodeIgniter->handleRequest(NULL, Object(Config\Cache), false)
#9 /Users/markpearson/Google Drive/Documents/Projects/My Websites/Teacherpedia/4.0 CI teacherpedia 1.1/Teacherpedia/public_html/index.php(45): CodeIgniter\CodeIgniter->run()
#10 {main}
CRITICAL - 2020-09-06 09:23:32 --> Invalid argument supplied for foreach()
#0 /Users/markpearson/Google Drive/Documents/Projects/My Websites/Teacherpedia/4.0 CI teacherpedia 1.1/Teacherpedia/ci4/app/Libraries/Resources.php(28): CodeIgniter\Debug\Exceptions->errorHandler(2, 'Invalid argumen...', '/Users/markpear...', 28, Array)
#1 /Users/markpearson/Google Drive/Documents/Projects/My Websites/Teacherpedia/4.0 CI teacherpedia 1.1/Teacherpedia/ci4/app/Libraries/Resources.php(10): App\Libraries\Resources->build_table(Array)
#2 /Users/markpearson/Google Drive/Documents/Projects/My Websites/Teacherpedia/4.0 CI teacherpedia 1.1/Teacherpedia/resources/2020/06-09/09-03-40/generator.php(57): App\Libraries\Resources->answer_array(Array)
#3 /Users/markpearson/Google Drive/Documents/Projects/My Websites/Teacherpedia/4.0 CI teacherpedia 1.1/Teacherpedia/ci4/system/View/View.php(246): include('/Users/markpear...')
#4 /Users/markpearson/Google Drive/Documents/Projects/My Websites/Teacherpedia/4.0 CI teacherpedia 1.1/Teacherpedia/ci4/system/Common.php(1087): CodeIgniter\View\View->render('../../../resour...', Array, true)
#5 /Users/markpearson/Google Drive/Documents/Projects/My Websites/Teacherpedia/4.0 CI teacherpedia 1.1/Teacherpedia/ci4/app/Controllers/Resources.php(112): view('../../../resour...', Array)
#6 /Users/markpearson/Google Drive/Documents/Projects/My Websites/Teacherpedia/4.0 CI teacherpedia 1.1/Teacherpedia/ci4/system/CodeIgniter.php(914): App\Controllers\Resources->loadSheet('801')
#7 /Users/markpearson/Google Drive/Documents/Projects/My Websites/Teacherpedia/4.0 CI teacherpedia 1.1/Teacherpedia/ci4/system/CodeIgniter.php(400): CodeIgniter\CodeIgniter->runController(Object(App\Controllers\Resources))
#8 /Users/markpearson/Google Drive/Documents/Projects/My Websites/Teacherpedia/4.0 CI teacherpedia 1.1/Teacherpedia/ci4/system/CodeIgniter.php(308): CodeIgniter\CodeIgniter->handleRequest(NULL, Object(Config\Cache), false)
#9 /Users/markpearson/Google Drive/Documents/Projects/My Websites/Teacherpedia/4.0 CI teacherpedia 1.1/Teacherpedia/public_html/index.php(45): CodeIgniter\CodeIgniter->run()
#10 {main}
CRITICAL - 2020-09-06 09:23:57 --> Invalid argument supplied for foreach()
#0 /Users/markpearson/Google Drive/Documents/Projects/My Websites/Teacherpedia/4.0 CI teacherpedia 1.1/Teacherpedia/ci4/app/Libraries/Resources.php(20): CodeIgniter\Debug\Exceptions->errorHandler(2, 'Invalid argumen...', '/Users/markpear...', 20, Array)
#1 /Users/markpearson/Google Drive/Documents/Projects/My Websites/Teacherpedia/4.0 CI teacherpedia 1.1/Teacherpedia/ci4/app/Libraries/Resources.php(10): App\Libraries\Resources->build_table(true)
#2 /Users/markpearson/Google Drive/Documents/Projects/My Websites/Teacherpedia/4.0 CI teacherpedia 1.1/Teacherpedia/resources/2020/06-09/09-03-40/generator.php(57): App\Libraries\Resources->answer_array(Array)
#3 /Users/markpearson/Google Drive/Documents/Projects/My Websites/Teacherpedia/4.0 CI teacherpedia 1.1/Teacherpedia/ci4/system/View/View.php(246): include('/Users/markpear...')
#4 /Users/markpearson/Google Drive/Documents/Projects/My Websites/Teacherpedia/4.0 CI teacherpedia 1.1/Teacherpedia/ci4/system/Common.php(1087): CodeIgniter\View\View->render('../../../resour...', Array, true)
#5 /Users/markpearson/Google Drive/Documents/Projects/My Websites/Teacherpedia/4.0 CI teacherpedia 1.1/Teacherpedia/ci4/app/Controllers/Resources.php(112): view('../../../resour...', Array)
#6 /Users/markpearson/Google Drive/Documents/Projects/My Websites/Teacherpedia/4.0 CI teacherpedia 1.1/Teacherpedia/ci4/system/CodeIgniter.php(914): App\Controllers\Resources->loadSheet('801')
#7 /Users/markpearson/Google Drive/Documents/Projects/My Websites/Teacherpedia/4.0 CI teacherpedia 1.1/Teacherpedia/ci4/system/CodeIgniter.php(400): CodeIgniter\CodeIgniter->runController(Object(App\Controllers\Resources))
#8 /Users/markpearson/Google Drive/Documents/Projects/My Websites/Teacherpedia/4.0 CI teacherpedia 1.1/Teacherpedia/ci4/system/CodeIgniter.php(308): CodeIgniter\CodeIgniter->handleRequest(NULL, Object(Config\Cache), false)
#9 /Users/markpearson/Google Drive/Documents/Projects/My Websites/Teacherpedia/4.0 CI teacherpedia 1.1/Teacherpedia/public_html/index.php(45): CodeIgniter\CodeIgniter->run()
#10 {main}
CRITICAL - 2020-09-06 09:24:09 --> Invalid argument supplied for foreach()
#0 /Users/markpearson/Google Drive/Documents/Projects/My Websites/Teacherpedia/4.0 CI teacherpedia 1.1/Teacherpedia/ci4/app/Libraries/Resources.php(20): CodeIgniter\Debug\Exceptions->errorHandler(2, 'Invalid argumen...', '/Users/markpear...', 20, Array)
#1 /Users/markpearson/Google Drive/Documents/Projects/My Websites/Teacherpedia/4.0 CI teacherpedia 1.1/Teacherpedia/ci4/app/Libraries/Resources.php(10): App\Libraries\Resources->build_table(true)
#2 /Users/markpearson/Google Drive/Documents/Projects/My Websites/Teacherpedia/4.0 CI teacherpedia 1.1/Teacherpedia/resources/2020/06-09/09-03-40/generator.php(57): App\Libraries\Resources->answer_array(Array)
#3 /Users/markpearson/Google Drive/Documents/Projects/My Websites/Teacherpedia/4.0 CI teacherpedia 1.1/Teacherpedia/ci4/system/View/View.php(246): include('/Users/markpear...')
#4 /Users/markpearson/Google Drive/Documents/Projects/My Websites/Teacherpedia/4.0 CI teacherpedia 1.1/Teacherpedia/ci4/system/Common.php(1087): CodeIgniter\View\View->render('../../../resour...', Array, true)
#5 /Users/markpearson/Google Drive/Documents/Projects/My Websites/Teacherpedia/4.0 CI teacherpedia 1.1/Teacherpedia/ci4/app/Controllers/Resources.php(112): view('../../../resour...', Array)
#6 /Users/markpearson/Google Drive/Documents/Projects/My Websites/Teacherpedia/4.0 CI teacherpedia 1.1/Teacherpedia/ci4/system/CodeIgniter.php(914): App\Controllers\Resources->loadSheet('801')
#7 /Users/markpearson/Google Drive/Documents/Projects/My Websites/Teacherpedia/4.0 CI teacherpedia 1.1/Teacherpedia/ci4/system/CodeIgniter.php(400): CodeIgniter\CodeIgniter->runController(Object(App\Controllers\Resources))
#8 /Users/markpearson/Google Drive/Documents/Projects/My Websites/Teacherpedia/4.0 CI teacherpedia 1.1/Teacherpedia/ci4/system/CodeIgniter.php(308): CodeIgniter\CodeIgniter->handleRequest(NULL, Object(Config\Cache), false)
#9 /Users/markpearson/Google Drive/Documents/Projects/My Websites/Teacherpedia/4.0 CI teacherpedia 1.1/Teacherpedia/public_html/index.php(45): CodeIgniter\CodeIgniter->run()
#10 {main}
CRITICAL - 2020-09-06 09:24:25 --> Invalid argument supplied for foreach()
#0 /Users/markpearson/Google Drive/Documents/Projects/My Websites/Teacherpedia/4.0 CI teacherpedia 1.1/Teacherpedia/ci4/app/Libraries/Resources.php(28): CodeIgniter\Debug\Exceptions->errorHandler(2, 'Invalid argumen...', '/Users/markpear...', 28, Array)
#1 /Users/markpearson/Google Drive/Documents/Projects/My Websites/Teacherpedia/4.0 CI teacherpedia 1.1/Teacherpedia/ci4/app/Libraries/Resources.php(10): App\Libraries\Resources->build_table(Array)
#2 /Users/markpearson/Google Drive/Documents/Projects/My Websites/Teacherpedia/4.0 CI teacherpedia 1.1/Teacherpedia/resources/2020/06-09/09-03-40/generator.php(57): App\Libraries\Resources->answer_array(Array)
#3 /Users/markpearson/Google Drive/Documents/Projects/My Websites/Teacherpedia/4.0 CI teacherpedia 1.1/Teacherpedia/ci4/system/View/View.php(246): include('/Users/markpear...')
#4 /Users/markpearson/Google Drive/Documents/Projects/My Websites/Teacherpedia/4.0 CI teacherpedia 1.1/Teacherpedia/ci4/system/Common.php(1087): CodeIgniter\View\View->render('../../../resour...', Array, true)
#5 /Users/markpearson/Google Drive/Documents/Projects/My Websites/Teacherpedia/4.0 CI teacherpedia 1.1/Teacherpedia/ci4/app/Controllers/Resources.php(112): view('../../../resour...', Array)
#6 /Users/markpearson/Google Drive/Documents/Projects/My Websites/Teacherpedia/4.0 CI teacherpedia 1.1/Teacherpedia/ci4/system/CodeIgniter.php(914): App\Controllers\Resources->loadSheet('801')
#7 /Users/markpearson/Google Drive/Documents/Projects/My Websites/Teacherpedia/4.0 CI teacherpedia 1.1/Teacherpedia/ci4/system/CodeIgniter.php(400): CodeIgniter\CodeIgniter->runController(Object(App\Controllers\Resources))
#8 /Users/markpearson/Google Drive/Documents/Projects/My Websites/Teacherpedia/4.0 CI teacherpedia 1.1/Teacherpedia/ci4/system/CodeIgniter.php(308): CodeIgniter\CodeIgniter->handleRequest(NULL, Object(Config\Cache), false)
#9 /Users/markpearson/Google Drive/Documents/Projects/My Websites/Teacherpedia/4.0 CI teacherpedia 1.1/Teacherpedia/public_html/index.php(45): CodeIgniter\CodeIgniter->run()
#10 {main}
CRITICAL - 2020-09-06 09:25:35 --> Invalid argument supplied for foreach()
#0 /Users/markpearson/Google Drive/Documents/Projects/My Websites/Teacherpedia/4.0 CI teacherpedia 1.1/Teacherpedia/ci4/app/Libraries/Resources.php(20): CodeIgniter\Debug\Exceptions->errorHandler(2, 'Invalid argumen...', '/Users/markpear...', 20, Array)
#1 /Users/markpearson/Google Drive/Documents/Projects/My Websites/Teacherpedia/4.0 CI teacherpedia 1.1/Teacherpedia/ci4/app/Libraries/Resources.php(10): App\Libraries\Resources->build_table(true)
#2 /Users/markpearson/Google Drive/Documents/Projects/My Websites/Teacherpedia/4.0 CI teacherpedia 1.1/Teacherpedia/resources/2020/06-09/09-03-40/generator.php(57): App\Libraries\Resources->answer_array(Array)
#3 /Users/markpearson/Google Drive/Documents/Projects/My Websites/Teacherpedia/4.0 CI teacherpedia 1.1/Teacherpedia/ci4/system/View/View.php(246): include('/Users/markpear...')
#4 /Users/markpearson/Google Drive/Documents/Projects/My Websites/Teacherpedia/4.0 CI teacherpedia 1.1/Teacherpedia/ci4/system/Common.php(1087): CodeIgniter\View\View->render('../../../resour...', Array, true)
#5 /Users/markpearson/Google Drive/Documents/Projects/My Websites/Teacherpedia/4.0 CI teacherpedia 1.1/Teacherpedia/ci4/app/Controllers/Resources.php(112): view('../../../resour...', Array)
#6 /Users/markpearson/Google Drive/Documents/Projects/My Websites/Teacherpedia/4.0 CI teacherpedia 1.1/Teacherpedia/ci4/system/CodeIgniter.php(914): App\Controllers\Resources->loadSheet('801')
#7 /Users/markpearson/Google Drive/Documents/Projects/My Websites/Teacherpedia/4.0 CI teacherpedia 1.1/Teacherpedia/ci4/system/CodeIgniter.php(400): CodeIgniter\CodeIgniter->runController(Object(App\Controllers\Resources))
#8 /Users/markpearson/Google Drive/Documents/Projects/My Websites/Teacherpedia/4.0 CI teacherpedia 1.1/Teacherpedia/ci4/system/CodeIgniter.php(308): CodeIgniter\CodeIgniter->handleRequest(NULL, Object(Config\Cache), false)
#9 /Users/markpearson/Google Drive/Documents/Projects/My Websites/Teacherpedia/4.0 CI teacherpedia 1.1/Teacherpedia/public_html/index.php(45): CodeIgniter\CodeIgniter->run()
#10 {main}
CRITICAL - 2020-09-06 09:25:45 --> Invalid argument supplied for foreach()
#0 /Users/markpearson/Google Drive/Documents/Projects/My Websites/Teacherpedia/4.0 CI teacherpedia 1.1/Teacherpedia/ci4/app/Libraries/Resources.php(20): CodeIgniter\Debug\Exceptions->errorHandler(2, 'Invalid argumen...', '/Users/markpear...', 20, Array)
#1 /Users/markpearson/Google Drive/Documents/Projects/My Websites/Teacherpedia/4.0 CI teacherpedia 1.1/Teacherpedia/ci4/app/Libraries/Resources.php(10): App\Libraries\Resources->build_table(true)
#2 /Users/markpearson/Google Drive/Documents/Projects/My Websites/Teacherpedia/4.0 CI teacherpedia 1.1/Teacherpedia/resources/2020/06-09/09-03-40/generator.php(57): App\Libraries\Resources->answer_array(Array)
#3 /Users/markpearson/Google Drive/Documents/Projects/My Websites/Teacherpedia/4.0 CI teacherpedia 1.1/Teacherpedia/ci4/system/View/View.php(246): include('/Users/markpear...')
#4 /Users/markpearson/Google Drive/Documents/Projects/My Websites/Teacherpedia/4.0 CI teacherpedia 1.1/Teacherpedia/ci4/system/Common.php(1087): CodeIgniter\View\View->render('../../../resour...', Array, true)
#5 /Users/markpearson/Google Drive/Documents/Projects/My Websites/Teacherpedia/4.0 CI teacherpedia 1.1/Teacherpedia/ci4/app/Controllers/Resources.php(112): view('../../../resour...', Array)
#6 /Users/markpearson/Google Drive/Documents/Projects/My Websites/Teacherpedia/4.0 CI teacherpedia 1.1/Teacherpedia/ci4/system/CodeIgniter.php(914): App\Controllers\Resources->loadSheet('801')
#7 /Users/markpearson/Google Drive/Documents/Projects/My Websites/Teacherpedia/4.0 CI teacherpedia 1.1/Teacherpedia/ci4/system/CodeIgniter.php(400): CodeIgniter\CodeIgniter->runController(Object(App\Controllers\Resources))
#8 /Users/markpearson/Google Drive/Documents/Projects/My Websites/Teacherpedia/4.0 CI teacherpedia 1.1/Teacherpedia/ci4/system/CodeIgniter.php(308): CodeIgniter\CodeIgniter->handleRequest(NULL, Object(Config\Cache), false)
#9 /Users/markpearson/Google Drive/Documents/Projects/My Websites/Teacherpedia/4.0 CI teacherpedia 1.1/Teacherpedia/public_html/index.php(45): CodeIgniter\CodeIgniter->run()
#10 {main}
CRITICAL - 2020-09-06 09:25:59 --> Invalid argument supplied for foreach()
#0 /Users/markpearson/Google Drive/Documents/Projects/My Websites/Teacherpedia/4.0 CI teacherpedia 1.1/Teacherpedia/ci4/app/Libraries/Resources.php(28): CodeIgniter\Debug\Exceptions->errorHandler(2, 'Invalid argumen...', '/Users/markpear...', 28, Array)
#1 /Users/markpearson/Google Drive/Documents/Projects/My Websites/Teacherpedia/4.0 CI teacherpedia 1.1/Teacherpedia/ci4/app/Libraries/Resources.php(10): App\Libraries\Resources->build_table(Array)
#2 /Users/markpearson/Google Drive/Documents/Projects/My Websites/Teacherpedia/4.0 CI teacherpedia 1.1/Teacherpedia/resources/2020/06-09/09-03-40/generator.php(57): App\Libraries\Resources->answer_array(Array)
#3 /Users/markpearson/Google Drive/Documents/Projects/My Websites/Teacherpedia/4.0 CI teacherpedia 1.1/Teacherpedia/ci4/system/View/View.php(246): include('/Users/markpear...')
#4 /Users/markpearson/Google Drive/Documents/Projects/My Websites/Teacherpedia/4.0 CI teacherpedia 1.1/Teacherpedia/ci4/system/Common.php(1087): CodeIgniter\View\View->render('../../../resour...', Array, true)
#5 /Users/markpearson/Google Drive/Documents/Projects/My Websites/Teacherpedia/4.0 CI teacherpedia 1.1/Teacherpedia/ci4/app/Controllers/Resources.php(112): view('../../../resour...', Array)
#6 /Users/markpearson/Google Drive/Documents/Projects/My Websites/Teacherpedia/4.0 CI teacherpedia 1.1/Teacherpedia/ci4/system/CodeIgniter.php(914): App\Controllers\Resources->loadSheet('801')
#7 /Users/markpearson/Google Drive/Documents/Projects/My Websites/Teacherpedia/4.0 CI teacherpedia 1.1/Teacherpedia/ci4/system/CodeIgniter.php(400): CodeIgniter\CodeIgniter->runController(Object(App\Controllers\Resources))
#8 /Users/markpearson/Google Drive/Documents/Projects/My Websites/Teacherpedia/4.0 CI teacherpedia 1.1/Teacherpedia/ci4/system/CodeIgniter.php(308): CodeIgniter\CodeIgniter->handleRequest(NULL, Object(Config\Cache), false)
#9 /Users/markpearson/Google Drive/Documents/Projects/My Websites/Teacherpedia/4.0 CI teacherpedia 1.1/Teacherpedia/public_html/index.php(45): CodeIgniter\CodeIgniter->run()
#10 {main}
CRITICAL - 2020-09-06 09:38:47 --> shuffle() expects parameter 1 to be array, string given
#0 [internal function]: CodeIgniter\Debug\Exceptions->errorHandler(2, 'shuffle() expec...', '/Users/markpear...', 11, Array)
#1 /Users/markpearson/Google Drive/Documents/Projects/My Websites/Teacherpedia/4.0 CI teacherpedia 1.1/Teacherpedia/ci4/app/Libraries/Resources.php(11): shuffle('<table></tr><tr...')
#2 /Users/markpearson/Google Drive/Documents/Projects/My Websites/Teacherpedia/4.0 CI teacherpedia 1.1/Teacherpedia/resources/2020/06-09/09-03-40/generator.php(57): App\Libraries\Resources->answer_array(Array)
#3 /Users/markpearson/Google Drive/Documents/Projects/My Websites/Teacherpedia/4.0 CI teacherpedia 1.1/Teacherpedia/ci4/system/View/View.php(246): include('/Users/markpear...')
#4 /Users/markpearson/Google Drive/Documents/Projects/My Websites/Teacherpedia/4.0 CI teacherpedia 1.1/Teacherpedia/ci4/system/Common.php(1087): CodeIgniter\View\View->render('../../../resour...', Array, true)
#5 /Users/markpearson/Google Drive/Documents/Projects/My Websites/Teacherpedia/4.0 CI teacherpedia 1.1/Teacherpedia/ci4/app/Controllers/Resources.php(112): view('../../../resour...', Array)
#6 /Users/markpearson/Google Drive/Documents/Projects/My Websites/Teacherpedia/4.0 CI teacherpedia 1.1/Teacherpedia/ci4/system/CodeIgniter.php(914): App\Controllers\Resources->loadSheet('801')
#7 /Users/markpearson/Google Drive/Documents/Projects/My Websites/Teacherpedia/4.0 CI teacherpedia 1.1/Teacherpedia/ci4/system/CodeIgniter.php(400): CodeIgniter\CodeIgniter->runController(Object(App\Controllers\Resources))
#8 /Users/markpearson/Google Drive/Documents/Projects/My Websites/Teacherpedia/4.0 CI teacherpedia 1.1/Teacherpedia/ci4/system/CodeIgniter.php(308): CodeIgniter\CodeIgniter->handleRequest(NULL, Object(Config\Cache), false)
#9 /Users/markpearson/Google Drive/Documents/Projects/My Websites/Teacherpedia/4.0 CI teacherpedia 1.1/Teacherpedia/public_html/index.php(45): CodeIgniter\CodeIgniter->run()
#10 {main}
CRITICAL - 2020-09-06 09:52:32 --> Undefined index: answer_arrary
#0 /Users/markpearson/Google Drive/Documents/Projects/My Websites/Teacherpedia/4.0 CI teacherpedia 1.1/Teacherpedia/resources/2020/06-09/09-03-40/generator.php(61): CodeIgniter\Debug\Exceptions->errorHandler(8, 'Undefined index...', '/Users/markpear...', 61, Array)
#1 /Users/markpearson/Google Drive/Documents/Projects/My Websites/Teacherpedia/4.0 CI teacherpedia 1.1/Teacherpedia/ci4/system/View/View.php(246): include('/Users/markpear...')
#2 /Users/markpearson/Google Drive/Documents/Projects/My Websites/Teacherpedia/4.0 CI teacherpedia 1.1/Teacherpedia/ci4/system/Common.php(1087): CodeIgniter\View\View->render('../../../resour...', Array, true)
#3 /Users/markpearson/Google Drive/Documents/Projects/My Websites/Teacherpedia/4.0 CI teacherpedia 1.1/Teacherpedia/ci4/app/Controllers/Resources.php(112): view('../../../resour...', Array)
#4 /Users/markpearson/Google Drive/Documents/Projects/My Websites/Teacherpedia/4.0 CI teacherpedia 1.1/Teacherpedia/ci4/system/CodeIgniter.php(914): App\Controllers\Resources->loadSheet('801')
#5 /Users/markpearson/Google Drive/Documents/Projects/My Websites/Teacherpedia/4.0 CI teacherpedia 1.1/Teacherpedia/ci4/system/CodeIgniter.php(400): CodeIgniter\CodeIgniter->runController(Object(App\Controllers\Resources))
#6 /Users/markpearson/Google Drive/Documents/Projects/My Websites/Teacherpedia/4.0 CI teacherpedia 1.1/Teacherpedia/ci4/system/CodeIgniter.php(308): CodeIgniter\CodeIgniter->handleRequest(NULL, Object(Config\Cache), false)
#7 /Users/markpearson/Google Drive/Documents/Projects/My Websites/Teacherpedia/4.0 CI teacherpedia 1.1/Teacherpedia/public_html/index.php(45): CodeIgniter\CodeIgniter->run()
#8 {main}
CRITICAL - 2020-09-06 15:00:18 --> Class 'Number' not found
#0 /Users/markpearson/Google Drive/Documents/Projects/My Websites/Teacherpedia/4.0 CI teacherpedia 1.1/Teacherpedia/ci4/system/View/View.php(246): include()
#1 /Users/markpearson/Google Drive/Documents/Projects/My Websites/Teacherpedia/4.0 CI teacherpedia 1.1/Teacherpedia/ci4/system/Common.php(1087): CodeIgniter\View\View->render('../../../resour...', Array, true)
#2 /Users/markpearson/Google Drive/Documents/Projects/My Websites/Teacherpedia/4.0 CI teacherpedia 1.1/Teacherpedia/ci4/app/Controllers/Resources.php(112): view('../../../resour...', Array)
#3 /Users/markpearson/Google Drive/Documents/Projects/My Websites/Teacherpedia/4.0 CI teacherpedia 1.1/Teacherpedia/ci4/system/CodeIgniter.php(914): App\Controllers\Resources->loadSheet('801')
#4 /Users/markpearson/Google Drive/Documents/Projects/My Websites/Teacherpedia/4.0 CI teacherpedia 1.1/Teacherpedia/ci4/system/CodeIgniter.php(400): CodeIgniter\CodeIgniter->runController(Object(App\Controllers\Resources))
#5 /Users/markpearson/Google Drive/Documents/Projects/My Websites/Teacherpedia/4.0 CI teacherpedia 1.1/Teacherpedia/ci4/system/CodeIgniter.php(308): CodeIgniter\CodeIgniter->handleRequest(NULL, Object(Config\Cache), false)
#6 /Users/markpearson/Google Drive/Documents/Projects/My Websites/Teacherpedia/4.0 CI teacherpedia 1.1/Teacherpedia/public_html/index.php(45): CodeIgniter\CodeIgniter->run()
#7 {main}
CRITICAL - 2020-09-06 15:00:54 --> Call to undefined method App\Libraries\Resources::count_through_zero()
#0 /Users/markpearson/Google Drive/Documents/Projects/My Websites/Teacherpedia/4.0 CI teacherpedia 1.1/Teacherpedia/ci4/system/View/View.php(246): include()
#1 /Users/markpearson/Google Drive/Documents/Projects/My Websites/Teacherpedia/4.0 CI teacherpedia 1.1/Teacherpedia/ci4/system/Common.php(1087): CodeIgniter\View\View->render('../../../resour...', Array, true)
#2 /Users/markpearson/Google Drive/Documents/Projects/My Websites/Teacherpedia/4.0 CI teacherpedia 1.1/Teacherpedia/ci4/app/Controllers/Resources.php(112): view('../../../resour...', Array)
#3 /Users/markpearson/Google Drive/Documents/Projects/My Websites/Teacherpedia/4.0 CI teacherpedia 1.1/Teacherpedia/ci4/system/CodeIgniter.php(914): App\Controllers\Resources->loadSheet('801')
#4 /Users/markpearson/Google Drive/Documents/Projects/My Websites/Teacherpedia/4.0 CI teacherpedia 1.1/Teacherpedia/ci4/system/CodeIgniter.php(400): CodeIgniter\CodeIgniter->runController(Object(App\Controllers\Resources))
#5 /Users/markpearson/Google Drive/Documents/Projects/My Websites/Teacherpedia/4.0 CI teacherpedia 1.1/Teacherpedia/ci4/system/CodeIgniter.php(308): CodeIgniter\CodeIgniter->handleRequest(NULL, Object(Config\Cache), false)
#6 /Users/markpearson/Google Drive/Documents/Projects/My Websites/Teacherpedia/4.0 CI teacherpedia 1.1/Teacherpedia/public_html/index.php(45): CodeIgniter\CodeIgniter->run()
#7 {main}
CRITICAL - 2020-09-06 15:01:02 --> Call to undefined method App\Libraries\Resources::count_through_zero()
#0 /Users/markpearson/Google Drive/Documents/Projects/My Websites/Teacherpedia/4.0 CI teacherpedia 1.1/Teacherpedia/ci4/system/View/View.php(246): include()
#1 /Users/markpearson/Google Drive/Documents/Projects/My Websites/Teacherpedia/4.0 CI teacherpedia 1.1/Teacherpedia/ci4/system/Common.php(1087): CodeIgniter\View\View->render('../../../resour...', Array, true)
#2 /Users/markpearson/Google Drive/Documents/Projects/My Websites/Teacherpedia/4.0 CI teacherpedia 1.1/Teacherpedia/ci4/app/Controllers/Resources.php(112): view('../../../resour...', Array)
#3 /Users/markpearson/Google Drive/Documents/Projects/My Websites/Teacherpedia/4.0 CI teacherpedia 1.1/Teacherpedia/ci4/system/CodeIgniter.php(914): App\Controllers\Resources->loadSheet('801')
#4 /Users/markpearson/Google Drive/Documents/Projects/My Websites/Teacherpedia/4.0 CI teacherpedia 1.1/Teacherpedia/ci4/system/CodeIgniter.php(400): CodeIgniter\CodeIgniter->runController(Object(App\Controllers\Resources))
#5 /Users/markpearson/Google Drive/Documents/Projects/My Websites/Teacherpedia/4.0 CI teacherpedia 1.1/Teacherpedia/ci4/system/CodeIgniter.php(308): CodeIgniter\CodeIgniter->handleRequest(NULL, Object(Config\Cache), false)
#6 /Users/markpearson/Google Drive/Documents/Projects/My Websites/Teacherpedia/4.0 CI teacherpedia 1.1/Teacherpedia/public_html/index.php(45): CodeIgniter\CodeIgniter->run()
#7 {main}
CRITICAL - 2020-09-06 15:01:42 --> Class 'Words' not found
#0 /Users/markpearson/Google Drive/Documents/Projects/My Websites/Teacherpedia/4.0 CI teacherpedia 1.1/Teacherpedia/ci4/system/View/View.php(246): include()
#1 /Users/markpearson/Google Drive/Documents/Projects/My Websites/Teacherpedia/4.0 CI teacherpedia 1.1/Teacherpedia/ci4/system/Common.php(1087): CodeIgniter\View\View->render('../../../resour...', Array, true)
#2 /Users/markpearson/Google Drive/Documents/Projects/My Websites/Teacherpedia/4.0 CI teacherpedia 1.1/Teacherpedia/ci4/app/Controllers/Resources.php(112): view('../../../resour...', Array)
#3 /Users/markpearson/Google Drive/Documents/Projects/My Websites/Teacherpedia/4.0 CI teacherpedia 1.1/Teacherpedia/ci4/system/CodeIgniter.php(914): App\Controllers\Resources->loadSheet('801')
#4 /Users/markpearson/Google Drive/Documents/Projects/My Websites/Teacherpedia/4.0 CI teacherpedia 1.1/Teacherpedia/ci4/system/CodeIgniter.php(400): CodeIgniter\CodeIgniter->runController(Object(App\Controllers\Resources))
#5 /Users/markpearson/Google Drive/Documents/Projects/My Websites/Teacherpedia/4.0 CI teacherpedia 1.1/Teacherpedia/ci4/system/CodeIgniter.php(308): CodeIgniter\CodeIgniter->handleRequest(NULL, Object(Config\Cache), false)
#6 /Users/markpearson/Google Drive/Documents/Projects/My Websites/Teacherpedia/4.0 CI teacherpedia 1.1/Teacherpedia/public_html/index.php(45): CodeIgniter\CodeIgniter->run()
#7 {main}
CRITICAL - 2020-09-06 15:02:40 --> Class 'App\Libraries\Words' not found
#0 /Users/markpearson/Google Drive/Documents/Projects/My Websites/Teacherpedia/4.0 CI teacherpedia 1.1/Teacherpedia/ci4/system/View/View.php(246): include()
#1 /Users/markpearson/Google Drive/Documents/Projects/My Websites/Teacherpedia/4.0 CI teacherpedia 1.1/Teacherpedia/ci4/system/Common.php(1087): CodeIgniter\View\View->render('../../../resour...', Array, true)
#2 /Users/markpearson/Google Drive/Documents/Projects/My Websites/Teacherpedia/4.0 CI teacherpedia 1.1/Teacherpedia/ci4/app/Controllers/Resources.php(112): view('../../../resour...', Array)
#3 /Users/markpearson/Google Drive/Documents/Projects/My Websites/Teacherpedia/4.0 CI teacherpedia 1.1/Teacherpedia/ci4/system/CodeIgniter.php(914): App\Controllers\Resources->loadSheet('801')
#4 /Users/markpearson/Google Drive/Documents/Projects/My Websites/Teacherpedia/4.0 CI teacherpedia 1.1/Teacherpedia/ci4/system/CodeIgniter.php(400): CodeIgniter\CodeIgniter->runController(Object(App\Controllers\Resources))
#5 /Users/markpearson/Google Drive/Documents/Projects/My Websites/Teacherpedia/4.0 CI teacherpedia 1.1/Teacherpedia/ci4/system/CodeIgniter.php(308): CodeIgniter\CodeIgniter->handleRequest(NULL, Object(Config\Cache), false)
#6 /Users/markpearson/Google Drive/Documents/Projects/My Websites/Teacherpedia/4.0 CI teacherpedia 1.1/Teacherpedia/public_html/index.php(45): CodeIgniter\CodeIgniter->run()
#7 {main}
CRITICAL - 2020-09-06 15:03:38 --> Class 'App\Libraries\Words' not found
#0 /Users/markpearson/Google Drive/Documents/Projects/My Websites/Teacherpedia/4.0 CI teacherpedia 1.1/Teacherpedia/ci4/system/View/View.php(246): include()
#1 /Users/markpearson/Google Drive/Documents/Projects/My Websites/Teacherpedia/4.0 CI teacherpedia 1.1/Teacherpedia/ci4/system/Common.php(1087): CodeIgniter\View\View->render('../../../resour...', Array, true)
#2 /Users/markpearson/Google Drive/Documents/Projects/My Websites/Teacherpedia/4.0 CI teacherpedia 1.1/Teacherpedia/ci4/app/Controllers/Resources.php(112): view('../../../resour...', Array)
#3 /Users/markpearson/Google Drive/Documents/Projects/My Websites/Teacherpedia/4.0 CI teacherpedia 1.1/Teacherpedia/ci4/system/CodeIgniter.php(914): App\Controllers\Resources->loadSheet('801')
#4 /Users/markpearson/Google Drive/Documents/Projects/My Websites/Teacherpedia/4.0 CI teacherpedia 1.1/Teacherpedia/ci4/system/CodeIgniter.php(400): CodeIgniter\CodeIgniter->runController(Object(App\Controllers\Resources))
#5 /Users/markpearson/Google Drive/Documents/Projects/My Websites/Teacherpedia/4.0 CI teacherpedia 1.1/Teacherpedia/ci4/system/CodeIgniter.php(308): CodeIgniter\CodeIgniter->handleRequest(NULL, Object(Config\Cache), false)
#6 /Users/markpearson/Google Drive/Documents/Projects/My Websites/Teacherpedia/4.0 CI teacherpedia 1.1/Teacherpedia/public_html/index.php(45): CodeIgniter\CodeIgniter->run()
#7 {main}
CRITICAL - 2020-09-06 15:03:39 --> Class 'App\Libraries\Words' not found
#0 /Users/markpearson/Google Drive/Documents/Projects/My Websites/Teacherpedia/4.0 CI teacherpedia 1.1/Teacherpedia/ci4/system/View/View.php(246): include()
#1 /Users/markpearson/Google Drive/Documents/Projects/My Websites/Teacherpedia/4.0 CI teacherpedia 1.1/Teacherpedia/ci4/system/Common.php(1087): CodeIgniter\View\View->render('../../../resour...', Array, true)
#2 /Users/markpearson/Google Drive/Documents/Projects/My Websites/Teacherpedia/4.0 CI teacherpedia 1.1/Teacherpedia/ci4/app/Controllers/Resources.php(112): view('../../../resour...', Array)
#3 /Users/markpearson/Google Drive/Documents/Projects/My Websites/Teacherpedia/4.0 CI teacherpedia 1.1/Teacherpedia/ci4/system/CodeIgniter.php(914): App\Controllers\Resources->loadSheet('801')
#4 /Users/markpearson/Google Drive/Documents/Projects/My Websites/Teacherpedia/4.0 CI teacherpedia 1.1/Teacherpedia/ci4/system/CodeIgniter.php(400): CodeIgniter\CodeIgniter->runController(Object(App\Controllers\Resources))
#5 /Users/markpearson/Google Drive/Documents/Projects/My Websites/Teacherpedia/4.0 CI teacherpedia 1.1/Teacherpedia/ci4/system/CodeIgniter.php(308): CodeIgniter\CodeIgniter->handleRequest(NULL, Object(Config\Cache), false)
#6 /Users/markpearson/Google Drive/Documents/Projects/My Websites/Teacherpedia/4.0 CI teacherpedia 1.1/Teacherpedia/public_html/index.php(45): CodeIgniter\CodeIgniter->run()
#7 {main}
CRITICAL - 2020-09-06 15:03:44 --> Class 'Words' not found
#0 /Users/markpearson/Google Drive/Documents/Projects/My Websites/Teacherpedia/4.0 CI teacherpedia 1.1/Teacherpedia/ci4/system/View/View.php(246): include()
#1 /Users/markpearson/Google Drive/Documents/Projects/My Websites/Teacherpedia/4.0 CI teacherpedia 1.1/Teacherpedia/ci4/system/Common.php(1087): CodeIgniter\View\View->render('../../../resour...', Array, true)
#2 /Users/markpearson/Google Drive/Documents/Projects/My Websites/Teacherpedia/4.0 CI teacherpedia 1.1/Teacherpedia/ci4/app/Controllers/Resources.php(112): view('../../../resour...', Array)
#3 /Users/markpearson/Google Drive/Documents/Projects/My Websites/Teacherpedia/4.0 CI teacherpedia 1.1/Teacherpedia/ci4/system/CodeIgniter.php(914): App\Controllers\Resources->loadSheet('801')
#4 /Users/markpearson/Google Drive/Documents/Projects/My Websites/Teacherpedia/4.0 CI teacherpedia 1.1/Teacherpedia/ci4/system/CodeIgniter.php(400): CodeIgniter\CodeIgniter->runController(Object(App\Controllers\Resources))
#5 /Users/markpearson/Google Drive/Documents/Projects/My Websites/Teacherpedia/4.0 CI teacherpedia 1.1/Teacherpedia/ci4/system/CodeIgniter.php(308): CodeIgniter\CodeIgniter->handleRequest(NULL, Object(Config\Cache), false)
#6 /Users/markpearson/Google Drive/Documents/Projects/My Websites/Teacherpedia/4.0 CI teacherpedia 1.1/Teacherpedia/public_html/index.php(45): CodeIgniter\CodeIgniter->run()
#7 {main}
CRITICAL - 2020-09-06 15:04:09 --> Class 'App\Libraries\Resources\Words' not found
#0 /Users/markpearson/Google Drive/Documents/Projects/My Websites/Teacherpedia/4.0 CI teacherpedia 1.1/Teacherpedia/ci4/system/View/View.php(246): include()
#1 /Users/markpearson/Google Drive/Documents/Projects/My Websites/Teacherpedia/4.0 CI teacherpedia 1.1/Teacherpedia/ci4/system/Common.php(1087): CodeIgniter\View\View->render('../../../resour...', Array, true)
#2 /Users/markpearson/Google Drive/Documents/Projects/My Websites/Teacherpedia/4.0 CI teacherpedia 1.1/Teacherpedia/ci4/app/Controllers/Resources.php(112): view('../../../resour...', Array)
#3 /Users/markpearson/Google Drive/Documents/Projects/My Websites/Teacherpedia/4.0 CI teacherpedia 1.1/Teacherpedia/ci4/system/CodeIgniter.php(914): App\Controllers\Resources->loadSheet('801')
#4 /Users/markpearson/Google Drive/Documents/Projects/My Websites/Teacherpedia/4.0 CI teacherpedia 1.1/Teacherpedia/ci4/system/CodeIgniter.php(400): CodeIgniter\CodeIgniter->runController(Object(App\Controllers\Resources))
#5 /Users/markpearson/Google Drive/Documents/Projects/My Websites/Teacherpedia/4.0 CI teacherpedia 1.1/Teacherpedia/ci4/system/CodeIgniter.php(308): CodeIgniter\CodeIgniter->handleRequest(NULL, Object(Config\Cache), false)
#6 /Users/markpearson/Google Drive/Documents/Projects/My Websites/Teacherpedia/4.0 CI teacherpedia 1.1/Teacherpedia/public_html/index.php(45): CodeIgniter\CodeIgniter->run()
#7 {main}
CRITICAL - 2020-09-06 15:04:44 --> Class 'Resource' not found
#0 /Users/markpearson/Google Drive/Documents/Projects/My Websites/Teacherpedia/4.0 CI teacherpedia 1.1/Teacherpedia/ci4/system/View/View.php(246): include()
#1 /Users/markpearson/Google Drive/Documents/Projects/My Websites/Teacherpedia/4.0 CI teacherpedia 1.1/Teacherpedia/ci4/system/Common.php(1087): CodeIgniter\View\View->render('../../../resour...', Array, true)
#2 /Users/markpearson/Google Drive/Documents/Projects/My Websites/Teacherpedia/4.0 CI teacherpedia 1.1/Teacherpedia/ci4/app/Controllers/Resources.php(112): view('../../../resour...', Array)
#3 /Users/markpearson/Google Drive/Documents/Projects/My Websites/Teacherpedia/4.0 CI teacherpedia 1.1/Teacherpedia/ci4/system/CodeIgniter.php(914): App\Controllers\Resources->loadSheet('801')
#4 /Users/markpearson/Google Drive/Documents/Projects/My Websites/Teacherpedia/4.0 CI teacherpedia 1.1/Teacherpedia/ci4/system/CodeIgniter.php(400): CodeIgniter\CodeIgniter->runController(Object(App\Controllers\Resources))
#5 /Users/markpearson/Google Drive/Documents/Projects/My Websites/Teacherpedia/4.0 CI teacherpedia 1.1/Teacherpedia/ci4/system/CodeIgniter.php(308): CodeIgniter\CodeIgniter->handleRequest(NULL, Object(Config\Cache), false)
#6 /Users/markpearson/Google Drive/Documents/Projects/My Websites/Teacherpedia/4.0 CI teacherpedia 1.1/Teacherpedia/public_html/index.php(45): CodeIgniter\CodeIgniter->run()
#7 {main}
CRITICAL - 2020-09-06 15:05:07 --> Call to undefined method App\Libraries\Resources::count_through_zero()
#0 /Users/markpearson/Google Drive/Documents/Projects/My Websites/Teacherpedia/4.0 CI teacherpedia 1.1/Teacherpedia/ci4/system/View/View.php(246): include()
#1 /Users/markpearson/Google Drive/Documents/Projects/My Websites/Teacherpedia/4.0 CI teacherpedia 1.1/Teacherpedia/ci4/system/Common.php(1087): CodeIgniter\View\View->render('../../../resour...', Array, true)
#2 /Users/markpearson/Google Drive/Documents/Projects/My Websites/Teacherpedia/4.0 CI teacherpedia 1.1/Teacherpedia/ci4/app/Controllers/Resources.php(112): view('../../../resour...', Array)
#3 /Users/markpearson/Google Drive/Documents/Projects/My Websites/Teacherpedia/4.0 CI teacherpedia 1.1/Teacherpedia/ci4/system/CodeIgniter.php(914): App\Controllers\Resources->loadSheet('801')
#4 /Users/markpearson/Google Drive/Documents/Projects/My Websites/Teacherpedia/4.0 CI teacherpedia 1.1/Teacherpedia/ci4/system/CodeIgniter.php(400): CodeIgniter\CodeIgniter->runController(Object(App\Controllers\Resources))
#5 /Users/markpearson/Google Drive/Documents/Projects/My Websites/Teacherpedia/4.0 CI teacherpedia 1.1/Teacherpedia/ci4/system/CodeIgniter.php(308): CodeIgniter\CodeIgniter->handleRequest(NULL, Object(Config\Cache), false)
#6 /Users/markpearson/Google Drive/Documents/Projects/My Websites/Teacherpedia/4.0 CI teacherpedia 1.1/Teacherpedia/public_html/index.php(45): CodeIgniter\CodeIgniter->run()
#7 {main}
CRITICAL - 2020-09-06 15:05:49 --> Class 'Number' not found
#0 /Users/markpearson/Google Drive/Documents/Projects/My Websites/Teacherpedia/4.0 CI teacherpedia 1.1/Teacherpedia/ci4/system/View/View.php(246): include()
#1 /Users/markpearson/Google Drive/Documents/Projects/My Websites/Teacherpedia/4.0 CI teacherpedia 1.1/Teacherpedia/ci4/system/Common.php(1087): CodeIgniter\View\View->render('../../../resour...', Array, true)
#2 /Users/markpearson/Google Drive/Documents/Projects/My Websites/Teacherpedia/4.0 CI teacherpedia 1.1/Teacherpedia/ci4/app/Controllers/Resources.php(112): view('../../../resour...', Array)
#3 /Users/markpearson/Google Drive/Documents/Projects/My Websites/Teacherpedia/4.0 CI teacherpedia 1.1/Teacherpedia/ci4/system/CodeIgniter.php(914): App\Controllers\Resources->loadSheet('801')
#4 /Users/markpearson/Google Drive/Documents/Projects/My Websites/Teacherpedia/4.0 CI teacherpedia 1.1/Teacherpedia/ci4/system/CodeIgniter.php(400): CodeIgniter\CodeIgniter->runController(Object(App\Controllers\Resources))
#5 /Users/markpearson/Google Drive/Documents/Projects/My Websites/Teacherpedia/4.0 CI teacherpedia 1.1/Teacherpedia/ci4/system/CodeIgniter.php(308): CodeIgniter\CodeIgniter->handleRequest(NULL, Object(Config\Cache), false)
#6 /Users/markpearson/Google Drive/Documents/Projects/My Websites/Teacherpedia/4.0 CI teacherpedia 1.1/Teacherpedia/public_html/index.php(45): CodeIgniter\CodeIgniter->run()
#7 {main}
CRITICAL - 2020-09-06 15:05:58 --> Class 'Resources§' not found
#0 /Users/markpearson/Google Drive/Documents/Projects/My Websites/Teacherpedia/4.0 CI teacherpedia 1.1/Teacherpedia/ci4/system/View/View.php(246): include()
#1 /Users/markpearson/Google Drive/Documents/Projects/My Websites/Teacherpedia/4.0 CI teacherpedia 1.1/Teacherpedia/ci4/system/Common.php(1087): CodeIgniter\View\View->render('../../../resour...', Array, true)
#2 /Users/markpearson/Google Drive/Documents/Projects/My Websites/Teacherpedia/4.0 CI teacherpedia 1.1/Teacherpedia/ci4/app/Controllers/Resources.php(112): view('../../../resour...', Array)
#3 /Users/markpearson/Google Drive/Documents/Projects/My Websites/Teacherpedia/4.0 CI teacherpedia 1.1/Teacherpedia/ci4/system/CodeIgniter.php(914): App\Controllers\Resources->loadSheet('801')
#4 /Users/markpearson/Google Drive/Documents/Projects/My Websites/Teacherpedia/4.0 CI teacherpedia 1.1/Teacherpedia/ci4/system/CodeIgniter.php(400): CodeIgniter\CodeIgniter->runController(Object(App\Controllers\Resources))
#5 /Users/markpearson/Google Drive/Documents/Projects/My Websites/Teacherpedia/4.0 CI teacherpedia 1.1/Teacherpedia/ci4/system/CodeIgniter.php(308): CodeIgniter\CodeIgniter->handleRequest(NULL, Object(Config\Cache), false)
#6 /Users/markpearson/Google Drive/Documents/Projects/My Websites/Teacherpedia/4.0 CI teacherpedia 1.1/Teacherpedia/public_html/index.php(45): CodeIgniter\CodeIgniter->run()
#7 {main}
CRITICAL - 2020-09-06 15:06:07 --> Call to undefined method App\Libraries\Resources::count_through_zero()
#0 /Users/markpearson/Google Drive/Documents/Projects/My Websites/Teacherpedia/4.0 CI teacherpedia 1.1/Teacherpedia/ci4/system/View/View.php(246): include()
#1 /Users/markpearson/Google Drive/Documents/Projects/My Websites/Teacherpedia/4.0 CI teacherpedia 1.1/Teacherpedia/ci4/system/Common.php(1087): CodeIgniter\View\View->render('../../../resour...', Array, true)
#2 /Users/markpearson/Google Drive/Documents/Projects/My Websites/Teacherpedia/4.0 CI teacherpedia 1.1/Teacherpedia/ci4/app/Controllers/Resources.php(112): view('../../../resour...', Array)
#3 /Users/markpearson/Google Drive/Documents/Projects/My Websites/Teacherpedia/4.0 CI teacherpedia 1.1/Teacherpedia/ci4/system/CodeIgniter.php(914): App\Controllers\Resources->loadSheet('801')
#4 /Users/markpearson/Google Drive/Documents/Projects/My Websites/Teacherpedia/4.0 CI teacherpedia 1.1/Teacherpedia/ci4/system/CodeIgniter.php(400): CodeIgniter\CodeIgniter->runController(Object(App\Controllers\Resources))
#5 /Users/markpearson/Google Drive/Documents/Projects/My Websites/Teacherpedia/4.0 CI teacherpedia 1.1/Teacherpedia/ci4/system/CodeIgniter.php(308): CodeIgniter\CodeIgniter->handleRequest(NULL, Object(Config\Cache), false)
#6 /Users/markpearson/Google Drive/Documents/Projects/My Websites/Teacherpedia/4.0 CI teacherpedia 1.1/Teacherpedia/public_html/index.php(45): CodeIgniter\CodeIgniter->run()
#7 {main}
CRITICAL - 2020-09-06 15:06:42 --> Class 'App\Libraries\Words' not found
#0 /Users/markpearson/Google Drive/Documents/Projects/My Websites/Teacherpedia/4.0 CI teacherpedia 1.1/Teacherpedia/resources/2020/06-09/09-03-40/generator.php(46): App\Libraries\Number->words_write_in_numerals()
#1 /Users/markpearson/Google Drive/Documents/Projects/My Websites/Teacherpedia/4.0 CI teacherpedia 1.1/Teacherpedia/ci4/system/View/View.php(246): include('/Users/markpear...')
#2 /Users/markpearson/Google Drive/Documents/Projects/My Websites/Teacherpedia/4.0 CI teacherpedia 1.1/Teacherpedia/ci4/system/Common.php(1087): CodeIgniter\View\View->render('../../../resour...', Array, true)
#3 /Users/markpearson/Google Drive/Documents/Projects/My Websites/Teacherpedia/4.0 CI teacherpedia 1.1/Teacherpedia/ci4/app/Controllers/Resources.php(112): view('../../../resour...', Array)
#4 /Users/markpearson/Google Drive/Documents/Projects/My Websites/Teacherpedia/4.0 CI teacherpedia 1.1/Teacherpedia/ci4/system/CodeIgniter.php(914): App\Controllers\Resources->loadSheet('801')
#5 /Users/markpearson/Google Drive/Documents/Projects/My Websites/Teacherpedia/4.0 CI teacherpedia 1.1/Teacherpedia/ci4/system/CodeIgniter.php(400): CodeIgniter\CodeIgniter->runController(Object(App\Controllers\Resources))
#6 /Users/markpearson/Google Drive/Documents/Projects/My Websites/Teacherpedia/4.0 CI teacherpedia 1.1/Teacherpedia/ci4/system/CodeIgniter.php(308): CodeIgniter\CodeIgniter->handleRequest(NULL, Object(Config\Cache), false)
#7 /Users/markpearson/Google Drive/Documents/Projects/My Websites/Teacherpedia/4.0 CI teacherpedia 1.1/Teacherpedia/public_html/index.php(45): CodeIgniter\CodeIgniter->run()
#8 {main}
CRITICAL - 2020-09-06 15:07:33 --> Class 'App\Libraries\Words' not found
#0 /Users/markpearson/Google Drive/Documents/Projects/My Websites/Teacherpedia/4.0 CI teacherpedia 1.1/Teacherpedia/resources/2020/06-09/09-03-40/generator.php(46): App\Libraries\Number->words_write_in_numerals()
#1 /Users/markpearson/Google Drive/Documents/Projects/My Websites/Teacherpedia/4.0 CI teacherpedia 1.1/Teacherpedia/ci4/system/View/View.php(246): include('/Users/markpear...')
#2 /Users/markpearson/Google Drive/Documents/Projects/My Websites/Teacherpedia/4.0 CI teacherpedia 1.1/Teacherpedia/ci4/system/Common.php(1087): CodeIgniter\View\View->render('../../../resour...', Array, true)
#3 /Users/markpearson/Google Drive/Documents/Projects/My Websites/Teacherpedia/4.0 CI teacherpedia 1.1/Teacherpedia/ci4/app/Controllers/Resources.php(112): view('../../../resour...', Array)
#4 /Users/markpearson/Google Drive/Documents/Projects/My Websites/Teacherpedia/4.0 CI teacherpedia 1.1/Teacherpedia/ci4/system/CodeIgniter.php(914): App\Controllers\Resources->loadSheet('801')
#5 /Users/markpearson/Google Drive/Documents/Projects/My Websites/Teacherpedia/4.0 CI teacherpedia 1.1/Teacherpedia/ci4/system/CodeIgniter.php(400): CodeIgniter\CodeIgniter->runController(Object(App\Controllers\Resources))
#6 /Users/markpearson/Google Drive/Documents/Projects/My Websites/Teacherpedia/4.0 CI teacherpedia 1.1/Teacherpedia/ci4/system/CodeIgniter.php(308): CodeIgniter\CodeIgniter->handleRequest(NULL, Object(Config\Cache), false)
#7 /Users/markpearson/Google Drive/Documents/Projects/My Websites/Teacherpedia/4.0 CI teacherpedia 1.1/Teacherpedia/public_html/index.php(45): CodeIgniter\CodeIgniter->run()
#8 {main}
CRITICAL - 2020-09-06 15:07:34 --> Class 'App\Libraries\Words' not found
#0 /Users/markpearson/Google Drive/Documents/Projects/My Websites/Teacherpedia/4.0 CI teacherpedia 1.1/Teacherpedia/resources/2020/06-09/09-03-40/generator.php(46): App\Libraries\Number->words_write_in_numerals()
#1 /Users/markpearson/Google Drive/Documents/Projects/My Websites/Teacherpedia/4.0 CI teacherpedia 1.1/Teacherpedia/ci4/system/View/View.php(246): include('/Users/markpear...')
#2 /Users/markpearson/Google Drive/Documents/Projects/My Websites/Teacherpedia/4.0 CI teacherpedia 1.1/Teacherpedia/ci4/system/Common.php(1087): CodeIgniter\View\View->render('../../../resour...', Array, true)
#3 /Users/markpearson/Google Drive/Documents/Projects/My Websites/Teacherpedia/4.0 CI teacherpedia 1.1/Teacherpedia/ci4/app/Controllers/Resources.php(112): view('../../../resour...', Array)
#4 /Users/markpearson/Google Drive/Documents/Projects/My Websites/Teacherpedia/4.0 CI teacherpedia 1.1/Teacherpedia/ci4/system/CodeIgniter.php(914): App\Controllers\Resources->loadSheet('801')
#5 /Users/markpearson/Google Drive/Documents/Projects/My Websites/Teacherpedia/4.0 CI teacherpedia 1.1/Teacherpedia/ci4/system/CodeIgniter.php(400): CodeIgniter\CodeIgniter->runController(Object(App\Controllers\Resources))
#6 /Users/markpearson/Google Drive/Documents/Projects/My Websites/Teacherpedia/4.0 CI teacherpedia 1.1/Teacherpedia/ci4/system/CodeIgniter.php(308): CodeIgniter\CodeIgniter->handleRequest(NULL, Object(Config\Cache), false)
#7 /Users/markpearson/Google Drive/Documents/Projects/My Websites/Teacherpedia/4.0 CI teacherpedia 1.1/Teacherpedia/public_html/index.php(45): CodeIgniter\CodeIgniter->run()
#8 {main}
CRITICAL - 2020-09-06 15:08:41 --> Class 'App\Libraries\Words' not found
#0 /Users/markpearson/Google Drive/Documents/Projects/My Websites/Teacherpedia/4.0 CI teacherpedia 1.1/Teacherpedia/resources/2020/06-09/09-03-40/generator.php(46): App\Libraries\Number->words_write_in_numerals()
#1 /Users/markpearson/Google Drive/Documents/Projects/My Websites/Teacherpedia/4.0 CI teacherpedia 1.1/Teacherpedia/ci4/system/View/View.php(246): include('/Users/markpear...')
#2 /Users/markpearson/Google Drive/Documents/Projects/My Websites/Teacherpedia/4.0 CI teacherpedia 1.1/Teacherpedia/ci4/system/Common.php(1087): CodeIgniter\View\View->render('../../../resour...', Array, true)
#3 /Users/markpearson/Google Drive/Documents/Projects/My Websites/Teacherpedia/4.0 CI teacherpedia 1.1/Teacherpedia/ci4/app/Controllers/Resources.php(112): view('../../../resour...', Array)
#4 /Users/markpearson/Google Drive/Documents/Projects/My Websites/Teacherpedia/4.0 CI teacherpedia 1.1/Teacherpedia/ci4/system/CodeIgniter.php(914): App\Controllers\Resources->loadSheet('801')
#5 /Users/markpearson/Google Drive/Documents/Projects/My Websites/Teacherpedia/4.0 CI teacherpedia 1.1/Teacherpedia/ci4/system/CodeIgniter.php(400): CodeIgniter\CodeIgniter->runController(Object(App\Controllers\Resources))
#6 /Users/markpearson/Google Drive/Documents/Projects/My Websites/Teacherpedia/4.0 CI teacherpedia 1.1/Teacherpedia/ci4/system/CodeIgniter.php(308): CodeIgniter\CodeIgniter->handleRequest(NULL, Object(Config\Cache), false)
#7 /Users/markpearson/Google Drive/Documents/Projects/My Websites/Teacherpedia/4.0 CI teacherpedia 1.1/Teacherpedia/public_html/index.php(45): CodeIgniter\CodeIgniter->run()
#8 {main}
CRITICAL - 2020-09-06 15:09:59 --> Class 'App\Libraries\Words' not found
#0 /Users/markpearson/Google Drive/Documents/Projects/My Websites/Teacherpedia/4.0 CI teacherpedia 1.1/Teacherpedia/resources/2020/06-09/09-03-40/generator.php(46): App\Libraries\Number->words_write_in_numerals()
#1 /Users/markpearson/Google Drive/Documents/Projects/My Websites/Teacherpedia/4.0 CI teacherpedia 1.1/Teacherpedia/ci4/system/View/View.php(246): include('/Users/markpear...')
#2 /Users/markpearson/Google Drive/Documents/Projects/My Websites/Teacherpedia/4.0 CI teacherpedia 1.1/Teacherpedia/ci4/system/Common.php(1087): CodeIgniter\View\View->render('../../../resour...', Array, true)
#3 /Users/markpearson/Google Drive/Documents/Projects/My Websites/Teacherpedia/4.0 CI teacherpedia 1.1/Teacherpedia/ci4/app/Controllers/Resources.php(112): view('../../../resour...', Array)
#4 /Users/markpearson/Google Drive/Documents/Projects/My Websites/Teacherpedia/4.0 CI teacherpedia 1.1/Teacherpedia/ci4/system/CodeIgniter.php(914): App\Controllers\Resources->loadSheet('801')
#5 /Users/markpearson/Google Drive/Documents/Projects/My Websites/Teacherpedia/4.0 CI teacherpedia 1.1/Teacherpedia/ci4/system/CodeIgniter.php(400): CodeIgniter\CodeIgniter->runController(Object(App\Controllers\Resources))
#6 /Users/markpearson/Google Drive/Documents/Projects/My Websites/Teacherpedia/4.0 CI teacherpedia 1.1/Teacherpedia/ci4/system/CodeIgniter.php(308): CodeIgniter\CodeIgniter->handleRequest(NULL, Object(Config\Cache), false)
#7 /Users/markpearson/Google Drive/Documents/Projects/My Websites/Teacherpedia/4.0 CI teacherpedia 1.1/Teacherpedia/public_html/index.php(45): CodeIgniter\CodeIgniter->run()
#8 {main}
CRITICAL - 2020-09-06 15:10:11 --> Class 'App\Libraries\Words' not found
#0 /Users/markpearson/Google Drive/Documents/Projects/My Websites/Teacherpedia/4.0 CI teacherpedia 1.1/Teacherpedia/resources/2020/06-09/09-03-40/generator.php(46): App\Libraries\Number->words_write_in_numerals()
#1 /Users/markpearson/Google Drive/Documents/Projects/My Websites/Teacherpedia/4.0 CI teacherpedia 1.1/Teacherpedia/ci4/system/View/View.php(246): include('/Users/markpear...')
#2 /Users/markpearson/Google Drive/Documents/Projects/My Websites/Teacherpedia/4.0 CI teacherpedia 1.1/Teacherpedia/ci4/system/Common.php(1087): CodeIgniter\View\View->render('../../../resour...', Array, true)
#3 /Users/markpearson/Google Drive/Documents/Projects/My Websites/Teacherpedia/4.0 CI teacherpedia 1.1/Teacherpedia/ci4/app/Controllers/Resources.php(112): view('../../../resour...', Array)
#4 /Users/markpearson/Google Drive/Documents/Projects/My Websites/Teacherpedia/4.0 CI teacherpedia 1.1/Teacherpedia/ci4/system/CodeIgniter.php(914): App\Controllers\Resources->loadSheet('801')
#5 /Users/markpearson/Google Drive/Documents/Projects/My Websites/Teacherpedia/4.0 CI teacherpedia 1.1/Teacherpedia/ci4/system/CodeIgniter.php(400): CodeIgniter\CodeIgniter->runController(Object(App\Controllers\Resources))
#6 /Users/markpearson/Google Drive/Documents/Projects/My Websites/Teacherpedia/4.0 CI teacherpedia 1.1/Teacherpedia/ci4/system/CodeIgniter.php(308): CodeIgniter\CodeIgniter->handleRequest(NULL, Object(Config\Cache), false)
#7 /Users/markpearson/Google Drive/Documents/Projects/My Websites/Teacherpedia/4.0 CI teacherpedia 1.1/Teacherpedia/public_html/index.php(45): CodeIgniter\CodeIgniter->run()
#8 {main}
CRITICAL - 2020-09-06 15:10:12 --> Class 'App\Libraries\Words' not found
#0 /Users/markpearson/Google Drive/Documents/Projects/My Websites/Teacherpedia/4.0 CI teacherpedia 1.1/Teacherpedia/resources/2020/06-09/09-03-40/generator.php(46): App\Libraries\Number->words_write_in_numerals()
#1 /Users/markpearson/Google Drive/Documents/Projects/My Websites/Teacherpedia/4.0 CI teacherpedia 1.1/Teacherpedia/ci4/system/View/View.php(246): include('/Users/markpear...')
#2 /Users/markpearson/Google Drive/Documents/Projects/My Websites/Teacherpedia/4.0 CI teacherpedia 1.1/Teacherpedia/ci4/system/Common.php(1087): CodeIgniter\View\View->render('../../../resour...', Array, true)
#3 /Users/markpearson/Google Drive/Documents/Projects/My Websites/Teacherpedia/4.0 CI teacherpedia 1.1/Teacherpedia/ci4/app/Controllers/Resources.php(112): view('../../../resour...', Array)
#4 /Users/markpearson/Google Drive/Documents/Projects/My Websites/Teacherpedia/4.0 CI teacherpedia 1.1/Teacherpedia/ci4/system/CodeIgniter.php(914): App\Controllers\Resources->loadSheet('801')
#5 /Users/markpearson/Google Drive/Documents/Projects/My Websites/Teacherpedia/4.0 CI teacherpedia 1.1/Teacherpedia/ci4/system/CodeIgniter.php(400): CodeIgniter\CodeIgniter->runController(Object(App\Controllers\Resources))
#6 /Users/markpearson/Google Drive/Documents/Projects/My Websites/Teacherpedia/4.0 CI teacherpedia 1.1/Teacherpedia/ci4/system/CodeIgniter.php(308): CodeIgniter\CodeIgniter->handleRequest(NULL, Object(Config\Cache), false)
#7 /Users/markpearson/Google Drive/Documents/Projects/My Websites/Teacherpedia/4.0 CI teacherpedia 1.1/Teacherpedia/public_html/index.php(45): CodeIgniter\CodeIgniter->run()
#8 {main}
CRITICAL - 2020-09-06 15:10:37 --> Class 'App\Libraries\Words' not found
#0 /Users/markpearson/Google Drive/Documents/Projects/My Websites/Teacherpedia/4.0 CI teacherpedia 1.1/Teacherpedia/resources/2020/06-09/09-03-40/generator.php(46): App\Libraries\Number->words_write_in_numerals()
#1 /Users/markpearson/Google Drive/Documents/Projects/My Websites/Teacherpedia/4.0 CI teacherpedia 1.1/Teacherpedia/ci4/system/View/View.php(246): include('/Users/markpear...')
#2 /Users/markpearson/Google Drive/Documents/Projects/My Websites/Teacherpedia/4.0 CI teacherpedia 1.1/Teacherpedia/ci4/system/Common.php(1087): CodeIgniter\View\View->render('../../../resour...', Array, true)
#3 /Users/markpearson/Google Drive/Documents/Projects/My Websites/Teacherpedia/4.0 CI teacherpedia 1.1/Teacherpedia/ci4/app/Controllers/Resources.php(112): view('../../../resour...', Array)
#4 /Users/markpearson/Google Drive/Documents/Projects/My Websites/Teacherpedia/4.0 CI teacherpedia 1.1/Teacherpedia/ci4/system/CodeIgniter.php(914): App\Controllers\Resources->loadSheet('801')
#5 /Users/markpearson/Google Drive/Documents/Projects/My Websites/Teacherpedia/4.0 CI teacherpedia 1.1/Teacherpedia/ci4/system/CodeIgniter.php(400): CodeIgniter\CodeIgniter->runController(Object(App\Controllers\Resources))
#6 /Users/markpearson/Google Drive/Documents/Projects/My Websites/Teacherpedia/4.0 CI teacherpedia 1.1/Teacherpedia/ci4/system/CodeIgniter.php(308): CodeIgniter\CodeIgniter->handleRequest(NULL, Object(Config\Cache), false)
#7 /Users/markpearson/Google Drive/Documents/Projects/My Websites/Teacherpedia/4.0 CI teacherpedia 1.1/Teacherpedia/public_html/index.php(45): CodeIgniter\CodeIgniter->run()
#8 {main}
CRITICAL - 2020-09-06 15:42:21 --> Undefined index: answer_array
#0 /Users/markpearson/Google Drive/Documents/Projects/My Websites/Teacherpedia/4.0 CI teacherpedia 1.1/Teacherpedia/resources/2020/06-09/09-03-40/generator.php(63): CodeIgniter\Debug\Exceptions->errorHandler(8, 'Undefined index...', '/Users/markpear...', 63, Array)
#1 /Users/markpearson/Google Drive/Documents/Projects/My Websites/Teacherpedia/4.0 CI teacherpedia 1.1/Teacherpedia/ci4/system/View/View.php(246): include('/Users/markpear...')
#2 /Users/markpearson/Google Drive/Documents/Projects/My Websites/Teacherpedia/4.0 CI teacherpedia 1.1/Teacherpedia/ci4/system/Common.php(1087): CodeIgniter\View\View->render('../../../resour...', Array, true)
#3 /Users/markpearson/Google Drive/Documents/Projects/My Websites/Teacherpedia/4.0 CI teacherpedia 1.1/Teacherpedia/ci4/app/Controllers/Resources.php(112): view('../../../resour...', Array)
#4 /Users/markpearson/Google Drive/Documents/Projects/My Websites/Teacherpedia/4.0 CI teacherpedia 1.1/Teacherpedia/ci4/system/CodeIgniter.php(914): App\Controllers\Resources->loadSheet('801')
#5 /Users/markpearson/Google Drive/Documents/Projects/My Websites/Teacherpedia/4.0 CI teacherpedia 1.1/Teacherpedia/ci4/system/CodeIgniter.php(400): CodeIgniter\CodeIgniter->runController(Object(App\Controllers\Resources))
#6 /Users/markpearson/Google Drive/Documents/Projects/My Websites/Teacherpedia/4.0 CI teacherpedia 1.1/Teacherpedia/ci4/system/CodeIgniter.php(308): CodeIgniter\CodeIgniter->handleRequest(NULL, Object(Config\Cache), false)
#7 /Users/markpearson/Google Drive/Documents/Projects/My Websites/Teacherpedia/4.0 CI teacherpedia 1.1/Teacherpedia/public_html/index.php(45): CodeIgniter\CodeIgniter->run()
#8 {main}
CRITICAL - 2020-09-06 15:44:13 --> Undefined index: answer_array
#0 /Users/markpearson/Google Drive/Documents/Projects/My Websites/Teacherpedia/4.0 CI teacherpedia 1.1/Teacherpedia/resources/2020/06-09/09-03-40/generator.php(63): CodeIgniter\Debug\Exceptions->errorHandler(8, 'Undefined index...', '/Users/markpear...', 63, Array)
#1 /Users/markpearson/Google Drive/Documents/Projects/My Websites/Teacherpedia/4.0 CI teacherpedia 1.1/Teacherpedia/ci4/system/View/View.php(246): include('/Users/markpear...')
#2 /Users/markpearson/Google Drive/Documents/Projects/My Websites/Teacherpedia/4.0 CI teacherpedia 1.1/Teacherpedia/ci4/system/Common.php(1087): CodeIgniter\View\View->render('../../../resour...', Array, true)
#3 /Users/markpearson/Google Drive/Documents/Projects/My Websites/Teacherpedia/4.0 CI teacherpedia 1.1/Teacherpedia/ci4/app/Controllers/Resources.php(112): view('../../../resour...', Array)
#4 /Users/markpearson/Google Drive/Documents/Projects/My Websites/Teacherpedia/4.0 CI teacherpedia 1.1/Teacherpedia/ci4/system/CodeIgniter.php(914): App\Controllers\Resources->loadSheet('801')
#5 /Users/markpearson/Google Drive/Documents/Projects/My Websites/Teacherpedia/4.0 CI teacherpedia 1.1/Teacherpedia/ci4/system/CodeIgniter.php(400): CodeIgniter\CodeIgniter->runController(Object(App\Controllers\Resources))
#6 /Users/markpearson/Google Drive/Documents/Projects/My Websites/Teacherpedia/4.0 CI teacherpedia 1.1/Teacherpedia/ci4/system/CodeIgniter.php(308): CodeIgniter\CodeIgniter->handleRequest(NULL, Object(Config\Cache), false)
#7 /Users/markpearson/Google Drive/Documents/Projects/My Websites/Teacherpedia/4.0 CI teacherpedia 1.1/Teacherpedia/public_html/index.php(45): CodeIgniter\CodeIgniter->run()
#8 {main}
CRITICAL - 2020-09-06 15:44:29 --> Cannot use isset() on the result of an expression (you can use "null !== expression" instead)
#0 [internal function]: CodeIgniter\Debug\Exceptions->shutdownHandler()
#1 {main}
CRITICAL - 2020-09-06 16:45:24 --> Undefined index: resource_name
#0 /Users/markpearson/Google Drive/Documents/Projects/My Websites/Teacherpedia/4.0 CI teacherpedia 1.1/Teacherpedia/ci4/app/Controllers/Admin/Resources.php(257): CodeIgniter\Debug\Exceptions->errorHandler(8, 'Undefined index...', '/Users/markpear...', 257, Array)
#1 /Users/markpearson/Google Drive/Documents/Projects/My Websites/Teacherpedia/4.0 CI teacherpedia 1.1/Teacherpedia/ci4/system/CodeIgniter.php(914): App\Controllers\Admin\Resources->do_uploads()
#2 /Users/markpearson/Google Drive/Documents/Projects/My Websites/Teacherpedia/4.0 CI teacherpedia 1.1/Teacherpedia/ci4/system/CodeIgniter.php(400): CodeIgniter\CodeIgniter->runController(Object(App\Controllers\Admin\Resources))
#3 /Users/markpearson/Google Drive/Documents/Projects/My Websites/Teacherpedia/4.0 CI teacherpedia 1.1/Teacherpedia/ci4/system/CodeIgniter.php(308): CodeIgniter\CodeIgniter->handleRequest(NULL, Object(Config\Cache), false)
#4 /Users/markpearson/Google Drive/Documents/Projects/My Websites/Teacherpedia/4.0 CI teacherpedia 1.1/Teacherpedia/public_html/index.php(45): CodeIgniter\CodeIgniter->run()
#5 {main}
CRITICAL - 2020-09-06 16:45:34 --> include(year3table.php): failed to open stream: No such file or directory
#0 /Users/markpearson/Google Drive/Documents/Projects/My Websites/Teacherpedia/4.0 CI teacherpedia 1.1/Teacherpedia/resources/2020/06-09/16-45-24/index.php(26): CodeIgniter\Debug\Exceptions->errorHandler(2, 'include(year3ta...', '/Users/markpear...', 26, Array)
#1 /Users/markpearson/Google Drive/Documents/Projects/My Websites/Teacherpedia/4.0 CI teacherpedia 1.1/Teacherpedia/resources/2020/06-09/16-45-24/index.php(26): include()
#2 /Users/markpearson/Google Drive/Documents/Projects/My Websites/Teacherpedia/4.0 CI teacherpedia 1.1/Teacherpedia/ci4/system/View/View.php(246): include('/Users/markpear...')
#3 /Users/markpearson/Google Drive/Documents/Projects/My Websites/Teacherpedia/4.0 CI teacherpedia 1.1/Teacherpedia/ci4/system/Common.php(1087): CodeIgniter\View\View->render('../../../resour...', Array, true)
#4 /Users/markpearson/Google Drive/Documents/Projects/My Websites/Teacherpedia/4.0 CI teacherpedia 1.1/Teacherpedia/ci4/app/Controllers/Resources.php(93): view('../../../resour...', Array)
#5 /Users/markpearson/Google Drive/Documents/Projects/My Websites/Teacherpedia/4.0 CI teacherpedia 1.1/Teacherpedia/ci4/system/CodeIgniter.php(914): App\Controllers\Resources->load()
#6 /Users/markpearson/Google Drive/Documents/Projects/My Websites/Teacherpedia/4.0 CI teacherpedia 1.1/Teacherpedia/ci4/system/CodeIgniter.php(400): CodeIgniter\CodeIgniter->runController(Object(App\Controllers\Resources))
#7 /Users/markpearson/Google Drive/Documents/Projects/My Websites/Teacherpedia/4.0 CI teacherpedia 1.1/Teacherpedia/ci4/system/CodeIgniter.php(308): CodeIgniter\CodeIgniter->handleRequest(NULL, Object(Config\Cache), false)
#8 /Users/markpearson/Google Drive/Documents/Projects/My Websites/Teacherpedia/4.0 CI teacherpedia 1.1/Teacherpedia/public_html/index.php(45): CodeIgniter\CodeIgniter->run()
#9 {main}
CRITICAL - 2020-09-06 16:46:49 --> Class 'App\Libraries\Words' not found
#0 /Users/markpearson/Google Drive/Documents/Projects/My Websites/Teacherpedia/4.0 CI teacherpedia 1.1/Teacherpedia/resources/2020/06-09/16-45-24/generator.php(46): App\Libraries\Number->size_order_words()
#1 /Users/markpearson/Google Drive/Documents/Projects/My Websites/Teacherpedia/4.0 CI teacherpedia 1.1/Teacherpedia/ci4/system/View/View.php(246): include('/Users/markpear...')
#2 /Users/markpearson/Google Drive/Documents/Projects/My Websites/Teacherpedia/4.0 CI teacherpedia 1.1/Teacherpedia/ci4/system/Common.php(1087): CodeIgniter\View\View->render('../../../resour...', Array, true)
#3 /Users/markpearson/Google Drive/Documents/Projects/My Websites/Teacherpedia/4.0 CI teacherpedia 1.1/Teacherpedia/ci4/app/Controllers/Resources.php(112): view('../../../resour...', Array)
#4 /Users/markpearson/Google Drive/Documents/Projects/My Websites/Teacherpedia/4.0 CI teacherpedia 1.1/Teacherpedia/ci4/system/CodeIgniter.php(914): App\Controllers\Resources->loadSheet('802')
#5 /Users/markpearson/Google Drive/Documents/Projects/My Websites/Teacherpedia/4.0 CI teacherpedia 1.1/Teacherpedia/ci4/system/CodeIgniter.php(400): CodeIgniter\CodeIgniter->runController(Object(App\Controllers\Resources))
#6 /Users/markpearson/Google Drive/Documents/Projects/My Websites/Teacherpedia/4.0 CI teacherpedia 1.1/Teacherpedia/ci4/system/CodeIgniter.php(308): CodeIgniter\CodeIgniter->handleRequest(NULL, Object(Config\Cache), false)
#7 /Users/markpearson/Google Drive/Documents/Projects/My Websites/Teacherpedia/4.0 CI teacherpedia 1.1/Teacherpedia/public_html/index.php(45): CodeIgniter\CodeIgniter->run()
#8 {main}
CRITICAL - 2020-09-06 16:48:18 --> Call to undefined method App\Libraries\Number::numbers_in_words()
#0 /Users/markpearson/Google Drive/Documents/Projects/My Websites/Teacherpedia/4.0 CI teacherpedia 1.1/Teacherpedia/resources/2020/06-09/16-45-24/generator.php(46): App\Libraries\Number->size_order_words()
#1 /Users/markpearson/Google Drive/Documents/Projects/My Websites/Teacherpedia/4.0 CI teacherpedia 1.1/Teacherpedia/ci4/system/View/View.php(246): include('/Users/markpear...')
#2 /Users/markpearson/Google Drive/Documents/Projects/My Websites/Teacherpedia/4.0 CI teacherpedia 1.1/Teacherpedia/ci4/system/Common.php(1087): CodeIgniter\View\View->render('../../../resour...', Array, true)
#3 /Users/markpearson/Google Drive/Documents/Projects/My Websites/Teacherpedia/4.0 CI teacherpedia 1.1/Teacherpedia/ci4/app/Controllers/Resources.php(112): view('../../../resour...', Array)
#4 /Users/markpearson/Google Drive/Documents/Projects/My Websites/Teacherpedia/4.0 CI teacherpedia 1.1/Teacherpedia/ci4/system/CodeIgniter.php(914): App\Controllers\Resources->loadSheet('802')
#5 /Users/markpearson/Google Drive/Documents/Projects/My Websites/Teacherpedia/4.0 CI teacherpedia 1.1/Teacherpedia/ci4/system/CodeIgniter.php(400): CodeIgniter\CodeIgniter->runController(Object(App\Controllers\Resources))
#6 /Users/markpearson/Google Drive/Documents/Projects/My Websites/Teacherpedia/4.0 CI teacherpedia 1.1/Teacherpedia/ci4/system/CodeIgniter.php(308): CodeIgniter\CodeIgniter->handleRequest(NULL, Object(Config\Cache), false)
#7 /Users/markpearson/Google Drive/Documents/Projects/My Websites/Teacherpedia/4.0 CI teacherpedia 1.1/Teacherpedia/public_html/index.php(45): CodeIgniter\CodeIgniter->run()
#8 {main}
CRITICAL - 2020-09-06 16:49:05 --> Call to undefined method App\Libraries\Number::numbers_in_words()
#0 /Users/markpearson/Google Drive/Documents/Projects/My Websites/Teacherpedia/4.0 CI teacherpedia 1.1/Teacherpedia/resources/2020/06-09/16-45-24/generator.php(46): App\Libraries\Number->size_order_words()
#1 /Users/markpearson/Google Drive/Documents/Projects/My Websites/Teacherpedia/4.0 CI teacherpedia 1.1/Teacherpedia/ci4/system/View/View.php(246): include('/Users/markpear...')
#2 /Users/markpearson/Google Drive/Documents/Projects/My Websites/Teacherpedia/4.0 CI teacherpedia 1.1/Teacherpedia/ci4/system/Common.php(1087): CodeIgniter\View\View->render('../../../resour...', Array, true)
#3 /Users/markpearson/Google Drive/Documents/Projects/My Websites/Teacherpedia/4.0 CI teacherpedia 1.1/Teacherpedia/ci4/app/Controllers/Resources.php(112): view('../../../resour...', Array)
#4 /Users/markpearson/Google Drive/Documents/Projects/My Websites/Teacherpedia/4.0 CI teacherpedia 1.1/Teacherpedia/ci4/system/CodeIgniter.php(914): App\Controllers\Resources->loadSheet('802')
#5 /Users/markpearson/Google Drive/Documents/Projects/My Websites/Teacherpedia/4.0 CI teacherpedia 1.1/Teacherpedia/ci4/system/CodeIgniter.php(400): CodeIgniter\CodeIgniter->runController(Object(App\Controllers\Resources))
#6 /Users/markpearson/Google Drive/Documents/Projects/My Websites/Teacherpedia/4.0 CI teacherpedia 1.1/Teacherpedia/ci4/system/CodeIgniter.php(308): CodeIgniter\CodeIgniter->handleRequest(NULL, Object(Config\Cache), false)
#7 /Users/markpearson/Google Drive/Documents/Projects/My Websites/Teacherpedia/4.0 CI teacherpedia 1.1/Teacherpedia/public_html/index.php(45): CodeIgniter\CodeIgniter->run()
#8 {main}
CRITICAL - 2020-09-06 16:49:23 --> Class 'App\Libraries\Words' not found
#0 /Users/markpearson/Google Drive/Documents/Projects/My Websites/Teacherpedia/4.0 CI teacherpedia 1.1/Teacherpedia/resources/2020/06-09/16-45-24/generator.php(46): App\Libraries\Number->write_numerals_in_words()
#1 /Users/markpearson/Google Drive/Documents/Projects/My Websites/Teacherpedia/4.0 CI teacherpedia 1.1/Teacherpedia/ci4/system/View/View.php(246): include('/Users/markpear...')
#2 /Users/markpearson/Google Drive/Documents/Projects/My Websites/Teacherpedia/4.0 CI teacherpedia 1.1/Teacherpedia/ci4/system/Common.php(1087): CodeIgniter\View\View->render('../../../resour...', Array, true)
#3 /Users/markpearson/Google Drive/Documents/Projects/My Websites/Teacherpedia/4.0 CI teacherpedia 1.1/Teacherpedia/ci4/app/Controllers/Resources.php(112): view('../../../resour...', Array)
#4 /Users/markpearson/Google Drive/Documents/Projects/My Websites/Teacherpedia/4.0 CI teacherpedia 1.1/Teacherpedia/ci4/system/CodeIgniter.php(914): App\Controllers\Resources->loadSheet('802')
#5 /Users/markpearson/Google Drive/Documents/Projects/My Websites/Teacherpedia/4.0 CI teacherpedia 1.1/Teacherpedia/ci4/system/CodeIgniter.php(400): CodeIgniter\CodeIgniter->runController(Object(App\Controllers\Resources))
#6 /Users/markpearson/Google Drive/Documents/Projects/My Websites/Teacherpedia/4.0 CI teacherpedia 1.1/Teacherpedia/ci4/system/CodeIgniter.php(308): CodeIgniter\CodeIgniter->handleRequest(NULL, Object(Config\Cache), false)
#7 /Users/markpearson/Google Drive/Documents/Projects/My Websites/Teacherpedia/4.0 CI teacherpedia 1.1/Teacherpedia/public_html/index.php(45): CodeIgniter\CodeIgniter->run()
#8 {main}
CRITICAL - 2020-09-06 17:46:33 --> syntax error, unexpected 'as' (T_AS)
#0 /Users/markpearson/Google Drive/Documents/Projects/My Websites/Teacherpedia/4.0 CI teacherpedia 1.1/Teacherpedia/ci4/system/Autoloader/Autoloader.php(296): CodeIgniter\Autoloader\Autoloader->requireFile('/Users/markpear...')
#1 /Users/markpearson/Google Drive/Documents/Projects/My Websites/Teacherpedia/4.0 CI teacherpedia 1.1/Teacherpedia/ci4/system/Autoloader/Autoloader.php(258): CodeIgniter\Autoloader\Autoloader->loadInNamespace('App\\Libraries\\N...')
#2 [internal function]: CodeIgniter\Autoloader\Autoloader->loadClass('App\\Libraries\\N...')
#3 /Users/markpearson/Google Drive/Documents/Projects/My Websites/Teacherpedia/4.0 CI teacherpedia 1.1/Teacherpedia/resources/2020/06-09/16-45-24/generator.php(7): spl_autoload_call('App\\Libraries\\N...')
#4 /Users/markpearson/Google Drive/Documents/Projects/My Websites/Teacherpedia/4.0 CI teacherpedia 1.1/Teacherpedia/ci4/system/View/View.php(246): include('/Users/markpear...')
#5 /Users/markpearson/Google Drive/Documents/Projects/My Websites/Teacherpedia/4.0 CI teacherpedia 1.1/Teacherpedia/ci4/system/Common.php(1087): CodeIgniter\View\View->render('../../../resour...', Array, true)
#6 /Users/markpearson/Google Drive/Documents/Projects/My Websites/Teacherpedia/4.0 CI teacherpedia 1.1/Teacherpedia/ci4/app/Controllers/Resources.php(112): view('../../../resour...', Array)
#7 /Users/markpearson/Google Drive/Documents/Projects/My Websites/Teacherpedia/4.0 CI teacherpedia 1.1/Teacherpedia/ci4/system/CodeIgniter.php(914): App\Controllers\Resources->loadSheet('802')
#8 /Users/markpearson/Google Drive/Documents/Projects/My Websites/Teacherpedia/4.0 CI teacherpedia 1.1/Teacherpedia/ci4/system/CodeIgniter.php(400): CodeIgniter\CodeIgniter->runController(Object(App\Controllers\Resources))
#9 /Users/markpearson/Google Drive/Documents/Projects/My Websites/Teacherpedia/4.0 CI teacherpedia 1.1/Teacherpedia/ci4/system/CodeIgniter.php(308): CodeIgniter\CodeIgniter->handleRequest(NULL, Object(Config\Cache), false)
#10 /Users/markpearson/Google Drive/Documents/Projects/My Websites/Teacherpedia/4.0 CI teacherpedia 1.1/Teacherpedia/public_html/index.php(45): CodeIgniter\CodeIgniter->run()
#11 {main}
CRITICAL - 2020-09-06 17:46:46 --> syntax error, unexpected '-', expecting :: (T_PAAMAYIM_NEKUDOTAYIM)
#0 /Users/markpearson/Google Drive/Documents/Projects/My Websites/Teacherpedia/4.0 CI teacherpedia 1.1/Teacherpedia/ci4/system/Autoloader/Autoloader.php(296): CodeIgniter\Autoloader\Autoloader->requireFile('/Users/markpear...')
#1 /Users/markpearson/Google Drive/Documents/Projects/My Websites/Teacherpedia/4.0 CI teacherpedia 1.1/Teacherpedia/ci4/system/Autoloader/Autoloader.php(258): CodeIgniter\Autoloader\Autoloader->loadInNamespace('App\\Libraries\\N...')
#2 [internal function]: CodeIgniter\Autoloader\Autoloader->loadClass('App\\Libraries\\N...')
#3 /Users/markpearson/Google Drive/Documents/Projects/My Websites/Teacherpedia/4.0 CI teacherpedia 1.1/Teacherpedia/resources/2020/06-09/16-45-24/generator.php(7): spl_autoload_call('App\\Libraries\\N...')
#4 /Users/markpearson/Google Drive/Documents/Projects/My Websites/Teacherpedia/4.0 CI teacherpedia 1.1/Teacherpedia/ci4/system/View/View.php(246): include('/Users/markpear...')
#5 /Users/markpearson/Google Drive/Documents/Projects/My Websites/Teacherpedia/4.0 CI teacherpedia 1.1/Teacherpedia/ci4/system/Common.php(1087): CodeIgniter\View\View->render('../../../resour...', Array, true)
#6 /Users/markpearson/Google Drive/Documents/Projects/My Websites/Teacherpedia/4.0 CI teacherpedia 1.1/Teacherpedia/ci4/app/Controllers/Resources.php(112): view('../../../resour...', Array)
#7 /Users/markpearson/Google Drive/Documents/Projects/My Websites/Teacherpedia/4.0 CI teacherpedia 1.1/Teacherpedia/ci4/system/CodeIgniter.php(914): App\Controllers\Resources->loadSheet('802')
#8 /Users/markpearson/Google Drive/Documents/Projects/My Websites/Teacherpedia/4.0 CI teacherpedia 1.1/Teacherpedia/ci4/system/CodeIgniter.php(400): CodeIgniter\CodeIgniter->runController(Object(App\Controllers\Resources))
#9 /Users/markpearson/Google Drive/Documents/Projects/My Websites/Teacherpedia/4.0 CI teacherpedia 1.1/Teacherpedia/ci4/system/CodeIgniter.php(308): CodeIgniter\CodeIgniter->handleRequest(NULL, Object(Config\Cache), false)
#10 /Users/markpearson/Google Drive/Documents/Projects/My Websites/Teacherpedia/4.0 CI teacherpedia 1.1/Teacherpedia/public_html/index.php(45): CodeIgniter\CodeIgniter->run()
#11 {main}
CRITICAL - 2020-09-06 17:46:47 --> syntax error, unexpected '-', expecting :: (T_PAAMAYIM_NEKUDOTAYIM)
#0 /Users/markpearson/Google Drive/Documents/Projects/My Websites/Teacherpedia/4.0 CI teacherpedia 1.1/Teacherpedia/ci4/system/Autoloader/Autoloader.php(296): CodeIgniter\Autoloader\Autoloader->requireFile('/Users/markpear...')
#1 /Users/markpearson/Google Drive/Documents/Projects/My Websites/Teacherpedia/4.0 CI teacherpedia 1.1/Teacherpedia/ci4/system/Autoloader/Autoloader.php(258): CodeIgniter\Autoloader\Autoloader->loadInNamespace('App\\Libraries\\N...')
#2 [internal function]: CodeIgniter\Autoloader\Autoloader->loadClass('App\\Libraries\\N...')
#3 /Users/markpearson/Google Drive/Documents/Projects/My Websites/Teacherpedia/4.0 CI teacherpedia 1.1/Teacherpedia/resources/2020/06-09/16-45-24/generator.php(7): spl_autoload_call('App\\Libraries\\N...')
#4 /Users/markpearson/Google Drive/Documents/Projects/My Websites/Teacherpedia/4.0 CI teacherpedia 1.1/Teacherpedia/ci4/system/View/View.php(246): include('/Users/markpear...')
#5 /Users/markpearson/Google Drive/Documents/Projects/My Websites/Teacherpedia/4.0 CI teacherpedia 1.1/Teacherpedia/ci4/system/Common.php(1087): CodeIgniter\View\View->render('../../../resour...', Array, true)
#6 /Users/markpearson/Google Drive/Documents/Projects/My Websites/Teacherpedia/4.0 CI teacherpedia 1.1/Teacherpedia/ci4/app/Controllers/Resources.php(112): view('../../../resour...', Array)
#7 /Users/markpearson/Google Drive/Documents/Projects/My Websites/Teacherpedia/4.0 CI teacherpedia 1.1/Teacherpedia/ci4/system/CodeIgniter.php(914): App\Controllers\Resources->loadSheet('802')
#8 /Users/markpearson/Google Drive/Documents/Projects/My Websites/Teacherpedia/4.0 CI teacherpedia 1.1/Teacherpedia/ci4/system/CodeIgniter.php(400): CodeIgniter\CodeIgniter->runController(Object(App\Controllers\Resources))
#9 /Users/markpearson/Google Drive/Documents/Projects/My Websites/Teacherpedia/4.0 CI teacherpedia 1.1/Teacherpedia/ci4/system/CodeIgniter.php(308): CodeIgniter\CodeIgniter->handleRequest(NULL, Object(Config\Cache), false)
#10 /Users/markpearson/Google Drive/Documents/Projects/My Websites/Teacherpedia/4.0 CI teacherpedia 1.1/Teacherpedia/public_html/index.php(45): CodeIgniter\CodeIgniter->run()
#11 {main}
CRITICAL - 2020-09-06 17:47:53 --> syntax error, unexpected '-', expecting :: (T_PAAMAYIM_NEKUDOTAYIM)
#0 /Users/markpearson/Google Drive/Documents/Projects/My Websites/Teacherpedia/4.0 CI teacherpedia 1.1/Teacherpedia/ci4/system/Autoloader/Autoloader.php(296): CodeIgniter\Autoloader\Autoloader->requireFile('/Users/markpear...')
#1 /Users/markpearson/Google Drive/Documents/Projects/My Websites/Teacherpedia/4.0 CI teacherpedia 1.1/Teacherpedia/ci4/system/Autoloader/Autoloader.php(258): CodeIgniter\Autoloader\Autoloader->loadInNamespace('App\\Libraries\\N...')
#2 [internal function]: CodeIgniter\Autoloader\Autoloader->loadClass('App\\Libraries\\N...')
#3 /Users/markpearson/Google Drive/Documents/Projects/My Websites/Teacherpedia/4.0 CI teacherpedia 1.1/Teacherpedia/resources/2020/06-09/16-45-24/generator.php(7): spl_autoload_call('App\\Libraries\\N...')
#4 /Users/markpearson/Google Drive/Documents/Projects/My Websites/Teacherpedia/4.0 CI teacherpedia 1.1/Teacherpedia/ci4/system/View/View.php(246): include('/Users/markpear...')
#5 /Users/markpearson/Google Drive/Documents/Projects/My Websites/Teacherpedia/4.0 CI teacherpedia 1.1/Teacherpedia/ci4/system/Common.php(1087): CodeIgniter\View\View->render('../../../resour...', Array, true)
#6 /Users/markpearson/Google Drive/Documents/Projects/My Websites/Teacherpedia/4.0 CI teacherpedia 1.1/Teacherpedia/ci4/app/Controllers/Resources.php(112): view('../../../resour...', Array)
#7 /Users/markpearson/Google Drive/Documents/Projects/My Websites/Teacherpedia/4.0 CI teacherpedia 1.1/Teacherpedia/ci4/system/CodeIgniter.php(914): App\Controllers\Resources->loadSheet('802')
#8 /Users/markpearson/Google Drive/Documents/Projects/My Websites/Teacherpedia/4.0 CI teacherpedia 1.1/Teacherpedia/ci4/system/CodeIgniter.php(400): CodeIgniter\CodeIgniter->runController(Object(App\Controllers\Resources))
#9 /Users/markpearson/Google Drive/Documents/Projects/My Websites/Teacherpedia/4.0 CI teacherpedia 1.1/Teacherpedia/ci4/system/CodeIgniter.php(308): CodeIgniter\CodeIgniter->handleRequest(NULL, Object(Config\Cache), false)
#10 /Users/markpearson/Google Drive/Documents/Projects/My Websites/Teacherpedia/4.0 CI teacherpedia 1.1/Teacherpedia/public_html/index.php(45): CodeIgniter\CodeIgniter->run()
#11 {main}
CRITICAL - 2020-09-06 17:47:54 --> syntax error, unexpected '-', expecting :: (T_PAAMAYIM_NEKUDOTAYIM)
#0 /Users/markpearson/Google Drive/Documents/Projects/My Websites/Teacherpedia/4.0 CI teacherpedia 1.1/Teacherpedia/ci4/system/Autoloader/Autoloader.php(296): CodeIgniter\Autoloader\Autoloader->requireFile('/Users/markpear...')
#1 /Users/markpearson/Google Drive/Documents/Projects/My Websites/Teacherpedia/4.0 CI teacherpedia 1.1/Teacherpedia/ci4/system/Autoloader/Autoloader.php(258): CodeIgniter\Autoloader\Autoloader->loadInNamespace('App\\Libraries\\N...')
#2 [internal function]: CodeIgniter\Autoloader\Autoloader->loadClass('App\\Libraries\\N...')
#3 /Users/markpearson/Google Drive/Documents/Projects/My Websites/Teacherpedia/4.0 CI teacherpedia 1.1/Teacherpedia/resources/2020/06-09/16-45-24/generator.php(7): spl_autoload_call('App\\Libraries\\N...')
#4 /Users/markpearson/Google Drive/Documents/Projects/My Websites/Teacherpedia/4.0 CI teacherpedia 1.1/Teacherpedia/ci4/system/View/View.php(246): include('/Users/markpear...')
#5 /Users/markpearson/Google Drive/Documents/Projects/My Websites/Teacherpedia/4.0 CI teacherpedia 1.1/Teacherpedia/ci4/system/Common.php(1087): CodeIgniter\View\View->render('../../../resour...', Array, true)
#6 /Users/markpearson/Google Drive/Documents/Projects/My Websites/Teacherpedia/4.0 CI teacherpedia 1.1/Teacherpedia/ci4/app/Controllers/Resources.php(112): view('../../../resour...', Array)
#7 /Users/markpearson/Google Drive/Documents/Projects/My Websites/Teacherpedia/4.0 CI teacherpedia 1.1/Teacherpedia/ci4/system/CodeIgniter.php(914): App\Controllers\Resources->loadSheet('802')
#8 /Users/markpearson/Google Drive/Documents/Projects/My Websites/Teacherpedia/4.0 CI teacherpedia 1.1/Teacherpedia/ci4/system/CodeIgniter.php(400): CodeIgniter\CodeIgniter->runController(Object(App\Controllers\Resources))
#9 /Users/markpearson/Google Drive/Documents/Projects/My Websites/Teacherpedia/4.0 CI teacherpedia 1.1/Teacherpedia/ci4/system/CodeIgniter.php(308): CodeIgniter\CodeIgniter->handleRequest(NULL, Object(Config\Cache), false)
#10 /Users/markpearson/Google Drive/Documents/Projects/My Websites/Teacherpedia/4.0 CI teacherpedia 1.1/Teacherpedia/public_html/index.php(45): CodeIgniter\CodeIgniter->run()
#11 {main}
CRITICAL - 2020-09-06 17:47:57 --> syntax error, unexpected '-', expecting :: (T_PAAMAYIM_NEKUDOTAYIM)
#0 /Users/markpearson/Google Drive/Documents/Projects/My Websites/Teacherpedia/4.0 CI teacherpedia 1.1/Teacherpedia/ci4/system/Autoloader/Autoloader.php(296): CodeIgniter\Autoloader\Autoloader->requireFile('/Users/markpear...')
#1 /Users/markpearson/Google Drive/Documents/Projects/My Websites/Teacherpedia/4.0 CI teacherpedia 1.1/Teacherpedia/ci4/system/Autoloader/Autoloader.php(258): CodeIgniter\Autoloader\Autoloader->loadInNamespace('App\\Libraries\\N...')
#2 [internal function]: CodeIgniter\Autoloader\Autoloader->loadClass('App\\Libraries\\N...')
#3 /Users/markpearson/Google Drive/Documents/Projects/My Websites/Teacherpedia/4.0 CI teacherpedia 1.1/Teacherpedia/resources/2020/06-09/16-45-24/generator.php(7): spl_autoload_call('App\\Libraries\\N...')
#4 /Users/markpearson/Google Drive/Documents/Projects/My Websites/Teacherpedia/4.0 CI teacherpedia 1.1/Teacherpedia/ci4/system/View/View.php(246): include('/Users/markpear...')
#5 /Users/markpearson/Google Drive/Documents/Projects/My Websites/Teacherpedia/4.0 CI teacherpedia 1.1/Teacherpedia/ci4/system/Common.php(1087): CodeIgniter\View\View->render('../../../resour...', Array, true)
#6 /Users/markpearson/Google Drive/Documents/Projects/My Websites/Teacherpedia/4.0 CI teacherpedia 1.1/Teacherpedia/ci4/app/Controllers/Resources.php(112): view('../../../resour...', Array)
#7 /Users/markpearson/Google Drive/Documents/Projects/My Websites/Teacherpedia/4.0 CI teacherpedia 1.1/Teacherpedia/ci4/system/CodeIgniter.php(914): App\Controllers\Resources->loadSheet('802')
#8 /Users/markpearson/Google Drive/Documents/Projects/My Websites/Teacherpedia/4.0 CI teacherpedia 1.1/Teacherpedia/ci4/system/CodeIgniter.php(400): CodeIgniter\CodeIgniter->runController(Object(App\Controllers\Resources))
#9 /Users/markpearson/Google Drive/Documents/Projects/My Websites/Teacherpedia/4.0 CI teacherpedia 1.1/Teacherpedia/ci4/system/CodeIgniter.php(308): CodeIgniter\CodeIgniter->handleRequest(NULL, Object(Config\Cache), false)
#10 /Users/markpearson/Google Drive/Documents/Projects/My Websites/Teacherpedia/4.0 CI teacherpedia 1.1/Teacherpedia/public_html/index.php(45): CodeIgniter\CodeIgniter->run()
#11 {main}
CRITICAL - 2020-09-06 17:55:40 --> syntax error, unexpected '.'
#0 /Users/markpearson/Google Drive/Documents/Projects/My Websites/Teacherpedia/4.0 CI teacherpedia 1.1/Teacherpedia/ci4/system/Autoloader/Autoloader.php(296): CodeIgniter\Autoloader\Autoloader->requireFile('/Users/markpear...')
#1 /Users/markpearson/Google Drive/Documents/Projects/My Websites/Teacherpedia/4.0 CI teacherpedia 1.1/Teacherpedia/ci4/system/Autoloader/Autoloader.php(258): CodeIgniter\Autoloader\Autoloader->loadInNamespace('App\\Libraries\\N...')
#2 [internal function]: CodeIgniter\Autoloader\Autoloader->loadClass('App\\Libraries\\N...')
#3 /Users/markpearson/Google Drive/Documents/Projects/My Websites/Teacherpedia/4.0 CI teacherpedia 1.1/Teacherpedia/resources/2020/06-09/16-45-24/generator.php(7): spl_autoload_call('App\\Libraries\\N...')
#4 /Users/markpearson/Google Drive/Documents/Projects/My Websites/Teacherpedia/4.0 CI teacherpedia 1.1/Teacherpedia/ci4/system/View/View.php(246): include('/Users/markpear...')
#5 /Users/markpearson/Google Drive/Documents/Projects/My Websites/Teacherpedia/4.0 CI teacherpedia 1.1/Teacherpedia/ci4/system/Common.php(1087): CodeIgniter\View\View->render('../../../resour...', Array, true)
#6 /Users/markpearson/Google Drive/Documents/Projects/My Websites/Teacherpedia/4.0 CI teacherpedia 1.1/Teacherpedia/ci4/app/Controllers/Resources.php(112): view('../../../resour...', Array)
#7 /Users/markpearson/Google Drive/Documents/Projects/My Websites/Teacherpedia/4.0 CI teacherpedia 1.1/Teacherpedia/ci4/system/CodeIgniter.php(914): App\Controllers\Resources->loadSheet('802')
#8 /Users/markpearson/Google Drive/Documents/Projects/My Websites/Teacherpedia/4.0 CI teacherpedia 1.1/Teacherpedia/ci4/system/CodeIgniter.php(400): CodeIgniter\CodeIgniter->runController(Object(App\Controllers\Resources))
#9 /Users/markpearson/Google Drive/Documents/Projects/My Websites/Teacherpedia/4.0 CI teacherpedia 1.1/Teacherpedia/ci4/system/CodeIgniter.php(308): CodeIgniter\CodeIgniter->handleRequest(NULL, Object(Config\Cache), false)
#10 /Users/markpearson/Google Drive/Documents/Projects/My Websites/Teacherpedia/4.0 CI teacherpedia 1.1/Teacherpedia/public_html/index.php(45): CodeIgniter\CodeIgniter->run()
#11 {main}
CRITICAL - 2020-09-06 17:55:42 --> syntax error, unexpected '.'
#0 /Users/markpearson/Google Drive/Documents/Projects/My Websites/Teacherpedia/4.0 CI teacherpedia 1.1/Teacherpedia/ci4/system/Autoloader/Autoloader.php(296): CodeIgniter\Autoloader\Autoloader->requireFile('/Users/markpear...')
#1 /Users/markpearson/Google Drive/Documents/Projects/My Websites/Teacherpedia/4.0 CI teacherpedia 1.1/Teacherpedia/ci4/system/Autoloader/Autoloader.php(258): CodeIgniter\Autoloader\Autoloader->loadInNamespace('App\\Libraries\\N...')
#2 [internal function]: CodeIgniter\Autoloader\Autoloader->loadClass('App\\Libraries\\N...')
#3 /Users/markpearson/Google Drive/Documents/Projects/My Websites/Teacherpedia/4.0 CI teacherpedia 1.1/Teacherpedia/resources/2020/06-09/16-45-24/generator.php(7): spl_autoload_call('App\\Libraries\\N...')
#4 /Users/markpearson/Google Drive/Documents/Projects/My Websites/Teacherpedia/4.0 CI teacherpedia 1.1/Teacherpedia/ci4/system/View/View.php(246): include('/Users/markpear...')
#5 /Users/markpearson/Google Drive/Documents/Projects/My Websites/Teacherpedia/4.0 CI teacherpedia 1.1/Teacherpedia/ci4/system/Common.php(1087): CodeIgniter\View\View->render('../../../resour...', Array, true)
#6 /Users/markpearson/Google Drive/Documents/Projects/My Websites/Teacherpedia/4.0 CI teacherpedia 1.1/Teacherpedia/ci4/app/Controllers/Resources.php(112): view('../../../resour...', Array)
#7 /Users/markpearson/Google Drive/Documents/Projects/My Websites/Teacherpedia/4.0 CI teacherpedia 1.1/Teacherpedia/ci4/system/CodeIgniter.php(914): App\Controllers\Resources->loadSheet('802')
#8 /Users/markpearson/Google Drive/Documents/Projects/My Websites/Teacherpedia/4.0 CI teacherpedia 1.1/Teacherpedia/ci4/system/CodeIgniter.php(400): CodeIgniter\CodeIgniter->runController(Object(App\Controllers\Resources))
#9 /Users/markpearson/Google Drive/Documents/Projects/My Websites/Teacherpedia/4.0 CI teacherpedia 1.1/Teacherpedia/ci4/system/CodeIgniter.php(308): CodeIgniter\CodeIgniter->handleRequest(NULL, Object(Config\Cache), false)
#10 /Users/markpearson/Google Drive/Documents/Projects/My Websites/Teacherpedia/4.0 CI teacherpedia 1.1/Teacherpedia/public_html/index.php(45): CodeIgniter\CodeIgniter->run()
#11 {main}
CRITICAL - 2020-09-06 17:55:51 --> syntax error, unexpected '.'
#0 /Users/markpearson/Google Drive/Documents/Projects/My Websites/Teacherpedia/4.0 CI teacherpedia 1.1/Teacherpedia/ci4/system/Autoloader/Autoloader.php(296): CodeIgniter\Autoloader\Autoloader->requireFile('/Users/markpear...')
#1 /Users/markpearson/Google Drive/Documents/Projects/My Websites/Teacherpedia/4.0 CI teacherpedia 1.1/Teacherpedia/ci4/system/Autoloader/Autoloader.php(258): CodeIgniter\Autoloader\Autoloader->loadInNamespace('App\\Libraries\\N...')
#2 [internal function]: CodeIgniter\Autoloader\Autoloader->loadClass('App\\Libraries\\N...')
#3 /Users/markpearson/Google Drive/Documents/Projects/My Websites/Teacherpedia/4.0 CI teacherpedia 1.1/Teacherpedia/resources/2020/06-09/16-45-24/generator.php(7): spl_autoload_call('App\\Libraries\\N...')
#4 /Users/markpearson/Google Drive/Documents/Projects/My Websites/Teacherpedia/4.0 CI teacherpedia 1.1/Teacherpedia/ci4/system/View/View.php(246): include('/Users/markpear...')
#5 /Users/markpearson/Google Drive/Documents/Projects/My Websites/Teacherpedia/4.0 CI teacherpedia 1.1/Teacherpedia/ci4/system/Common.php(1087): CodeIgniter\View\View->render('../../../resour...', Array, true)
#6 /Users/markpearson/Google Drive/Documents/Projects/My Websites/Teacherpedia/4.0 CI teacherpedia 1.1/Teacherpedia/ci4/app/Controllers/Resources.php(112): view('../../../resour...', Array)
#7 /Users/markpearson/Google Drive/Documents/Projects/My Websites/Teacherpedia/4.0 CI teacherpedia 1.1/Teacherpedia/ci4/system/CodeIgniter.php(914): App\Controllers\Resources->loadSheet('802')
#8 /Users/markpearson/Google Drive/Documents/Projects/My Websites/Teacherpedia/4.0 CI teacherpedia 1.1/Teacherpedia/ci4/system/CodeIgniter.php(400): CodeIgniter\CodeIgniter->runController(Object(App\Controllers\Resources))
#9 /Users/markpearson/Google Drive/Documents/Projects/My Websites/Teacherpedia/4.0 CI teacherpedia 1.1/Teacherpedia/ci4/system/CodeIgniter.php(308): CodeIgniter\CodeIgniter->handleRequest(NULL, Object(Config\Cache), false)
#10 /Users/markpearson/Google Drive/Documents/Projects/My Websites/Teacherpedia/4.0 CI teacherpedia 1.1/Teacherpedia/public_html/index.php(45): CodeIgniter\CodeIgniter->run()
#11 {main}
CRITICAL - 2020-09-06 17:55:52 --> syntax error, unexpected '.'
#0 /Users/markpearson/Google Drive/Documents/Projects/My Websites/Teacherpedia/4.0 CI teacherpedia 1.1/Teacherpedia/ci4/system/Autoloader/Autoloader.php(296): CodeIgniter\Autoloader\Autoloader->requireFile('/Users/markpear...')
#1 /Users/markpearson/Google Drive/Documents/Projects/My Websites/Teacherpedia/4.0 CI teacherpedia 1.1/Teacherpedia/ci4/system/Autoloader/Autoloader.php(258): CodeIgniter\Autoloader\Autoloader->loadInNamespace('App\\Libraries\\N...')
#2 [internal function]: CodeIgniter\Autoloader\Autoloader->loadClass('App\\Libraries\\N...')
#3 /Users/markpearson/Google Drive/Documents/Projects/My Websites/Teacherpedia/4.0 CI teacherpedia 1.1/Teacherpedia/resources/2020/06-09/16-45-24/generator.php(7): spl_autoload_call('App\\Libraries\\N...')
#4 /Users/markpearson/Google Drive/Documents/Projects/My Websites/Teacherpedia/4.0 CI teacherpedia 1.1/Teacherpedia/ci4/system/View/View.php(246): include('/Users/markpear...')
#5 /Users/markpearson/Google Drive/Documents/Projects/My Websites/Teacherpedia/4.0 CI teacherpedia 1.1/Teacherpedia/ci4/system/Common.php(1087): CodeIgniter\View\View->render('../../../resour...', Array, true)
#6 /Users/markpearson/Google Drive/Documents/Projects/My Websites/Teacherpedia/4.0 CI teacherpedia 1.1/Teacherpedia/ci4/app/Controllers/Resources.php(112): view('../../../resour...', Array)
#7 /Users/markpearson/Google Drive/Documents/Projects/My Websites/Teacherpedia/4.0 CI teacherpedia 1.1/Teacherpedia/ci4/system/CodeIgniter.php(914): App\Controllers\Resources->loadSheet('802')
#8 /Users/markpearson/Google Drive/Documents/Projects/My Websites/Teacherpedia/4.0 CI teacherpedia 1.1/Teacherpedia/ci4/system/CodeIgniter.php(400): CodeIgniter\CodeIgniter->runController(Object(App\Controllers\Resources))
#9 /Users/markpearson/Google Drive/Documents/Projects/My Websites/Teacherpedia/4.0 CI teacherpedia 1.1/Teacherpedia/ci4/system/CodeIgniter.php(308): CodeIgniter\CodeIgniter->handleRequest(NULL, Object(Config\Cache), false)
#10 /Users/markpearson/Google Drive/Documents/Projects/My Websites/Teacherpedia/4.0 CI teacherpedia 1.1/Teacherpedia/public_html/index.php(45): CodeIgniter\CodeIgniter->run()
#11 {main}
CRITICAL - 2020-09-06 17:55:52 --> syntax error, unexpected '.'
#0 /Users/markpearson/Google Drive/Documents/Projects/My Websites/Teacherpedia/4.0 CI teacherpedia 1.1/Teacherpedia/ci4/system/Autoloader/Autoloader.php(296): CodeIgniter\Autoloader\Autoloader->requireFile('/Users/markpear...')
#1 /Users/markpearson/Google Drive/Documents/Projects/My Websites/Teacherpedia/4.0 CI teacherpedia 1.1/Teacherpedia/ci4/system/Autoloader/Autoloader.php(258): CodeIgniter\Autoloader\Autoloader->loadInNamespace('App\\Libraries\\N...')
#2 [internal function]: CodeIgniter\Autoloader\Autoloader->loadClass('App\\Libraries\\N...')
#3 /Users/markpearson/Google Drive/Documents/Projects/My Websites/Teacherpedia/4.0 CI teacherpedia 1.1/Teacherpedia/resources/2020/06-09/16-45-24/generator.php(7): spl_autoload_call('App\\Libraries\\N...')
#4 /Users/markpearson/Google Drive/Documents/Projects/My Websites/Teacherpedia/4.0 CI teacherpedia 1.1/Teacherpedia/ci4/system/View/View.php(246): include('/Users/markpear...')
#5 /Users/markpearson/Google Drive/Documents/Projects/My Websites/Teacherpedia/4.0 CI teacherpedia 1.1/Teacherpedia/ci4/system/Common.php(1087): CodeIgniter\View\View->render('../../../resour...', Array, true)
#6 /Users/markpearson/Google Drive/Documents/Projects/My Websites/Teacherpedia/4.0 CI teacherpedia 1.1/Teacherpedia/ci4/app/Controllers/Resources.php(112): view('../../../resour...', Array)
#7 /Users/markpearson/Google Drive/Documents/Projects/My Websites/Teacherpedia/4.0 CI teacherpedia 1.1/Teacherpedia/ci4/system/CodeIgniter.php(914): App\Controllers\Resources->loadSheet('802')
#8 /Users/markpearson/Google Drive/Documents/Projects/My Websites/Teacherpedia/4.0 CI teacherpedia 1.1/Teacherpedia/ci4/system/CodeIgniter.php(400): CodeIgniter\CodeIgniter->runController(Object(App\Controllers\Resources))
#9 /Users/markpearson/Google Drive/Documents/Projects/My Websites/Teacherpedia/4.0 CI teacherpedia 1.1/Teacherpedia/ci4/system/CodeIgniter.php(308): CodeIgniter\CodeIgniter->handleRequest(NULL, Object(Config\Cache), false)
#10 /Users/markpearson/Google Drive/Documents/Projects/My Websites/Teacherpedia/4.0 CI teacherpedia 1.1/Teacherpedia/public_html/index.php(45): CodeIgniter\CodeIgniter->run()
#11 {main}
CRITICAL - 2020-09-06 17:55:53 --> syntax error, unexpected '.'
#0 /Users/markpearson/Google Drive/Documents/Projects/My Websites/Teacherpedia/4.0 CI teacherpedia 1.1/Teacherpedia/ci4/system/Autoloader/Autoloader.php(296): CodeIgniter\Autoloader\Autoloader->requireFile('/Users/markpear...')
#1 /Users/markpearson/Google Drive/Documents/Projects/My Websites/Teacherpedia/4.0 CI teacherpedia 1.1/Teacherpedia/ci4/system/Autoloader/Autoloader.php(258): CodeIgniter\Autoloader\Autoloader->loadInNamespace('App\\Libraries\\N...')
#2 [internal function]: CodeIgniter\Autoloader\Autoloader->loadClass('App\\Libraries\\N...')
#3 /Users/markpearson/Google Drive/Documents/Projects/My Websites/Teacherpedia/4.0 CI teacherpedia 1.1/Teacherpedia/resources/2020/06-09/16-45-24/generator.php(7): spl_autoload_call('App\\Libraries\\N...')
#4 /Users/markpearson/Google Drive/Documents/Projects/My Websites/Teacherpedia/4.0 CI teacherpedia 1.1/Teacherpedia/ci4/system/View/View.php(246): include('/Users/markpear...')
#5 /Users/markpearson/Google Drive/Documents/Projects/My Websites/Teacherpedia/4.0 CI teacherpedia 1.1/Teacherpedia/ci4/system/Common.php(1087): CodeIgniter\View\View->render('../../../resour...', Array, true)
#6 /Users/markpearson/Google Drive/Documents/Projects/My Websites/Teacherpedia/4.0 CI teacherpedia 1.1/Teacherpedia/ci4/app/Controllers/Resources.php(112): view('../../../resour...', Array)
#7 /Users/markpearson/Google Drive/Documents/Projects/My Websites/Teacherpedia/4.0 CI teacherpedia 1.1/Teacherpedia/ci4/system/CodeIgniter.php(914): App\Controllers\Resources->loadSheet('802')
#8 /Users/markpearson/Google Drive/Documents/Projects/My Websites/Teacherpedia/4.0 CI teacherpedia 1.1/Teacherpedia/ci4/system/CodeIgniter.php(400): CodeIgniter\CodeIgniter->runController(Object(App\Controllers\Resources))
#9 /Users/markpearson/Google Drive/Documents/Projects/My Websites/Teacherpedia/4.0 CI teacherpedia 1.1/Teacherpedia/ci4/system/CodeIgniter.php(308): CodeIgniter\CodeIgniter->handleRequest(NULL, Object(Config\Cache), false)
#10 /Users/markpearson/Google Drive/Documents/Projects/My Websites/Teacherpedia/4.0 CI teacherpedia 1.1/Teacherpedia/public_html/index.php(45): CodeIgniter\CodeIgniter->run()
#11 {main}
CRITICAL - 2020-09-06 17:59:04 --> syntax error, unexpected ','
#0 /Users/markpearson/Google Drive/Documents/Projects/My Websites/Teacherpedia/4.0 CI teacherpedia 1.1/Teacherpedia/ci4/system/Autoloader/Autoloader.php(296): CodeIgniter\Autoloader\Autoloader->requireFile('/Users/markpear...')
#1 /Users/markpearson/Google Drive/Documents/Projects/My Websites/Teacherpedia/4.0 CI teacherpedia 1.1/Teacherpedia/ci4/system/Autoloader/Autoloader.php(258): CodeIgniter\Autoloader\Autoloader->loadInNamespace('App\\Libraries\\N...')
#2 [internal function]: CodeIgniter\Autoloader\Autoloader->loadClass('App\\Libraries\\N...')
#3 /Users/markpearson/Google Drive/Documents/Projects/My Websites/Teacherpedia/4.0 CI teacherpedia 1.1/Teacherpedia/resources/2020/06-09/16-45-24/generator.php(7): spl_autoload_call('App\\Libraries\\N...')
#4 /Users/markpearson/Google Drive/Documents/Projects/My Websites/Teacherpedia/4.0 CI teacherpedia 1.1/Teacherpedia/ci4/system/View/View.php(246): include('/Users/markpear...')
#5 /Users/markpearson/Google Drive/Documents/Projects/My Websites/Teacherpedia/4.0 CI teacherpedia 1.1/Teacherpedia/ci4/system/Common.php(1087): CodeIgniter\View\View->render('../../../resour...', Array, true)
#6 /Users/markpearson/Google Drive/Documents/Projects/My Websites/Teacherpedia/4.0 CI teacherpedia 1.1/Teacherpedia/ci4/app/Controllers/Resources.php(112): view('../../../resour...', Array)
#7 /Users/markpearson/Google Drive/Documents/Projects/My Websites/Teacherpedia/4.0 CI teacherpedia 1.1/Teacherpedia/ci4/system/CodeIgniter.php(914): App\Controllers\Resources->loadSheet('802')
#8 /Users/markpearson/Google Drive/Documents/Projects/My Websites/Teacherpedia/4.0 CI teacherpedia 1.1/Teacherpedia/ci4/system/CodeIgniter.php(400): CodeIgniter\CodeIgniter->runController(Object(App\Controllers\Resources))
#9 /Users/markpearson/Google Drive/Documents/Projects/My Websites/Teacherpedia/4.0 CI teacherpedia 1.1/Teacherpedia/ci4/system/CodeIgniter.php(308): CodeIgniter\CodeIgniter->handleRequest(NULL, Object(Config\Cache), false)
#10 /Users/markpearson/Google Drive/Documents/Projects/My Websites/Teacherpedia/4.0 CI teacherpedia 1.1/Teacherpedia/public_html/index.php(45): CodeIgniter\CodeIgniter->run()
#11 {main}
CRITICAL - 2020-09-06 17:59:11 --> syntax error, unexpected ','
#0 /Users/markpearson/Google Drive/Documents/Projects/My Websites/Teacherpedia/4.0 CI teacherpedia 1.1/Teacherpedia/ci4/system/Autoloader/Autoloader.php(296): CodeIgniter\Autoloader\Autoloader->requireFile('/Users/markpear...')
#1 /Users/markpearson/Google Drive/Documents/Projects/My Websites/Teacherpedia/4.0 CI teacherpedia 1.1/Teacherpedia/ci4/system/Autoloader/Autoloader.php(258): CodeIgniter\Autoloader\Autoloader->loadInNamespace('App\\Libraries\\N...')
#2 [internal function]: CodeIgniter\Autoloader\Autoloader->loadClass('App\\Libraries\\N...')
#3 /Users/markpearson/Google Drive/Documents/Projects/My Websites/Teacherpedia/4.0 CI teacherpedia 1.1/Teacherpedia/resources/2020/06-09/16-45-24/generator.php(7): spl_autoload_call('App\\Libraries\\N...')
#4 /Users/markpearson/Google Drive/Documents/Projects/My Websites/Teacherpedia/4.0 CI teacherpedia 1.1/Teacherpedia/ci4/system/View/View.php(246): include('/Users/markpear...')
#5 /Users/markpearson/Google Drive/Documents/Projects/My Websites/Teacherpedia/4.0 CI teacherpedia 1.1/Teacherpedia/ci4/system/Common.php(1087): CodeIgniter\View\View->render('../../../resour...', Array, true)
#6 /Users/markpearson/Google Drive/Documents/Projects/My Websites/Teacherpedia/4.0 CI teacherpedia 1.1/Teacherpedia/ci4/app/Controllers/Resources.php(112): view('../../../resour...', Array)
#7 /Users/markpearson/Google Drive/Documents/Projects/My Websites/Teacherpedia/4.0 CI teacherpedia 1.1/Teacherpedia/ci4/system/CodeIgniter.php(914): App\Controllers\Resources->loadSheet('802')
#8 /Users/markpearson/Google Drive/Documents/Projects/My Websites/Teacherpedia/4.0 CI teacherpedia 1.1/Teacherpedia/ci4/system/CodeIgniter.php(400): CodeIgniter\CodeIgniter->runController(Object(App\Controllers\Resources))
#9 /Users/markpearson/Google Drive/Documents/Projects/My Websites/Teacherpedia/4.0 CI teacherpedia 1.1/Teacherpedia/ci4/system/CodeIgniter.php(308): CodeIgniter\CodeIgniter->handleRequest(NULL, Object(Config\Cache), false)
#10 /Users/markpearson/Google Drive/Documents/Projects/My Websites/Teacherpedia/4.0 CI teacherpedia 1.1/Teacherpedia/public_html/index.php(45): CodeIgniter\CodeIgniter->run()
#11 {main}
CRITICAL - 2020-09-06 17:59:12 --> syntax error, unexpected ','
#0 /Users/markpearson/Google Drive/Documents/Projects/My Websites/Teacherpedia/4.0 CI teacherpedia 1.1/Teacherpedia/ci4/system/Autoloader/Autoloader.php(296): CodeIgniter\Autoloader\Autoloader->requireFile('/Users/markpear...')
#1 /Users/markpearson/Google Drive/Documents/Projects/My Websites/Teacherpedia/4.0 CI teacherpedia 1.1/Teacherpedia/ci4/system/Autoloader/Autoloader.php(258): CodeIgniter\Autoloader\Autoloader->loadInNamespace('App\\Libraries\\N...')
#2 [internal function]: CodeIgniter\Autoloader\Autoloader->loadClass('App\\Libraries\\N...')
#3 /Users/markpearson/Google Drive/Documents/Projects/My Websites/Teacherpedia/4.0 CI teacherpedia 1.1/Teacherpedia/resources/2020/06-09/16-45-24/generator.php(7): spl_autoload_call('App\\Libraries\\N...')
#4 /Users/markpearson/Google Drive/Documents/Projects/My Websites/Teacherpedia/4.0 CI teacherpedia 1.1/Teacherpedia/ci4/system/View/View.php(246): include('/Users/markpear...')
#5 /Users/markpearson/Google Drive/Documents/Projects/My Websites/Teacherpedia/4.0 CI teacherpedia 1.1/Teacherpedia/ci4/system/Common.php(1087): CodeIgniter\View\View->render('../../../resour...', Array, true)
#6 /Users/markpearson/Google Drive/Documents/Projects/My Websites/Teacherpedia/4.0 CI teacherpedia 1.1/Teacherpedia/ci4/app/Controllers/Resources.php(112): view('../../../resour...', Array)
#7 /Users/markpearson/Google Drive/Documents/Projects/My Websites/Teacherpedia/4.0 CI teacherpedia 1.1/Teacherpedia/ci4/system/CodeIgniter.php(914): App\Controllers\Resources->loadSheet('802')
#8 /Users/markpearson/Google Drive/Documents/Projects/My Websites/Teacherpedia/4.0 CI teacherpedia 1.1/Teacherpedia/ci4/system/CodeIgniter.php(400): CodeIgniter\CodeIgniter->runController(Object(App\Controllers\Resources))
#9 /Users/markpearson/Google Drive/Documents/Projects/My Websites/Teacherpedia/4.0 CI teacherpedia 1.1/Teacherpedia/ci4/system/CodeIgniter.php(308): CodeIgniter\CodeIgniter->handleRequest(NULL, Object(Config\Cache), false)
#10 /Users/markpearson/Google Drive/Documents/Projects/My Websites/Teacherpedia/4.0 CI teacherpedia 1.1/Teacherpedia/public_html/index.php(45): CodeIgniter\CodeIgniter->run()
#11 {main}
CRITICAL - 2020-09-06 17:59:13 --> syntax error, unexpected ','
#0 /Users/markpearson/Google Drive/Documents/Projects/My Websites/Teacherpedia/4.0 CI teacherpedia 1.1/Teacherpedia/ci4/system/Autoloader/Autoloader.php(296): CodeIgniter\Autoloader\Autoloader->requireFile('/Users/markpear...')
#1 /Users/markpearson/Google Drive/Documents/Projects/My Websites/Teacherpedia/4.0 CI teacherpedia 1.1/Teacherpedia/ci4/system/Autoloader/Autoloader.php(258): CodeIgniter\Autoloader\Autoloader->loadInNamespace('App\\Libraries\\N...')
#2 [internal function]: CodeIgniter\Autoloader\Autoloader->loadClass('App\\Libraries\\N...')
#3 /Users/markpearson/Google Drive/Documents/Projects/My Websites/Teacherpedia/4.0 CI teacherpedia 1.1/Teacherpedia/resources/2020/06-09/16-45-24/generator.php(7): spl_autoload_call('App\\Libraries\\N...')
#4 /Users/markpearson/Google Drive/Documents/Projects/My Websites/Teacherpedia/4.0 CI teacherpedia 1.1/Teacherpedia/ci4/system/View/View.php(246): include('/Users/markpear...')
#5 /Users/markpearson/Google Drive/Documents/Projects/My Websites/Teacherpedia/4.0 CI teacherpedia 1.1/Teacherpedia/ci4/system/Common.php(1087): CodeIgniter\View\View->render('../../../resour...', Array, true)
#6 /Users/markpearson/Google Drive/Documents/Projects/My Websites/Teacherpedia/4.0 CI teacherpedia 1.1/Teacherpedia/ci4/app/Controllers/Resources.php(112): view('../../../resour...', Array)
#7 /Users/markpearson/Google Drive/Documents/Projects/My Websites/Teacherpedia/4.0 CI teacherpedia 1.1/Teacherpedia/ci4/system/CodeIgniter.php(914): App\Controllers\Resources->loadSheet('802')
#8 /Users/markpearson/Google Drive/Documents/Projects/My Websites/Teacherpedia/4.0 CI teacherpedia 1.1/Teacherpedia/ci4/system/CodeIgniter.php(400): CodeIgniter\CodeIgniter->runController(Object(App\Controllers\Resources))
#9 /Users/markpearson/Google Drive/Documents/Projects/My Websites/Teacherpedia/4.0 CI teacherpedia 1.1/Teacherpedia/ci4/system/CodeIgniter.php(308): CodeIgniter\CodeIgniter->handleRequest(NULL, Object(Config\Cache), false)
#10 /Users/markpearson/Google Drive/Documents/Projects/My Websites/Teacherpedia/4.0 CI teacherpedia 1.1/Teacherpedia/public_html/index.php(45): CodeIgniter\CodeIgniter->run()
#11 {main}
CRITICAL - 2020-09-06 18:59:22 --> A non-numeric value encountered
#0 /Users/markpearson/Google Drive/Documents/Projects/My Websites/Teacherpedia/4.0 CI teacherpedia 1.1/Teacherpedia/ci4/app/Libraries/Number.php(1978): CodeIgniter\Debug\Exceptions->errorHandler(2, 'A non-numeric v...', '/Users/markpear...', 1978, Array)
#1 /Users/markpearson/Google Drive/Documents/Projects/My Websites/Teacherpedia/4.0 CI teacherpedia 1.1/Teacherpedia/resources/2020/06-09/16-45-24/generator.php(47): App\Libraries\Number->_order_size_order()
#2 /Users/markpearson/Google Drive/Documents/Projects/My Websites/Teacherpedia/4.0 CI teacherpedia 1.1/Teacherpedia/ci4/system/View/View.php(246): include('/Users/markpear...')
#3 /Users/markpearson/Google Drive/Documents/Projects/My Websites/Teacherpedia/4.0 CI teacherpedia 1.1/Teacherpedia/ci4/system/Common.php(1087): CodeIgniter\View\View->render('../../../resour...', Array, true)
#4 /Users/markpearson/Google Drive/Documents/Projects/My Websites/Teacherpedia/4.0 CI teacherpedia 1.1/Teacherpedia/ci4/app/Controllers/Resources.php(112): view('../../../resour...', Array)
#5 /Users/markpearson/Google Drive/Documents/Projects/My Websites/Teacherpedia/4.0 CI teacherpedia 1.1/Teacherpedia/ci4/system/CodeIgniter.php(914): App\Controllers\Resources->loadSheet('802')
#6 /Users/markpearson/Google Drive/Documents/Projects/My Websites/Teacherpedia/4.0 CI teacherpedia 1.1/Teacherpedia/ci4/system/CodeIgniter.php(400): CodeIgniter\CodeIgniter->runController(Object(App\Controllers\Resources))
#7 /Users/markpearson/Google Drive/Documents/Projects/My Websites/Teacherpedia/4.0 CI teacherpedia 1.1/Teacherpedia/ci4/system/CodeIgniter.php(308): CodeIgniter\CodeIgniter->handleRequest(NULL, Object(Config\Cache), false)
#8 /Users/markpearson/Google Drive/Documents/Projects/My Websites/Teacherpedia/4.0 CI teacherpedia 1.1/Teacherpedia/public_html/index.php(45): CodeIgniter\CodeIgniter->run()
#9 {main}
CRITICAL - 2020-09-06 18:59:41 --> substr() expects parameter 2 to be int, string given
#0 [internal function]: CodeIgniter\Debug\Exceptions->errorHandler(2, 'substr() expect...', '/Users/markpear...', 1978, Array)
#1 /Users/markpearson/Google Drive/Documents/Projects/My Websites/Teacherpedia/4.0 CI teacherpedia 1.1/Teacherpedia/ci4/app/Libraries/Number.php(1978): substr('330 &rarr; 525 ...', '&rarr;', -2)
#2 /Users/markpearson/Google Drive/Documents/Projects/My Websites/Teacherpedia/4.0 CI teacherpedia 1.1/Teacherpedia/resources/2020/06-09/16-45-24/generator.php(47): App\Libraries\Number->_order_size_order()
#3 /Users/markpearson/Google Drive/Documents/Projects/My Websites/Teacherpedia/4.0 CI teacherpedia 1.1/Teacherpedia/ci4/system/View/View.php(246): include('/Users/markpear...')
#4 /Users/markpearson/Google Drive/Documents/Projects/My Websites/Teacherpedia/4.0 CI teacherpedia 1.1/Teacherpedia/ci4/system/Common.php(1087): CodeIgniter\View\View->render('../../../resour...', Array, true)
#5 /Users/markpearson/Google Drive/Documents/Projects/My Websites/Teacherpedia/4.0 CI teacherpedia 1.1/Teacherpedia/ci4/app/Controllers/Resources.php(112): view('../../../resour...', Array)
#6 /Users/markpearson/Google Drive/Documents/Projects/My Websites/Teacherpedia/4.0 CI teacherpedia 1.1/Teacherpedia/ci4/system/CodeIgniter.php(914): App\Controllers\Resources->loadSheet('802')
#7 /Users/markpearson/Google Drive/Documents/Projects/My Websites/Teacherpedia/4.0 CI teacherpedia 1.1/Teacherpedia/ci4/system/CodeIgniter.php(400): CodeIgniter\CodeIgniter->runController(Object(App\Controllers\Resources))
#8 /Users/markpearson/Google Drive/Documents/Projects/My Websites/Teacherpedia/4.0 CI teacherpedia 1.1/Teacherpedia/ci4/system/CodeIgniter.php(308): CodeIgniter\CodeIgniter->handleRequest(NULL, Object(Config\Cache), false)
#9 /Users/markpearson/Google Drive/Documents/Projects/My Websites/Teacherpedia/4.0 CI teacherpedia 1.1/Teacherpedia/public_html/index.php(45): CodeIgniter\CodeIgniter->run()
#10 {main}
CRITICAL - 2020-09-06 18:59:42 --> substr() expects parameter 2 to be int, string given
#0 [internal function]: CodeIgniter\Debug\Exceptions->errorHandler(2, 'substr() expect...', '/Users/markpear...', 1978, Array)
#1 /Users/markpearson/Google Drive/Documents/Projects/My Websites/Teacherpedia/4.0 CI teacherpedia 1.1/Teacherpedia/ci4/app/Libraries/Number.php(1978): substr('112 &rarr; 437 ...', '&rarr;', -2)
#2 /Users/markpearson/Google Drive/Documents/Projects/My Websites/Teacherpedia/4.0 CI teacherpedia 1.1/Teacherpedia/resources/2020/06-09/16-45-24/generator.php(47): App\Libraries\Number->_order_size_order()
#3 /Users/markpearson/Google Drive/Documents/Projects/My Websites/Teacherpedia/4.0 CI teacherpedia 1.1/Teacherpedia/ci4/system/View/View.php(246): include('/Users/markpear...')
#4 /Users/markpearson/Google Drive/Documents/Projects/My Websites/Teacherpedia/4.0 CI teacherpedia 1.1/Teacherpedia/ci4/system/Common.php(1087): CodeIgniter\View\View->render('../../../resour...', Array, true)
#5 /Users/markpearson/Google Drive/Documents/Projects/My Websites/Teacherpedia/4.0 CI teacherpedia 1.1/Teacherpedia/ci4/app/Controllers/Resources.php(112): view('../../../resour...', Array)
#6 /Users/markpearson/Google Drive/Documents/Projects/My Websites/Teacherpedia/4.0 CI teacherpedia 1.1/Teacherpedia/ci4/system/CodeIgniter.php(914): App\Controllers\Resources->loadSheet('802')
#7 /Users/markpearson/Google Drive/Documents/Projects/My Websites/Teacherpedia/4.0 CI teacherpedia 1.1/Teacherpedia/ci4/system/CodeIgniter.php(400): CodeIgniter\CodeIgniter->runController(Object(App\Controllers\Resources))
#8 /Users/markpearson/Google Drive/Documents/Projects/My Websites/Teacherpedia/4.0 CI teacherpedia 1.1/Teacherpedia/ci4/system/CodeIgniter.php(308): CodeIgniter\CodeIgniter->handleRequest(NULL, Object(Config\Cache), false)
#9 /Users/markpearson/Google Drive/Documents/Projects/My Websites/Teacherpedia/4.0 CI teacherpedia 1.1/Teacherpedia/public_html/index.php(45): CodeIgniter\CodeIgniter->run()
#10 {main}
CRITICAL - 2020-09-06 18:59:43 --> substr() expects parameter 2 to be int, string given
#0 [internal function]: CodeIgniter\Debug\Exceptions->errorHandler(2, 'substr() expect...', '/Users/markpear...', 1978, Array)
#1 /Users/markpearson/Google Drive/Documents/Projects/My Websites/Teacherpedia/4.0 CI teacherpedia 1.1/Teacherpedia/ci4/app/Libraries/Number.php(1978): substr('299 &rarr; 915 ...', '&rarr;', -2)
#2 /Users/markpearson/Google Drive/Documents/Projects/My Websites/Teacherpedia/4.0 CI teacherpedia 1.1/Teacherpedia/resources/2020/06-09/16-45-24/generator.php(47): App\Libraries\Number->_order_size_order()
#3 /Users/markpearson/Google Drive/Documents/Projects/My Websites/Teacherpedia/4.0 CI teacherpedia 1.1/Teacherpedia/ci4/system/View/View.php(246): include('/Users/markpear...')
#4 /Users/markpearson/Google Drive/Documents/Projects/My Websites/Teacherpedia/4.0 CI teacherpedia 1.1/Teacherpedia/ci4/system/Common.php(1087): CodeIgniter\View\View->render('../../../resour...', Array, true)
#5 /Users/markpearson/Google Drive/Documents/Projects/My Websites/Teacherpedia/4.0 CI teacherpedia 1.1/Teacherpedia/ci4/app/Controllers/Resources.php(112): view('../../../resour...', Array)
#6 /Users/markpearson/Google Drive/Documents/Projects/My Websites/Teacherpedia/4.0 CI teacherpedia 1.1/Teacherpedia/ci4/system/CodeIgniter.php(914): App\Controllers\Resources->loadSheet('802')
#7 /Users/markpearson/Google Drive/Documents/Projects/My Websites/Teacherpedia/4.0 CI teacherpedia 1.1/Teacherpedia/ci4/system/CodeIgniter.php(400): CodeIgniter\CodeIgniter->runController(Object(App\Controllers\Resources))
#8 /Users/markpearson/Google Drive/Documents/Projects/My Websites/Teacherpedia/4.0 CI teacherpedia 1.1/Teacherpedia/ci4/system/CodeIgniter.php(308): CodeIgniter\CodeIgniter->handleRequest(NULL, Object(Config\Cache), false)
#9 /Users/markpearson/Google Drive/Documents/Projects/My Websites/Teacherpedia/4.0 CI teacherpedia 1.1/Teacherpedia/public_html/index.php(45): CodeIgniter\CodeIgniter->run()
#10 {main}
CRITICAL - 2020-09-06 19:12:55 --> Undefined variable: qtn
#0 /Users/markpearson/Google Drive/Documents/Projects/My Websites/Teacherpedia/4.0 CI teacherpedia 1.1/Teacherpedia/ci4/app/Libraries/Number.php(3042): CodeIgniter\Debug\Exceptions->errorHandler(8, 'Undefined varia...', '/Users/markpear...', 3042, Array)
#1 /Users/markpearson/Google Drive/Documents/Projects/My Websites/Teacherpedia/4.0 CI teacherpedia 1.1/Teacherpedia/resources/2020/06-09/16-45-24/generator.php(47): App\Libraries\Number->parition_more_than_oneway()
#2 /Users/markpearson/Google Drive/Documents/Projects/My Websites/Teacherpedia/4.0 CI teacherpedia 1.1/Teacherpedia/ci4/system/View/View.php(246): include('/Users/markpear...')
#3 /Users/markpearson/Google Drive/Documents/Projects/My Websites/Teacherpedia/4.0 CI teacherpedia 1.1/Teacherpedia/ci4/system/Common.php(1087): CodeIgniter\View\View->render('../../../resour...', Array, true)
#4 /Users/markpearson/Google Drive/Documents/Projects/My Websites/Teacherpedia/4.0 CI teacherpedia 1.1/Teacherpedia/ci4/app/Controllers/Resources.php(112): view('../../../resour...', Array)
#5 /Users/markpearson/Google Drive/Documents/Projects/My Websites/Teacherpedia/4.0 CI teacherpedia 1.1/Teacherpedia/ci4/system/CodeIgniter.php(914): App\Controllers\Resources->loadSheet('802')
#6 /Users/markpearson/Google Drive/Documents/Projects/My Websites/Teacherpedia/4.0 CI teacherpedia 1.1/Teacherpedia/ci4/system/CodeIgniter.php(400): CodeIgniter\CodeIgniter->runController(Object(App\Controllers\Resources))
#7 /Users/markpearson/Google Drive/Documents/Projects/My Websites/Teacherpedia/4.0 CI teacherpedia 1.1/Teacherpedia/ci4/system/CodeIgniter.php(308): CodeIgniter\CodeIgniter->handleRequest(NULL, Object(Config\Cache), false)
#8 /Users/markpearson/Google Drive/Documents/Projects/My Websites/Teacherpedia/4.0 CI teacherpedia 1.1/Teacherpedia/public_html/index.php(45): CodeIgniter\CodeIgniter->run()
#9 {main}
CRITICAL - 2020-09-06 19:21:06 --> A non well formed numeric value encountered
#0 /Users/markpearson/Google Drive/Documents/Projects/My Websites/Teacherpedia/4.0 CI teacherpedia 1.1/Teacherpedia/ci4/app/Libraries/Number.php(3040): CodeIgniter\Debug\Exceptions->errorHandler(8, 'A non well form...', '/Users/markpear...', 3040, Array)
#1 /Users/markpearson/Google Drive/Documents/Projects/My Websites/Teacherpedia/4.0 CI teacherpedia 1.1/Teacherpedia/resources/2020/06-09/16-45-24/generator.php(47): App\Libraries\Number->parition_more_than_oneway()
#2 /Users/markpearson/Google Drive/Documents/Projects/My Websites/Teacherpedia/4.0 CI teacherpedia 1.1/Teacherpedia/ci4/system/View/View.php(246): include('/Users/markpear...')
#3 /Users/markpearson/Google Drive/Documents/Projects/My Websites/Teacherpedia/4.0 CI teacherpedia 1.1/Teacherpedia/ci4/system/Common.php(1087): CodeIgniter\View\View->render('../../../resour...', Array, true)
#4 /Users/markpearson/Google Drive/Documents/Projects/My Websites/Teacherpedia/4.0 CI teacherpedia 1.1/Teacherpedia/ci4/app/Controllers/Resources.php(112): view('../../../resour...', Array)
#5 /Users/markpearson/Google Drive/Documents/Projects/My Websites/Teacherpedia/4.0 CI teacherpedia 1.1/Teacherpedia/ci4/system/CodeIgniter.php(914): App\Controllers\Resources->loadSheet('802')
#6 /Users/markpearson/Google Drive/Documents/Projects/My Websites/Teacherpedia/4.0 CI teacherpedia 1.1/Teacherpedia/ci4/system/CodeIgniter.php(400): CodeIgniter\CodeIgniter->runController(Object(App\Controllers\Resources))
#7 /Users/markpearson/Google Drive/Documents/Projects/My Websites/Teacherpedia/4.0 CI teacherpedia 1.1/Teacherpedia/ci4/system/CodeIgniter.php(308): CodeIgniter\CodeIgniter->handleRequest(NULL, Object(Config\Cache), false)
#8 /Users/markpearson/Google Drive/Documents/Projects/My Websites/Teacherpedia/4.0 CI teacherpedia 1.1/Teacherpedia/public_html/index.php(45): CodeIgniter\CodeIgniter->run()
#9 {main}
CRITICAL - 2020-09-06 19:21:07 --> A non well formed numeric value encountered
#0 /Users/markpearson/Google Drive/Documents/Projects/My Websites/Teacherpedia/4.0 CI teacherpedia 1.1/Teacherpedia/ci4/app/Libraries/Number.php(3040): CodeIgniter\Debug\Exceptions->errorHandler(8, 'A non well form...', '/Users/markpear...', 3040, Array)
#1 /Users/markpearson/Google Drive/Documents/Projects/My Websites/Teacherpedia/4.0 CI teacherpedia 1.1/Teacherpedia/resources/2020/06-09/16-45-24/generator.php(47): App\Libraries\Number->parition_more_than_oneway()
#2 /Users/markpearson/Google Drive/Documents/Projects/My Websites/Teacherpedia/4.0 CI teacherpedia 1.1/Teacherpedia/ci4/system/View/View.php(246): include('/Users/markpear...')
#3 /Users/markpearson/Google Drive/Documents/Projects/My Websites/Teacherpedia/4.0 CI teacherpedia 1.1/Teacherpedia/ci4/system/Common.php(1087): CodeIgniter\View\View->render('../../../resour...', Array, true)
#4 /Users/markpearson/Google Drive/Documents/Projects/My Websites/Teacherpedia/4.0 CI teacherpedia 1.1/Teacherpedia/ci4/app/Controllers/Resources.php(112): view('../../../resour...', Array)
#5 /Users/markpearson/Google Drive/Documents/Projects/My Websites/Teacherpedia/4.0 CI teacherpedia 1.1/Teacherpedia/ci4/system/CodeIgniter.php(914): App\Controllers\Resources->loadSheet('802')
#6 /Users/markpearson/Google Drive/Documents/Projects/My Websites/Teacherpedia/4.0 CI teacherpedia 1.1/Teacherpedia/ci4/system/CodeIgniter.php(400): CodeIgniter\CodeIgniter->runController(Object(App\Controllers\Resources))
#7 /Users/markpearson/Google Drive/Documents/Projects/My Websites/Teacherpedia/4.0 CI teacherpedia 1.1/Teacherpedia/ci4/system/CodeIgniter.php(308): CodeIgniter\CodeIgniter->handleRequest(NULL, Object(Config\Cache), false)
#8 /Users/markpearson/Google Drive/Documents/Projects/My Websites/Teacherpedia/4.0 CI teacherpedia 1.1/Teacherpedia/public_html/index.php(45): CodeIgniter\CodeIgniter->run()
#9 {main}
CRITICAL - 2020-09-06 19:21:42 --> A non well formed numeric value encountered
#0 /Users/markpearson/Google Drive/Documents/Projects/My Websites/Teacherpedia/4.0 CI teacherpedia 1.1/Teacherpedia/ci4/app/Libraries/Number.php(3040): CodeIgniter\Debug\Exceptions->errorHandler(8, 'A non well form...', '/Users/markpear...', 3040, Array)
#1 /Users/markpearson/Google Drive/Documents/Projects/My Websites/Teacherpedia/4.0 CI teacherpedia 1.1/Teacherpedia/resources/2020/06-09/16-45-24/generator.php(47): App\Libraries\Number->parition_more_than_oneway()
#2 /Users/markpearson/Google Drive/Documents/Projects/My Websites/Teacherpedia/4.0 CI teacherpedia 1.1/Teacherpedia/ci4/system/View/View.php(246): include('/Users/markpear...')
#3 /Users/markpearson/Google Drive/Documents/Projects/My Websites/Teacherpedia/4.0 CI teacherpedia 1.1/Teacherpedia/ci4/system/Common.php(1087): CodeIgniter\View\View->render('../../../resour...', Array, true)
#4 /Users/markpearson/Google Drive/Documents/Projects/My Websites/Teacherpedia/4.0 CI teacherpedia 1.1/Teacherpedia/ci4/app/Controllers/Resources.php(112): view('../../../resour...', Array)
#5 /Users/markpearson/Google Drive/Documents/Projects/My Websites/Teacherpedia/4.0 CI teacherpedia 1.1/Teacherpedia/ci4/system/CodeIgniter.php(914): App\Controllers\Resources->loadSheet('802')
#6 /Users/markpearson/Google Drive/Documents/Projects/My Websites/Teacherpedia/4.0 CI teacherpedia 1.1/Teacherpedia/ci4/system/CodeIgniter.php(400): CodeIgniter\CodeIgniter->runController(Object(App\Controllers\Resources))
#7 /Users/markpearson/Google Drive/Documents/Projects/My Websites/Teacherpedia/4.0 CI teacherpedia 1.1/Teacherpedia/ci4/system/CodeIgniter.php(308): CodeIgniter\CodeIgniter->handleRequest(NULL, Object(Config\Cache), false)
#8 /Users/markpearson/Google Drive/Documents/Projects/My Websites/Teacherpedia/4.0 CI teacherpedia 1.1/Teacherpedia/public_html/index.php(45): CodeIgniter\CodeIgniter->run()
#9 {main}
CRITICAL - 2020-09-06 19:21:44 --> A non well formed numeric value encountered
#0 /Users/markpearson/Google Drive/Documents/Projects/My Websites/Teacherpedia/4.0 CI teacherpedia 1.1/Teacherpedia/ci4/app/Libraries/Number.php(3040): CodeIgniter\Debug\Exceptions->errorHandler(8, 'A non well form...', '/Users/markpear...', 3040, Array)
#1 /Users/markpearson/Google Drive/Documents/Projects/My Websites/Teacherpedia/4.0 CI teacherpedia 1.1/Teacherpedia/resources/2020/06-09/16-45-24/generator.php(47): App\Libraries\Number->parition_more_than_oneway()
#2 /Users/markpearson/Google Drive/Documents/Projects/My Websites/Teacherpedia/4.0 CI teacherpedia 1.1/Teacherpedia/ci4/system/View/View.php(246): include('/Users/markpear...')
#3 /Users/markpearson/Google Drive/Documents/Projects/My Websites/Teacherpedia/4.0 CI teacherpedia 1.1/Teacherpedia/ci4/system/Common.php(1087): CodeIgniter\View\View->render('../../../resour...', Array, true)
#4 /Users/markpearson/Google Drive/Documents/Projects/My Websites/Teacherpedia/4.0 CI teacherpedia 1.1/Teacherpedia/ci4/app/Controllers/Resources.php(112): view('../../../resour...', Array)
#5 /Users/markpearson/Google Drive/Documents/Projects/My Websites/Teacherpedia/4.0 CI teacherpedia 1.1/Teacherpedia/ci4/system/CodeIgniter.php(914): App\Controllers\Resources->loadSheet('802')
#6 /Users/markpearson/Google Drive/Documents/Projects/My Websites/Teacherpedia/4.0 CI teacherpedia 1.1/Teacherpedia/ci4/system/CodeIgniter.php(400): CodeIgniter\CodeIgniter->runController(Object(App\Controllers\Resources))
#7 /Users/markpearson/Google Drive/Documents/Projects/My Websites/Teacherpedia/4.0 CI teacherpedia 1.1/Teacherpedia/ci4/system/CodeIgniter.php(308): CodeIgniter\CodeIgniter->handleRequest(NULL, Object(Config\Cache), false)
#8 /Users/markpearson/Google Drive/Documents/Projects/My Websites/Teacherpedia/4.0 CI teacherpedia 1.1/Teacherpedia/public_html/index.php(45): CodeIgniter\CodeIgniter->run()
#9 {main}
CRITICAL - 2020-09-06 19:21:45 --> A non well formed numeric value encountered
#0 /Users/markpearson/Google Drive/Documents/Projects/My Websites/Teacherpedia/4.0 CI teacherpedia 1.1/Teacherpedia/ci4/app/Libraries/Number.php(3040): CodeIgniter\Debug\Exceptions->errorHandler(8, 'A non well form...', '/Users/markpear...', 3040, Array)
#1 /Users/markpearson/Google Drive/Documents/Projects/My Websites/Teacherpedia/4.0 CI teacherpedia 1.1/Teacherpedia/resources/2020/06-09/16-45-24/generator.php(47): App\Libraries\Number->parition_more_than_oneway()
#2 /Users/markpearson/Google Drive/Documents/Projects/My Websites/Teacherpedia/4.0 CI teacherpedia 1.1/Teacherpedia/ci4/system/View/View.php(246): include('/Users/markpear...')
#3 /Users/markpearson/Google Drive/Documents/Projects/My Websites/Teacherpedia/4.0 CI teacherpedia 1.1/Teacherpedia/ci4/system/Common.php(1087): CodeIgniter\View\View->render('../../../resour...', Array, true)
#4 /Users/markpearson/Google Drive/Documents/Projects/My Websites/Teacherpedia/4.0 CI teacherpedia 1.1/Teacherpedia/ci4/app/Controllers/Resources.php(112): view('../../../resour...', Array)
#5 /Users/markpearson/Google Drive/Documents/Projects/My Websites/Teacherpedia/4.0 CI teacherpedia 1.1/Teacherpedia/ci4/system/CodeIgniter.php(914): App\Controllers\Resources->loadSheet('802')
#6 /Users/markpearson/Google Drive/Documents/Projects/My Websites/Teacherpedia/4.0 CI teacherpedia 1.1/Teacherpedia/ci4/system/CodeIgniter.php(400): CodeIgniter\CodeIgniter->runController(Object(App\Controllers\Resources))
#7 /Users/markpearson/Google Drive/Documents/Projects/My Websites/Teacherpedia/4.0 CI teacherpedia 1.1/Teacherpedia/ci4/system/CodeIgniter.php(308): CodeIgniter\CodeIgniter->handleRequest(NULL, Object(Config\Cache), false)
#8 /Users/markpearson/Google Drive/Documents/Projects/My Websites/Teacherpedia/4.0 CI teacherpedia 1.1/Teacherpedia/public_html/index.php(45): CodeIgniter\CodeIgniter->run()
#9 {main}
CRITICAL - 2020-09-06 19:21:46 --> A non well formed numeric value encountered
#0 /Users/markpearson/Google Drive/Documents/Projects/My Websites/Teacherpedia/4.0 CI teacherpedia 1.1/Teacherpedia/ci4/app/Libraries/Number.php(3040): CodeIgniter\Debug\Exceptions->errorHandler(8, 'A non well form...', '/Users/markpear...', 3040, Array)
#1 /Users/markpearson/Google Drive/Documents/Projects/My Websites/Teacherpedia/4.0 CI teacherpedia 1.1/Teacherpedia/resources/2020/06-09/16-45-24/generator.php(47): App\Libraries\Number->parition_more_than_oneway()
#2 /Users/markpearson/Google Drive/Documents/Projects/My Websites/Teacherpedia/4.0 CI teacherpedia 1.1/Teacherpedia/ci4/system/View/View.php(246): include('/Users/markpear...')
#3 /Users/markpearson/Google Drive/Documents/Projects/My Websites/Teacherpedia/4.0 CI teacherpedia 1.1/Teacherpedia/ci4/system/Common.php(1087): CodeIgniter\View\View->render('../../../resour...', Array, true)
#4 /Users/markpearson/Google Drive/Documents/Projects/My Websites/Teacherpedia/4.0 CI teacherpedia 1.1/Teacherpedia/ci4/app/Controllers/Resources.php(112): view('../../../resour...', Array)
#5 /Users/markpearson/Google Drive/Documents/Projects/My Websites/Teacherpedia/4.0 CI teacherpedia 1.1/Teacherpedia/ci4/system/CodeIgniter.php(914): App\Controllers\Resources->loadSheet('802')
#6 /Users/markpearson/Google Drive/Documents/Projects/My Websites/Teacherpedia/4.0 CI teacherpedia 1.1/Teacherpedia/ci4/system/CodeIgniter.php(400): CodeIgniter\CodeIgniter->runController(Object(App\Controllers\Resources))
#7 /Users/markpearson/Google Drive/Documents/Projects/My Websites/Teacherpedia/4.0 CI teacherpedia 1.1/Teacherpedia/ci4/system/CodeIgniter.php(308): CodeIgniter\CodeIgniter->handleRequest(NULL, Object(Config\Cache), false)
#8 /Users/markpearson/Google Drive/Documents/Projects/My Websites/Teacherpedia/4.0 CI teacherpedia 1.1/Teacherpedia/public_html/index.php(45): CodeIgniter\CodeIgniter->run()
#9 {main}
CRITICAL - 2020-09-06 19:21:47 --> A non well formed numeric value encountered
#0 /Users/markpearson/Google Drive/Documents/Projects/My Websites/Teacherpedia/4.0 CI teacherpedia 1.1/Teacherpedia/ci4/app/Libraries/Number.php(3040): CodeIgniter\Debug\Exceptions->errorHandler(8, 'A non well form...', '/Users/markpear...', 3040, Array)
#1 /Users/markpearson/Google Drive/Documents/Projects/My Websites/Teacherpedia/4.0 CI teacherpedia 1.1/Teacherpedia/resources/2020/06-09/16-45-24/generator.php(47): App\Libraries\Number->parition_more_than_oneway()
#2 /Users/markpearson/Google Drive/Documents/Projects/My Websites/Teacherpedia/4.0 CI teacherpedia 1.1/Teacherpedia/ci4/system/View/View.php(246): include('/Users/markpear...')
#3 /Users/markpearson/Google Drive/Documents/Projects/My Websites/Teacherpedia/4.0 CI teacherpedia 1.1/Teacherpedia/ci4/system/Common.php(1087): CodeIgniter\View\View->render('../../../resour...', Array, true)
#4 /Users/markpearson/Google Drive/Documents/Projects/My Websites/Teacherpedia/4.0 CI teacherpedia 1.1/Teacherpedia/ci4/app/Controllers/Resources.php(112): view('../../../resour...', Array)
#5 /Users/markpearson/Google Drive/Documents/Projects/My Websites/Teacherpedia/4.0 CI teacherpedia 1.1/Teacherpedia/ci4/system/CodeIgniter.php(914): App\Controllers\Resources->loadSheet('802')
#6 /Users/markpearson/Google Drive/Documents/Projects/My Websites/Teacherpedia/4.0 CI teacherpedia 1.1/Teacherpedia/ci4/system/CodeIgniter.php(400): CodeIgniter\CodeIgniter->runController(Object(App\Controllers\Resources))
#7 /Users/markpearson/Google Drive/Documents/Projects/My Websites/Teacherpedia/4.0 CI teacherpedia 1.1/Teacherpedia/ci4/system/CodeIgniter.php(308): CodeIgniter\CodeIgniter->handleRequest(NULL, Object(Config\Cache), false)
#8 /Users/markpearson/Google Drive/Documents/Projects/My Websites/Teacherpedia/4.0 CI teacherpedia 1.1/Teacherpedia/public_html/index.php(45): CodeIgniter\CodeIgniter->run()
#9 {main}
CRITICAL - 2020-09-06 19:21:48 --> A non well formed numeric value encountered
#0 /Users/markpearson/Google Drive/Documents/Projects/My Websites/Teacherpedia/4.0 CI teacherpedia 1.1/Teacherpedia/ci4/app/Libraries/Number.php(3040): CodeIgniter\Debug\Exceptions->errorHandler(8, 'A non well form...', '/Users/markpear...', 3040, Array)
#1 /Users/markpearson/Google Drive/Documents/Projects/My Websites/Teacherpedia/4.0 CI teacherpedia 1.1/Teacherpedia/resources/2020/06-09/16-45-24/generator.php(47): App\Libraries\Number->parition_more_than_oneway()
#2 /Users/markpearson/Google Drive/Documents/Projects/My Websites/Teacherpedia/4.0 CI teacherpedia 1.1/Teacherpedia/ci4/system/View/View.php(246): include('/Users/markpear...')
#3 /Users/markpearson/Google Drive/Documents/Projects/My Websites/Teacherpedia/4.0 CI teacherpedia 1.1/Teacherpedia/ci4/system/Common.php(1087): CodeIgniter\View\View->render('../../../resour...', Array, true)
#4 /Users/markpearson/Google Drive/Documents/Projects/My Websites/Teacherpedia/4.0 CI teacherpedia 1.1/Teacherpedia/ci4/app/Controllers/Resources.php(112): view('../../../resour...', Array)
#5 /Users/markpearson/Google Drive/Documents/Projects/My Websites/Teacherpedia/4.0 CI teacherpedia 1.1/Teacherpedia/ci4/system/CodeIgniter.php(914): App\Controllers\Resources->loadSheet('802')
#6 /Users/markpearson/Google Drive/Documents/Projects/My Websites/Teacherpedia/4.0 CI teacherpedia 1.1/Teacherpedia/ci4/system/CodeIgniter.php(400): CodeIgniter\CodeIgniter->runController(Object(App\Controllers\Resources))
#7 /Users/markpearson/Google Drive/Documents/Projects/My Websites/Teacherpedia/4.0 CI teacherpedia 1.1/Teacherpedia/ci4/system/CodeIgniter.php(308): CodeIgniter\CodeIgniter->handleRequest(NULL, Object(Config\Cache), false)
#8 /Users/markpearson/Google Drive/Documents/Projects/My Websites/Teacherpedia/4.0 CI teacherpedia 1.1/Teacherpedia/public_html/index.php(45): CodeIgniter\CodeIgniter->run()
#9 {main}
CRITICAL - 2020-09-06 19:21:49 --> A non well formed numeric value encountered
#0 /Users/markpearson/Google Drive/Documents/Projects/My Websites/Teacherpedia/4.0 CI teacherpedia 1.1/Teacherpedia/ci4/app/Libraries/Number.php(3040): CodeIgniter\Debug\Exceptions->errorHandler(8, 'A non well form...', '/Users/markpear...', 3040, Array)
#1 /Users/markpearson/Google Drive/Documents/Projects/My Websites/Teacherpedia/4.0 CI teacherpedia 1.1/Teacherpedia/resources/2020/06-09/16-45-24/generator.php(47): App\Libraries\Number->parition_more_than_oneway()
#2 /Users/markpearson/Google Drive/Documents/Projects/My Websites/Teacherpedia/4.0 CI teacherpedia 1.1/Teacherpedia/ci4/system/View/View.php(246): include('/Users/markpear...')
#3 /Users/markpearson/Google Drive/Documents/Projects/My Websites/Teacherpedia/4.0 CI teacherpedia 1.1/Teacherpedia/ci4/system/Common.php(1087): CodeIgniter\View\View->render('../../../resour...', Array, true)
#4 /Users/markpearson/Google Drive/Documents/Projects/My Websites/Teacherpedia/4.0 CI teacherpedia 1.1/Teacherpedia/ci4/app/Controllers/Resources.php(112): view('../../../resour...', Array)
#5 /Users/markpearson/Google Drive/Documents/Projects/My Websites/Teacherpedia/4.0 CI teacherpedia 1.1/Teacherpedia/ci4/system/CodeIgniter.php(914): App\Controllers\Resources->loadSheet('802')
#6 /Users/markpearson/Google Drive/Documents/Projects/My Websites/Teacherpedia/4.0 CI teacherpedia 1.1/Teacherpedia/ci4/system/CodeIgniter.php(400): CodeIgniter\CodeIgniter->runController(Object(App\Controllers\Resources))
#7 /Users/markpearson/Google Drive/Documents/Projects/My Websites/Teacherpedia/4.0 CI teacherpedia 1.1/Teacherpedia/ci4/system/CodeIgniter.php(308): CodeIgniter\CodeIgniter->handleRequest(NULL, Object(Config\Cache), false)
#8 /Users/markpearson/Google Drive/Documents/Projects/My Websites/Teacherpedia/4.0 CI teacherpedia 1.1/Teacherpedia/public_html/index.php(45): CodeIgniter\CodeIgniter->run()
#9 {main}
CRITICAL - 2020-09-06 19:21:50 --> A non well formed numeric value encountered
#0 /Users/markpearson/Google Drive/Documents/Projects/My Websites/Teacherpedia/4.0 CI teacherpedia 1.1/Teacherpedia/ci4/app/Libraries/Number.php(3040): CodeIgniter\Debug\Exceptions->errorHandler(8, 'A non well form...', '/Users/markpear...', 3040, Array)
#1 /Users/markpearson/Google Drive/Documents/Projects/My Websites/Teacherpedia/4.0 CI teacherpedia 1.1/Teacherpedia/resources/2020/06-09/16-45-24/generator.php(47): App\Libraries\Number->parition_more_than_oneway()
#2 /Users/markpearson/Google Drive/Documents/Projects/My Websites/Teacherpedia/4.0 CI teacherpedia 1.1/Teacherpedia/ci4/system/View/View.php(246): include('/Users/markpear...')
#3 /Users/markpearson/Google Drive/Documents/Projects/My Websites/Teacherpedia/4.0 CI teacherpedia 1.1/Teacherpedia/ci4/system/Common.php(1087): CodeIgniter\View\View->render('../../../resour...', Array, true)
#4 /Users/markpearson/Google Drive/Documents/Projects/My Websites/Teacherpedia/4.0 CI teacherpedia 1.1/Teacherpedia/ci4/app/Controllers/Resources.php(112): view('../../../resour...', Array)
#5 /Users/markpearson/Google Drive/Documents/Projects/My Websites/Teacherpedia/4.0 CI teacherpedia 1.1/Teacherpedia/ci4/system/CodeIgniter.php(914): App\Controllers\Resources->loadSheet('802')
#6 /Users/markpearson/Google Drive/Documents/Projects/My Websites/Teacherpedia/4.0 CI teacherpedia 1.1/Teacherpedia/ci4/system/CodeIgniter.php(400): CodeIgniter\CodeIgniter->runController(Object(App\Controllers\Resources))
#7 /Users/markpearson/Google Drive/Documents/Projects/My Websites/Teacherpedia/4.0 CI teacherpedia 1.1/Teacherpedia/ci4/system/CodeIgniter.php(308): CodeIgniter\CodeIgniter->handleRequest(NULL, Object(Config\Cache), false)
#8 /Users/markpearson/Google Drive/Documents/Projects/My Websites/Teacherpedia/4.0 CI teacherpedia 1.1/Teacherpedia/public_html/index.php(45): CodeIgniter\CodeIgniter->run()
#9 {main}
CRITICAL - 2020-09-06 19:21:52 --> A non well formed numeric value encountered
#0 /Users/markpearson/Google Drive/Documents/Projects/My Websites/Teacherpedia/4.0 CI teacherpedia 1.1/Teacherpedia/ci4/app/Libraries/Number.php(3040): CodeIgniter\Debug\Exceptions->errorHandler(8, 'A non well form...', '/Users/markpear...', 3040, Array)
#1 /Users/markpearson/Google Drive/Documents/Projects/My Websites/Teacherpedia/4.0 CI teacherpedia 1.1/Teacherpedia/resources/2020/06-09/16-45-24/generator.php(47): App\Libraries\Number->parition_more_than_oneway()
#2 /Users/markpearson/Google Drive/Documents/Projects/My Websites/Teacherpedia/4.0 CI teacherpedia 1.1/Teacherpedia/ci4/system/View/View.php(246): include('/Users/markpear...')
#3 /Users/markpearson/Google Drive/Documents/Projects/My Websites/Teacherpedia/4.0 CI teacherpedia 1.1/Teacherpedia/ci4/system/Common.php(1087): CodeIgniter\View\View->render('../../../resour...', Array, true)
#4 /Users/markpearson/Google Drive/Documents/Projects/My Websites/Teacherpedia/4.0 CI teacherpedia 1.1/Teacherpedia/ci4/app/Controllers/Resources.php(112): view('../../../resour...', Array)
#5 /Users/markpearson/Google Drive/Documents/Projects/My Websites/Teacherpedia/4.0 CI teacherpedia 1.1/Teacherpedia/ci4/system/CodeIgniter.php(914): App\Controllers\Resources->loadSheet('802')
#6 /Users/markpearson/Google Drive/Documents/Projects/My Websites/Teacherpedia/4.0 CI teacherpedia 1.1/Teacherpedia/ci4/system/CodeIgniter.php(400): CodeIgniter\CodeIgniter->runController(Object(App\Controllers\Resources))
#7 /Users/markpearson/Google Drive/Documents/Projects/My Websites/Teacherpedia/4.0 CI teacherpedia 1.1/Teacherpedia/ci4/system/CodeIgniter.php(308): CodeIgniter\CodeIgniter->handleRequest(NULL, Object(Config\Cache), false)
#8 /Users/markpearson/Google Drive/Documents/Projects/My Websites/Teacherpedia/4.0 CI teacherpedia 1.1/Teacherpedia/public_html/index.php(45): CodeIgniter\CodeIgniter->run()
#9 {main}
CRITICAL - 2020-09-06 19:21:53 --> A non well formed numeric value encountered
#0 /Users/markpearson/Google Drive/Documents/Projects/My Websites/Teacherpedia/4.0 CI teacherpedia 1.1/Teacherpedia/ci4/app/Libraries/Number.php(3040): CodeIgniter\Debug\Exceptions->errorHandler(8, 'A non well form...', '/Users/markpear...', 3040, Array)
#1 /Users/markpearson/Google Drive/Documents/Projects/My Websites/Teacherpedia/4.0 CI teacherpedia 1.1/Teacherpedia/resources/2020/06-09/16-45-24/generator.php(47): App\Libraries\Number->parition_more_than_oneway()
#2 /Users/markpearson/Google Drive/Documents/Projects/My Websites/Teacherpedia/4.0 CI teacherpedia 1.1/Teacherpedia/ci4/system/View/View.php(246): include('/Users/markpear...')
#3 /Users/markpearson/Google Drive/Documents/Projects/My Websites/Teacherpedia/4.0 CI teacherpedia 1.1/Teacherpedia/ci4/system/Common.php(1087): CodeIgniter\View\View->render('../../../resour...', Array, true)
#4 /Users/markpearson/Google Drive/Documents/Projects/My Websites/Teacherpedia/4.0 CI teacherpedia 1.1/Teacherpedia/ci4/app/Controllers/Resources.php(112): view('../../../resour...', Array)
#5 /Users/markpearson/Google Drive/Documents/Projects/My Websites/Teacherpedia/4.0 CI teacherpedia 1.1/Teacherpedia/ci4/system/CodeIgniter.php(914): App\Controllers\Resources->loadSheet('802')
#6 /Users/markpearson/Google Drive/Documents/Projects/My Websites/Teacherpedia/4.0 CI teacherpedia 1.1/Teacherpedia/ci4/system/CodeIgniter.php(400): CodeIgniter\CodeIgniter->runController(Object(App\Controllers\Resources))
#7 /Users/markpearson/Google Drive/Documents/Projects/My Websites/Teacherpedia/4.0 CI teacherpedia 1.1/Teacherpedia/ci4/system/CodeIgniter.php(308): CodeIgniter\CodeIgniter->handleRequest(NULL, Object(Config\Cache), false)
#8 /Users/markpearson/Google Drive/Documents/Projects/My Websites/Teacherpedia/4.0 CI teacherpedia 1.1/Teacherpedia/public_html/index.php(45): CodeIgniter\CodeIgniter->run()
#9 {main}
