CRITICAL - 2020-07-07 07:54:53 --> Trying to get property 'link' of non-object
#0 /Users/markpearson/Google Drive/Documents/Projects/My Websites/Teacherpedia/4.0 CI teacherpedia 1.1/Teacherpedia/ci4/app/Controllers/Resources.php(96): CodeIgniter\Debug\Exceptions->errorHandler(8, 'Trying to get p...', '/Users/markpear...', 96, Array)
#1 /Users/markpearson/Google Drive/Documents/Projects/My Websites/Teacherpedia/4.0 CI teacherpedia 1.1/Teacherpedia/ci4/system/CodeIgniter.php(914): App\Controllers\Resources->loadSheet('generator', '2020', '06-07-90', '07-13-44', 'generator')
#2 /Users/markpearson/Google Drive/Documents/Projects/My Websites/Teacherpedia/4.0 CI teacherpedia 1.1/Teacherpedia/ci4/system/CodeIgniter.php(400): CodeIgniter\CodeIgniter->runController(Object(App\Controllers\Resources))
#3 /Users/markpearson/Google Drive/Documents/Projects/My Websites/Teacherpedia/4.0 CI teacherpedia 1.1/Teacherpedia/ci4/system/CodeIgniter.php(308): CodeIgniter\CodeIgniter->handleRequest(NULL, Object(Config\Cache), false)
#4 /Users/markpearson/Google Drive/Documents/Projects/My Websites/Teacherpedia/4.0 CI teacherpedia 1.1/Teacherpedia/public_html/index.php(45): CodeIgniter\CodeIgniter->run()
#5 {main}
CRITICAL - 2020-07-07 07:59:22 --> Invalid file: ../../resources/2020/06-07-90/07-13-44/index.php
#0 /Users/markpearson/Google Drive/Documents/Projects/My Websites/Teacherpedia/4.0 CI teacherpedia 1.1/Teacherpedia/ci4/system/View/View.php(228): CodeIgniter\Exceptions\FrameworkException::forInvalidFile('../../resources...')
#1 /Users/markpearson/Google Drive/Documents/Projects/My Websites/Teacherpedia/4.0 CI teacherpedia 1.1/Teacherpedia/ci4/system/Common.php(1087): CodeIgniter\View\View->render('../../resources...', Array, true)
#2 /Users/markpearson/Google Drive/Documents/Projects/My Websites/Teacherpedia/4.0 CI teacherpedia 1.1/Teacherpedia/ci4/app/Controllers/Resources.php(79): view('../../resources...', Array)
#3 /Users/markpearson/Google Drive/Documents/Projects/My Websites/Teacherpedia/4.0 CI teacherpedia 1.1/Teacherpedia/ci4/system/CodeIgniter.php(914): App\Controllers\Resources->load('resources', '2020', '06-07-90', '07-13-44', '788')
#4 /Users/markpearson/Google Drive/Documents/Projects/My Websites/Teacherpedia/4.0 CI teacherpedia 1.1/Teacherpedia/ci4/system/CodeIgniter.php(400): CodeIgniter\CodeIgniter->runController(Object(App\Controllers\Resources))
#5 /Users/markpearson/Google Drive/Documents/Projects/My Websites/Teacherpedia/4.0 CI teacherpedia 1.1/Teacherpedia/ci4/system/CodeIgniter.php(308): CodeIgniter\CodeIgniter->handleRequest(NULL, Object(Config\Cache), false)
#6 /Users/markpearson/Google Drive/Documents/Projects/My Websites/Teacherpedia/4.0 CI teacherpedia 1.1/Teacherpedia/public_html/index.php(45): CodeIgniter\CodeIgniter->run()
#7 {main}
CRITICAL - 2020-07-07 08:00:47 --> Trying to get property 'link' of non-object
#0 /Users/markpearson/Google Drive/Documents/Projects/My Websites/Teacherpedia/4.0 CI teacherpedia 1.1/Teacherpedia/ci4/app/Controllers/Resources.php(96): CodeIgniter\Debug\Exceptions->errorHandler(8, 'Trying to get p...', '/Users/markpear...', 96, Array)
#1 /Users/markpearson/Google Drive/Documents/Projects/My Websites/Teacherpedia/4.0 CI teacherpedia 1.1/Teacherpedia/ci4/system/CodeIgniter.php(914): App\Controllers\Resources->loadSheet('generator', '2020', '06-07-90', '07-13-44', 'generator')
#2 /Users/markpearson/Google Drive/Documents/Projects/My Websites/Teacherpedia/4.0 CI teacherpedia 1.1/Teacherpedia/ci4/system/CodeIgniter.php(400): CodeIgniter\CodeIgniter->runController(Object(App\Controllers\Resources))
#3 /Users/markpearson/Google Drive/Documents/Projects/My Websites/Teacherpedia/4.0 CI teacherpedia 1.1/Teacherpedia/ci4/system/CodeIgniter.php(308): CodeIgniter\CodeIgniter->handleRequest(NULL, Object(Config\Cache), false)
#4 /Users/markpearson/Google Drive/Documents/Projects/My Websites/Teacherpedia/4.0 CI teacherpedia 1.1/Teacherpedia/public_html/index.php(45): CodeIgniter\CodeIgniter->run()
#5 {main}
CRITICAL - 2020-07-07 08:00:51 --> Trying to get property 'link' of non-object
#0 /Users/markpearson/Google Drive/Documents/Projects/My Websites/Teacherpedia/4.0 CI teacherpedia 1.1/Teacherpedia/ci4/app/Controllers/Resources.php(96): CodeIgniter\Debug\Exceptions->errorHandler(8, 'Trying to get p...', '/Users/markpear...', 96, Array)
#1 /Users/markpearson/Google Drive/Documents/Projects/My Websites/Teacherpedia/4.0 CI teacherpedia 1.1/Teacherpedia/ci4/system/CodeIgniter.php(914): App\Controllers\Resources->loadSheet('generator', '2020', '06-07-90', '07-13-44', 'generator')
#2 /Users/markpearson/Google Drive/Documents/Projects/My Websites/Teacherpedia/4.0 CI teacherpedia 1.1/Teacherpedia/ci4/system/CodeIgniter.php(400): CodeIgniter\CodeIgniter->runController(Object(App\Controllers\Resources))
#3 /Users/markpearson/Google Drive/Documents/Projects/My Websites/Teacherpedia/4.0 CI teacherpedia 1.1/Teacherpedia/ci4/system/CodeIgniter.php(308): CodeIgniter\CodeIgniter->handleRequest(NULL, Object(Config\Cache), false)
#4 /Users/markpearson/Google Drive/Documents/Projects/My Websites/Teacherpedia/4.0 CI teacherpedia 1.1/Teacherpedia/public_html/index.php(45): CodeIgniter\CodeIgniter->run()
#5 {main}
CRITICAL - 2020-07-07 08:01:21 --> Trying to get property 'link' of non-object
#0 /Users/markpearson/Google Drive/Documents/Projects/My Websites/Teacherpedia/4.0 CI teacherpedia 1.1/Teacherpedia/ci4/app/Controllers/Resources.php(96): CodeIgniter\Debug\Exceptions->errorHandler(8, 'Trying to get p...', '/Users/markpear...', 96, Array)
#1 /Users/markpearson/Google Drive/Documents/Projects/My Websites/Teacherpedia/4.0 CI teacherpedia 1.1/Teacherpedia/ci4/system/CodeIgniter.php(914): App\Controllers\Resources->loadSheet('generator', '2020', '06-07-90', '07-13-44', 'generator')
#2 /Users/markpearson/Google Drive/Documents/Projects/My Websites/Teacherpedia/4.0 CI teacherpedia 1.1/Teacherpedia/ci4/system/CodeIgniter.php(400): CodeIgniter\CodeIgniter->runController(Object(App\Controllers\Resources))
#3 /Users/markpearson/Google Drive/Documents/Projects/My Websites/Teacherpedia/4.0 CI teacherpedia 1.1/Teacherpedia/ci4/system/CodeIgniter.php(308): CodeIgniter\CodeIgniter->handleRequest(NULL, Object(Config\Cache), false)
#4 /Users/markpearson/Google Drive/Documents/Projects/My Websites/Teacherpedia/4.0 CI teacherpedia 1.1/Teacherpedia/public_html/index.php(45): CodeIgniter\CodeIgniter->run()
#5 {main}
CRITICAL - 2020-07-07 08:04:29 --> Request URI segment is our of range: 6
#0 /Users/markpearson/Google Drive/Documents/Projects/My Websites/Teacherpedia/4.0 CI teacherpedia 1.1/Teacherpedia/ci4/system/HTTP/URI.php(485): CodeIgniter\HTTP\Exceptions\HTTPException::forURISegmentOutOfRange(6)
#1 /Users/markpearson/Google Drive/Documents/Projects/My Websites/Teacherpedia/4.0 CI teacherpedia 1.1/Teacherpedia/ci4/app/Controllers/Resources.php(90): CodeIgniter\HTTP\URI->getSegment(6)
#2 /Users/markpearson/Google Drive/Documents/Projects/My Websites/Teacherpedia/4.0 CI teacherpedia 1.1/Teacherpedia/ci4/system/CodeIgniter.php(914): App\Controllers\Resources->loadSheet('788')
#3 /Users/markpearson/Google Drive/Documents/Projects/My Websites/Teacherpedia/4.0 CI teacherpedia 1.1/Teacherpedia/ci4/system/CodeIgniter.php(400): CodeIgniter\CodeIgniter->runController(Object(App\Controllers\Resources))
#4 /Users/markpearson/Google Drive/Documents/Projects/My Websites/Teacherpedia/4.0 CI teacherpedia 1.1/Teacherpedia/ci4/system/CodeIgniter.php(308): CodeIgniter\CodeIgniter->handleRequest(NULL, Object(Config\Cache), false)
#5 /Users/markpearson/Google Drive/Documents/Projects/My Websites/Teacherpedia/4.0 CI teacherpedia 1.1/Teacherpedia/public_html/index.php(45): CodeIgniter\CodeIgniter->run()
#6 {main}
CRITICAL - 2020-07-07 08:19:28 --> Trying to get property 'resource_name' of non-object
#0 /Users/markpearson/Google Drive/Documents/Projects/My Websites/Teacherpedia/4.0 CI teacherpedia 1.1/Teacherpedia/ci4/app/Controllers/Resources.php(72): CodeIgniter\Debug\Exceptions->errorHandler(8, 'Trying to get p...', '/Users/markpear...', 72, Array)
#1 /Users/markpearson/Google Drive/Documents/Projects/My Websites/Teacherpedia/4.0 CI teacherpedia 1.1/Teacherpedia/ci4/system/CodeIgniter.php(914): App\Controllers\Resources->load('resources', '2020', '06-07-90', 'resources', '2020', '06-07-90', '05-34-06', 'banner.png')
#2 /Users/markpearson/Google Drive/Documents/Projects/My Websites/Teacherpedia/4.0 CI teacherpedia 1.1/Teacherpedia/ci4/system/CodeIgniter.php(400): CodeIgniter\CodeIgniter->runController(Object(App\Controllers\Resources))
#3 /Users/markpearson/Google Drive/Documents/Projects/My Websites/Teacherpedia/4.0 CI teacherpedia 1.1/Teacherpedia/ci4/system/CodeIgniter.php(308): CodeIgniter\CodeIgniter->handleRequest(NULL, Object(Config\Cache), false)
#4 /Users/markpearson/Google Drive/Documents/Projects/My Websites/Teacherpedia/4.0 CI teacherpedia 1.1/Teacherpedia/public_html/index.php(45): CodeIgniter\CodeIgniter->run()
#5 {main}
CRITICAL - 2020-07-07 08:20:36 --> Trying to get property 'resource_name' of non-object
#0 /Users/markpearson/Google Drive/Documents/Projects/My Websites/Teacherpedia/4.0 CI teacherpedia 1.1/Teacherpedia/ci4/app/Controllers/Resources.php(72): CodeIgniter\Debug\Exceptions->errorHandler(8, 'Trying to get p...', '/Users/markpear...', 72, Array)
#1 /Users/markpearson/Google Drive/Documents/Projects/My Websites/Teacherpedia/4.0 CI teacherpedia 1.1/Teacherpedia/ci4/system/CodeIgniter.php(914): App\Controllers\Resources->load('resources', '2020', '29-02', '10-41-14-746', 'images', 'banners_thumbna...', '2020', '29-02', '10-41-14-746', 'banner.png')
#2 /Users/markpearson/Google Drive/Documents/Projects/My Websites/Teacherpedia/4.0 CI teacherpedia 1.1/Teacherpedia/ci4/system/CodeIgniter.php(400): CodeIgniter\CodeIgniter->runController(Object(App\Controllers\Resources))
#3 /Users/markpearson/Google Drive/Documents/Projects/My Websites/Teacherpedia/4.0 CI teacherpedia 1.1/Teacherpedia/ci4/system/CodeIgniter.php(308): CodeIgniter\CodeIgniter->handleRequest(NULL, Object(Config\Cache), false)
#4 /Users/markpearson/Google Drive/Documents/Projects/My Websites/Teacherpedia/4.0 CI teacherpedia 1.1/Teacherpedia/public_html/index.php(45): CodeIgniter\CodeIgniter->run()
#5 {main}
CRITICAL - 2020-07-07 08:21:36 --> syntax error, unexpected ''/resources/load/resources/(:a' (T_CONSTANT_ENCAPSED_STRING), expecting ')'
#0 /Users/markpearson/Google Drive/Documents/Projects/My Websites/Teacherpedia/4.0 CI teacherpedia 1.1/Teacherpedia/ci4/system/CodeIgniter.php(360): CodeIgniter\CodeIgniter->tryToRouteIt(NULL)
#1 /Users/markpearson/Google Drive/Documents/Projects/My Websites/Teacherpedia/4.0 CI teacherpedia 1.1/Teacherpedia/ci4/system/CodeIgniter.php(308): CodeIgniter\CodeIgniter->handleRequest(NULL, Object(Config\Cache), false)
#2 /Users/markpearson/Google Drive/Documents/Projects/My Websites/Teacherpedia/4.0 CI teacherpedia 1.1/Teacherpedia/public_html/index.php(45): CodeIgniter\CodeIgniter->run()
#3 {main}
CRITICAL - 2020-07-07 08:21:51 --> Trying to get property 'resource_name' of non-object
#0 /Users/markpearson/Google Drive/Documents/Projects/My Websites/Teacherpedia/4.0 CI teacherpedia 1.1/Teacherpedia/ci4/app/Controllers/Resources.php(72): CodeIgniter\Debug\Exceptions->errorHandler(8, 'Trying to get p...', '/Users/markpear...', 72, Array)
#1 /Users/markpearson/Google Drive/Documents/Projects/My Websites/Teacherpedia/4.0 CI teacherpedia 1.1/Teacherpedia/ci4/system/CodeIgniter.php(914): App\Controllers\Resources->load('resources', '2020', '29-02', '10-41-14-746', 'images', 'banners_thumbna...', '2020', '29-02', '10-41-14-746', 'banner.png')
#2 /Users/markpearson/Google Drive/Documents/Projects/My Websites/Teacherpedia/4.0 CI teacherpedia 1.1/Teacherpedia/ci4/system/CodeIgniter.php(400): CodeIgniter\CodeIgniter->runController(Object(App\Controllers\Resources))
#3 /Users/markpearson/Google Drive/Documents/Projects/My Websites/Teacherpedia/4.0 CI teacherpedia 1.1/Teacherpedia/ci4/system/CodeIgniter.php(308): CodeIgniter\CodeIgniter->handleRequest(NULL, Object(Config\Cache), false)
#4 /Users/markpearson/Google Drive/Documents/Projects/My Websites/Teacherpedia/4.0 CI teacherpedia 1.1/Teacherpedia/public_html/index.php(45): CodeIgniter\CodeIgniter->run()
#5 {main}
CRITICAL - 2020-07-07 08:23:38 --> syntax error, unexpected ';', expecting ')'
#0 /Users/markpearson/Google Drive/Documents/Projects/My Websites/Teacherpedia/4.0 CI teacherpedia 1.1/Teacherpedia/ci4/system/CodeIgniter.php(360): CodeIgniter\CodeIgniter->tryToRouteIt(NULL)
#1 /Users/markpearson/Google Drive/Documents/Projects/My Websites/Teacherpedia/4.0 CI teacherpedia 1.1/Teacherpedia/ci4/system/CodeIgniter.php(308): CodeIgniter\CodeIgniter->handleRequest(NULL, Object(Config\Cache), false)
#2 /Users/markpearson/Google Drive/Documents/Projects/My Websites/Teacherpedia/4.0 CI teacherpedia 1.1/Teacherpedia/public_html/index.php(45): CodeIgniter\CodeIgniter->run()
#3 {main}
CRITICAL - 2020-07-07 08:23:45 --> Trying to get property 'resource_name' of non-object
#0 /Users/markpearson/Google Drive/Documents/Projects/My Websites/Teacherpedia/4.0 CI teacherpedia 1.1/Teacherpedia/ci4/app/Controllers/Resources.php(72): CodeIgniter\Debug\Exceptions->errorHandler(8, 'Trying to get p...', '/Users/markpear...', 72, Array)
#1 /Users/markpearson/Google Drive/Documents/Projects/My Websites/Teacherpedia/4.0 CI teacherpedia 1.1/Teacherpedia/ci4/system/CodeIgniter.php(914): App\Controllers\Resources->load('resources', '2020', '29-02', '10-41-14-746', 'images', 'banners_thumbna...', '2020', '29-02', '10-41-14-746', 'banner.png')
#2 /Users/markpearson/Google Drive/Documents/Projects/My Websites/Teacherpedia/4.0 CI teacherpedia 1.1/Teacherpedia/ci4/system/CodeIgniter.php(400): CodeIgniter\CodeIgniter->runController(Object(App\Controllers\Resources))
#3 /Users/markpearson/Google Drive/Documents/Projects/My Websites/Teacherpedia/4.0 CI teacherpedia 1.1/Teacherpedia/ci4/system/CodeIgniter.php(308): CodeIgniter\CodeIgniter->handleRequest(NULL, Object(Config\Cache), false)
#4 /Users/markpearson/Google Drive/Documents/Projects/My Websites/Teacherpedia/4.0 CI teacherpedia 1.1/Teacherpedia/public_html/index.php(45): CodeIgniter\CodeIgniter->run()
#5 {main}
CRITICAL - 2020-07-07 08:24:09 --> Trying to get property 'resource_name' of non-object
#0 /Users/markpearson/Google Drive/Documents/Projects/My Websites/Teacherpedia/4.0 CI teacherpedia 1.1/Teacherpedia/ci4/app/Controllers/Resources.php(72): CodeIgniter\Debug\Exceptions->errorHandler(8, 'Trying to get p...', '/Users/markpear...', 72, Array)
#1 /Users/markpearson/Google Drive/Documents/Projects/My Websites/Teacherpedia/4.0 CI teacherpedia 1.1/Teacherpedia/ci4/system/CodeIgniter.php(914): App\Controllers\Resources->load('resources', '2020', '29-02', '10-41-14-746', 'images', 'banners_thumbna...', '2020', '29-02', '10-41-14-746', 'banner.png')
#2 /Users/markpearson/Google Drive/Documents/Projects/My Websites/Teacherpedia/4.0 CI teacherpedia 1.1/Teacherpedia/ci4/system/CodeIgniter.php(400): CodeIgniter\CodeIgniter->runController(Object(App\Controllers\Resources))
#3 /Users/markpearson/Google Drive/Documents/Projects/My Websites/Teacherpedia/4.0 CI teacherpedia 1.1/Teacherpedia/ci4/system/CodeIgniter.php(308): CodeIgniter\CodeIgniter->handleRequest(NULL, Object(Config\Cache), false)
#4 /Users/markpearson/Google Drive/Documents/Projects/My Websites/Teacherpedia/4.0 CI teacherpedia 1.1/Teacherpedia/public_html/index.php(45): CodeIgniter\CodeIgniter->run()
#5 {main}
CRITICAL - 2020-07-07 08:25:23 --> Invalid file: ../../../resources/2020/01-03/10-23-15-304/index.php
#0 /Users/markpearson/Google Drive/Documents/Projects/My Websites/Teacherpedia/4.0 CI teacherpedia 1.1/Teacherpedia/ci4/system/View/View.php(228): CodeIgniter\Exceptions\FrameworkException::forInvalidFile('../../../resour...')
#1 /Users/markpearson/Google Drive/Documents/Projects/My Websites/Teacherpedia/4.0 CI teacherpedia 1.1/Teacherpedia/ci4/system/Common.php(1087): CodeIgniter\View\View->render('../../../resour...', Array, true)
#2 /Users/markpearson/Google Drive/Documents/Projects/My Websites/Teacherpedia/4.0 CI teacherpedia 1.1/Teacherpedia/ci4/app/Controllers/Resources.php(79): view('../../../resour...', Array)
#3 /Users/markpearson/Google Drive/Documents/Projects/My Websites/Teacherpedia/4.0 CI teacherpedia 1.1/Teacherpedia/ci4/system/CodeIgniter.php(914): App\Controllers\Resources->load('resources', '2020', '01-03', '10-23-15-304', '632')
#4 /Users/markpearson/Google Drive/Documents/Projects/My Websites/Teacherpedia/4.0 CI teacherpedia 1.1/Teacherpedia/ci4/system/CodeIgniter.php(400): CodeIgniter\CodeIgniter->runController(Object(App\Controllers\Resources))
#5 /Users/markpearson/Google Drive/Documents/Projects/My Websites/Teacherpedia/4.0 CI teacherpedia 1.1/Teacherpedia/ci4/system/CodeIgniter.php(308): CodeIgniter\CodeIgniter->handleRequest(NULL, Object(Config\Cache), false)
#6 /Users/markpearson/Google Drive/Documents/Projects/My Websites/Teacherpedia/4.0 CI teacherpedia 1.1/Teacherpedia/public_html/index.php(45): CodeIgniter\CodeIgniter->run()
#7 {main}
CRITICAL - 2020-07-07 08:27:06 --> include(year5table.html): failed to open stream: No such file or directory
#0 /Users/markpearson/Google Drive/Documents/Projects/My Websites/Teacherpedia/4.0 CI teacherpedia 1.1/Teacherpedia/resources/2020/06-07-90/07-12-34/index.php(18): CodeIgniter\Debug\Exceptions->errorHandler(2, 'include(year5ta...', '/Users/markpear...', 18, Array)
#1 /Users/markpearson/Google Drive/Documents/Projects/My Websites/Teacherpedia/4.0 CI teacherpedia 1.1/Teacherpedia/resources/2020/06-07-90/07-12-34/index.php(18): include()
#2 /Users/markpearson/Google Drive/Documents/Projects/My Websites/Teacherpedia/4.0 CI teacherpedia 1.1/Teacherpedia/ci4/system/View/View.php(246): include('/Users/markpear...')
#3 /Users/markpearson/Google Drive/Documents/Projects/My Websites/Teacherpedia/4.0 CI teacherpedia 1.1/Teacherpedia/ci4/system/Common.php(1087): CodeIgniter\View\View->render('../../../resour...', Array, true)
#4 /Users/markpearson/Google Drive/Documents/Projects/My Websites/Teacherpedia/4.0 CI teacherpedia 1.1/Teacherpedia/ci4/app/Controllers/Resources.php(79): view('../../../resour...', Array)
#5 /Users/markpearson/Google Drive/Documents/Projects/My Websites/Teacherpedia/4.0 CI teacherpedia 1.1/Teacherpedia/ci4/system/CodeIgniter.php(914): App\Controllers\Resources->load('resources', '2020', '06-07-90', '07-12-34', '787')
#6 /Users/markpearson/Google Drive/Documents/Projects/My Websites/Teacherpedia/4.0 CI teacherpedia 1.1/Teacherpedia/ci4/system/CodeIgniter.php(400): CodeIgniter\CodeIgniter->runController(Object(App\Controllers\Resources))
#7 /Users/markpearson/Google Drive/Documents/Projects/My Websites/Teacherpedia/4.0 CI teacherpedia 1.1/Teacherpedia/ci4/system/CodeIgniter.php(308): CodeIgniter\CodeIgniter->handleRequest(NULL, Object(Config\Cache), false)
#8 /Users/markpearson/Google Drive/Documents/Projects/My Websites/Teacherpedia/4.0 CI teacherpedia 1.1/Teacherpedia/public_html/index.php(45): CodeIgniter\CodeIgniter->run()
#9 {main}
CRITICAL - 2020-07-07 08:27:23 --> Cannot redeclare is_prime() (previously declared in /Users/markpearson/Google Drive/Documents/Projects/My Websites/Teacherpedia/4.0 CI teacherpedia 1.1/Teacherpedia/resources/2020/06-07-90/07-13-44/Number.php:5995)
#0 [internal function]: CodeIgniter\Debug\Exceptions->shutdownHandler()
#1 {main}
CRITICAL - 2020-07-07 08:27:31 --> Cannot redeclare is_prime() (previously declared in /Users/markpearson/Google Drive/Documents/Projects/My Websites/Teacherpedia/4.0 CI teacherpedia 1.1/Teacherpedia/resources/2020/06-07-90/07-13-44/Number.php:5995)
#0 [internal function]: CodeIgniter\Debug\Exceptions->shutdownHandler()
#1 {main}
CRITICAL - 2020-07-07 08:29:34 --> syntax error, unexpected 'if' (T_IF)
#0 /Users/markpearson/Google Drive/Documents/Projects/My Websites/Teacherpedia/4.0 CI teacherpedia 1.1/Teacherpedia/ci4/system/CodeIgniter.php(360): CodeIgniter\CodeIgniter->tryToRouteIt(NULL)
#1 /Users/markpearson/Google Drive/Documents/Projects/My Websites/Teacherpedia/4.0 CI teacherpedia 1.1/Teacherpedia/ci4/system/CodeIgniter.php(308): CodeIgniter\CodeIgniter->handleRequest(NULL, Object(Config\Cache), false)
#2 /Users/markpearson/Google Drive/Documents/Projects/My Websites/Teacherpedia/4.0 CI teacherpedia 1.1/Teacherpedia/public_html/index.php(45): CodeIgniter\CodeIgniter->run()
#3 {main}
CRITICAL - 2020-07-07 08:31:17 --> syntax error, unexpected 'if' (T_IF)
#0 /Users/markpearson/Google Drive/Documents/Projects/My Websites/Teacherpedia/4.0 CI teacherpedia 1.1/Teacherpedia/ci4/system/CodeIgniter.php(360): CodeIgniter\CodeIgniter->tryToRouteIt(NULL)
#1 /Users/markpearson/Google Drive/Documents/Projects/My Websites/Teacherpedia/4.0 CI teacherpedia 1.1/Teacherpedia/ci4/system/CodeIgniter.php(308): CodeIgniter\CodeIgniter->handleRequest(NULL, Object(Config\Cache), false)
#2 /Users/markpearson/Google Drive/Documents/Projects/My Websites/Teacherpedia/4.0 CI teacherpedia 1.1/Teacherpedia/public_html/index.php(45): CodeIgniter\CodeIgniter->run()
#3 {main}
CRITICAL - 2020-07-07 08:31:28 --> Invalid file: ../../../resources/2020/01-03/08-54-31-888/index.php
#0 /Users/markpearson/Google Drive/Documents/Projects/My Websites/Teacherpedia/4.0 CI teacherpedia 1.1/Teacherpedia/ci4/system/View/View.php(228): CodeIgniter\Exceptions\FrameworkException::forInvalidFile('../../../resour...')
#1 /Users/markpearson/Google Drive/Documents/Projects/My Websites/Teacherpedia/4.0 CI teacherpedia 1.1/Teacherpedia/ci4/system/Common.php(1087): CodeIgniter\View\View->render('../../../resour...', Array, true)
#2 /Users/markpearson/Google Drive/Documents/Projects/My Websites/Teacherpedia/4.0 CI teacherpedia 1.1/Teacherpedia/ci4/app/Controllers/Resources.php(79): view('../../../resour...', Array)
#3 /Users/markpearson/Google Drive/Documents/Projects/My Websites/Teacherpedia/4.0 CI teacherpedia 1.1/Teacherpedia/ci4/system/CodeIgniter.php(914): App\Controllers\Resources->load('resources', '2020', '01-03', '08-54-31-888', '616')
#4 /Users/markpearson/Google Drive/Documents/Projects/My Websites/Teacherpedia/4.0 CI teacherpedia 1.1/Teacherpedia/ci4/system/CodeIgniter.php(400): CodeIgniter\CodeIgniter->runController(Object(App\Controllers\Resources))
#5 /Users/markpearson/Google Drive/Documents/Projects/My Websites/Teacherpedia/4.0 CI teacherpedia 1.1/Teacherpedia/ci4/system/CodeIgniter.php(308): CodeIgniter\CodeIgniter->handleRequest(NULL, Object(Config\Cache), false)
#6 /Users/markpearson/Google Drive/Documents/Projects/My Websites/Teacherpedia/4.0 CI teacherpedia 1.1/Teacherpedia/public_html/index.php(45): CodeIgniter\CodeIgniter->run()
#7 {main}
CRITICAL - 2020-07-07 08:32:17 --> Request URI segment is our of range: 6
#0 /Users/markpearson/Google Drive/Documents/Projects/My Websites/Teacherpedia/4.0 CI teacherpedia 1.1/Teacherpedia/ci4/system/HTTP/URI.php(485): CodeIgniter\HTTP\Exceptions\HTTPException::forURISegmentOutOfRange(6)
#1 /Users/markpearson/Google Drive/Documents/Projects/My Websites/Teacherpedia/4.0 CI teacherpedia 1.1/Teacherpedia/ci4/app/Controllers/resources.php(67): CodeIgniter\HTTP\URI->getSegment(6)
#2 /Users/markpearson/Google Drive/Documents/Projects/My Websites/Teacherpedia/4.0 CI teacherpedia 1.1/Teacherpedia/ci4/system/CodeIgniter.php(914): App\Controllers\Resources->load('2020', '06-07-90', '04-43-04', 'banner.png')
#3 /Users/markpearson/Google Drive/Documents/Projects/My Websites/Teacherpedia/4.0 CI teacherpedia 1.1/Teacherpedia/ci4/system/CodeIgniter.php(400): CodeIgniter\CodeIgniter->runController(Object(App\Controllers\Resources))
#4 /Users/markpearson/Google Drive/Documents/Projects/My Websites/Teacherpedia/4.0 CI teacherpedia 1.1/Teacherpedia/ci4/system/CodeIgniter.php(308): CodeIgniter\CodeIgniter->handleRequest(NULL, Object(Config\Cache), false)
#5 /Users/markpearson/Google Drive/Documents/Projects/My Websites/Teacherpedia/4.0 CI teacherpedia 1.1/Teacherpedia/public_html/index.php(45): CodeIgniter\CodeIgniter->run()
#6 {main}
CRITICAL - 2020-07-07 08:32:20 --> Trying to get property 'resource_name' of non-object
#0 /Users/markpearson/Google Drive/Documents/Projects/My Websites/Teacherpedia/4.0 CI teacherpedia 1.1/Teacherpedia/ci4/app/Controllers/resources.php(72): CodeIgniter\Debug\Exceptions->errorHandler(8, 'Trying to get p...', '/Users/markpear...', 72, Array)
#1 /Users/markpearson/Google Drive/Documents/Projects/My Websites/Teacherpedia/4.0 CI teacherpedia 1.1/Teacherpedia/ci4/system/CodeIgniter.php(914): App\Controllers\Resources->load('load', 'resources', '2020', '06-07-90', '04-42-25', 'images', 'banners_thumbna...', '2020', '06-07-90', '04-42-25', 'banner.png')
#2 /Users/markpearson/Google Drive/Documents/Projects/My Websites/Teacherpedia/4.0 CI teacherpedia 1.1/Teacherpedia/ci4/system/CodeIgniter.php(400): CodeIgniter\CodeIgniter->runController(Object(App\Controllers\Resources))
#3 /Users/markpearson/Google Drive/Documents/Projects/My Websites/Teacherpedia/4.0 CI teacherpedia 1.1/Teacherpedia/ci4/system/CodeIgniter.php(308): CodeIgniter\CodeIgniter->handleRequest(NULL, Object(Config\Cache), false)
#4 /Users/markpearson/Google Drive/Documents/Projects/My Websites/Teacherpedia/4.0 CI teacherpedia 1.1/Teacherpedia/public_html/index.php(45): CodeIgniter\CodeIgniter->run()
#5 {main}
CRITICAL - 2020-07-07 08:32:22 --> Request URI segment is our of range: 6
#0 /Users/markpearson/Google Drive/Documents/Projects/My Websites/Teacherpedia/4.0 CI teacherpedia 1.1/Teacherpedia/ci4/system/HTTP/URI.php(485): CodeIgniter\HTTP\Exceptions\HTTPException::forURISegmentOutOfRange(6)
#1 /Users/markpearson/Google Drive/Documents/Projects/My Websites/Teacherpedia/4.0 CI teacherpedia 1.1/Teacherpedia/ci4/app/Controllers/resources.php(67): CodeIgniter\HTTP\URI->getSegment(6)
#2 /Users/markpearson/Google Drive/Documents/Projects/My Websites/Teacherpedia/4.0 CI teacherpedia 1.1/Teacherpedia/ci4/system/CodeIgniter.php(914): App\Controllers\Resources->load('2020', '06-07-90', '04-43-04', 'banner.png')
#3 /Users/markpearson/Google Drive/Documents/Projects/My Websites/Teacherpedia/4.0 CI teacherpedia 1.1/Teacherpedia/ci4/system/CodeIgniter.php(400): CodeIgniter\CodeIgniter->runController(Object(App\Controllers\Resources))
#4 /Users/markpearson/Google Drive/Documents/Projects/My Websites/Teacherpedia/4.0 CI teacherpedia 1.1/Teacherpedia/ci4/system/CodeIgniter.php(308): CodeIgniter\CodeIgniter->handleRequest(NULL, Object(Config\Cache), false)
#5 /Users/markpearson/Google Drive/Documents/Projects/My Websites/Teacherpedia/4.0 CI teacherpedia 1.1/Teacherpedia/public_html/index.php(45): CodeIgniter\CodeIgniter->run()
#6 {main}
CRITICAL - 2020-07-07 08:32:48 --> Request URI segment is our of range: 6
#0 /Users/markpearson/Google Drive/Documents/Projects/My Websites/Teacherpedia/4.0 CI teacherpedia 1.1/Teacherpedia/ci4/system/HTTP/URI.php(485): CodeIgniter\HTTP\Exceptions\HTTPException::forURISegmentOutOfRange(6)
#1 /Users/markpearson/Google Drive/Documents/Projects/My Websites/Teacherpedia/4.0 CI teacherpedia 1.1/Teacherpedia/ci4/app/Controllers/resources.php(67): CodeIgniter\HTTP\URI->getSegment(6)
#2 /Users/markpearson/Google Drive/Documents/Projects/My Websites/Teacherpedia/4.0 CI teacherpedia 1.1/Teacherpedia/ci4/system/CodeIgniter.php(914): App\Controllers\Resources->load('2020', '06-07-90', '04-44-21', 'banner.png')
#3 /Users/markpearson/Google Drive/Documents/Projects/My Websites/Teacherpedia/4.0 CI teacherpedia 1.1/Teacherpedia/ci4/system/CodeIgniter.php(400): CodeIgniter\CodeIgniter->runController(Object(App\Controllers\Resources))
#4 /Users/markpearson/Google Drive/Documents/Projects/My Websites/Teacherpedia/4.0 CI teacherpedia 1.1/Teacherpedia/ci4/system/CodeIgniter.php(308): CodeIgniter\CodeIgniter->handleRequest(NULL, Object(Config\Cache), false)
#5 /Users/markpearson/Google Drive/Documents/Projects/My Websites/Teacherpedia/4.0 CI teacherpedia 1.1/Teacherpedia/public_html/index.php(45): CodeIgniter\CodeIgniter->run()
#6 {main}
CRITICAL - 2020-07-07 08:32:58 --> Trying to get property 'resource_name' of non-object
#0 /Users/markpearson/Google Drive/Documents/Projects/My Websites/Teacherpedia/4.0 CI teacherpedia 1.1/Teacherpedia/ci4/app/Controllers/resources.php(72): CodeIgniter\Debug\Exceptions->errorHandler(8, 'Trying to get p...', '/Users/markpear...', 72, Array)
#1 /Users/markpearson/Google Drive/Documents/Projects/My Websites/Teacherpedia/4.0 CI teacherpedia 1.1/Teacherpedia/ci4/system/CodeIgniter.php(914): App\Controllers\Resources->load('resources', '2020', '06-07-90', '04-42-25', '769')
#2 /Users/markpearson/Google Drive/Documents/Projects/My Websites/Teacherpedia/4.0 CI teacherpedia 1.1/Teacherpedia/ci4/system/CodeIgniter.php(400): CodeIgniter\CodeIgniter->runController(Object(App\Controllers\Resources))
#3 /Users/markpearson/Google Drive/Documents/Projects/My Websites/Teacherpedia/4.0 CI teacherpedia 1.1/Teacherpedia/ci4/system/CodeIgniter.php(308): CodeIgniter\CodeIgniter->handleRequest(NULL, Object(Config\Cache), false)
#4 /Users/markpearson/Google Drive/Documents/Projects/My Websites/Teacherpedia/4.0 CI teacherpedia 1.1/Teacherpedia/public_html/index.php(45): CodeIgniter\CodeIgniter->run()
#5 {main}
CRITICAL - 2020-07-07 08:33:31 --> Trying to get property 'resource_name' of non-object
#0 /Users/markpearson/Google Drive/Documents/Projects/My Websites/Teacherpedia/4.0 CI teacherpedia 1.1/Teacherpedia/ci4/app/Controllers/resources.php(72): CodeIgniter\Debug\Exceptions->errorHandler(8, 'Trying to get p...', '/Users/markpear...', 72, Array)
#1 /Users/markpearson/Google Drive/Documents/Projects/My Websites/Teacherpedia/4.0 CI teacherpedia 1.1/Teacherpedia/ci4/system/CodeIgniter.php(914): App\Controllers\Resources->load('resources', '2020', '06-07-90', '04-42-25', '769')
#2 /Users/markpearson/Google Drive/Documents/Projects/My Websites/Teacherpedia/4.0 CI teacherpedia 1.1/Teacherpedia/ci4/system/CodeIgniter.php(400): CodeIgniter\CodeIgniter->runController(Object(App\Controllers\Resources))
#3 /Users/markpearson/Google Drive/Documents/Projects/My Websites/Teacherpedia/4.0 CI teacherpedia 1.1/Teacherpedia/ci4/system/CodeIgniter.php(308): CodeIgniter\CodeIgniter->handleRequest(NULL, Object(Config\Cache), false)
#4 /Users/markpearson/Google Drive/Documents/Projects/My Websites/Teacherpedia/4.0 CI teacherpedia 1.1/Teacherpedia/public_html/index.php(45): CodeIgniter\CodeIgniter->run()
#5 {main}
CRITICAL - 2020-07-07 08:33:34 --> Trying to get property 'resource_name' of non-object
#0 /Users/markpearson/Google Drive/Documents/Projects/My Websites/Teacherpedia/4.0 CI teacherpedia 1.1/Teacherpedia/ci4/app/Controllers/resources.php(72): CodeIgniter\Debug\Exceptions->errorHandler(8, 'Trying to get p...', '/Users/markpear...', 72, Array)
#1 /Users/markpearson/Google Drive/Documents/Projects/My Websites/Teacherpedia/4.0 CI teacherpedia 1.1/Teacherpedia/ci4/system/CodeIgniter.php(914): App\Controllers\Resources->load('resources', '2020', '06-07-90', '04-42-25', '769')
#2 /Users/markpearson/Google Drive/Documents/Projects/My Websites/Teacherpedia/4.0 CI teacherpedia 1.1/Teacherpedia/ci4/system/CodeIgniter.php(400): CodeIgniter\CodeIgniter->runController(Object(App\Controllers\Resources))
#3 /Users/markpearson/Google Drive/Documents/Projects/My Websites/Teacherpedia/4.0 CI teacherpedia 1.1/Teacherpedia/ci4/system/CodeIgniter.php(308): CodeIgniter\CodeIgniter->handleRequest(NULL, Object(Config\Cache), false)
#4 /Users/markpearson/Google Drive/Documents/Projects/My Websites/Teacherpedia/4.0 CI teacherpedia 1.1/Teacherpedia/public_html/index.php(45): CodeIgniter\CodeIgniter->run()
#5 {main}
CRITICAL - 2020-07-07 08:33:55 --> Trying to get property 'resource_name' of non-object
#0 /Users/markpearson/Google Drive/Documents/Projects/My Websites/Teacherpedia/4.0 CI teacherpedia 1.1/Teacherpedia/ci4/app/Controllers/Resources.php(72): CodeIgniter\Debug\Exceptions->errorHandler(8, 'Trying to get p...', '/Users/markpear...', 72, Array)
#1 /Users/markpearson/Google Drive/Documents/Projects/My Websites/Teacherpedia/4.0 CI teacherpedia 1.1/Teacherpedia/ci4/system/CodeIgniter.php(914): App\Controllers\Resources->load('resources', '2020', '06-07-90', '04-42-25', '769')
#2 /Users/markpearson/Google Drive/Documents/Projects/My Websites/Teacherpedia/4.0 CI teacherpedia 1.1/Teacherpedia/ci4/system/CodeIgniter.php(400): CodeIgniter\CodeIgniter->runController(Object(App\Controllers\Resources))
#3 /Users/markpearson/Google Drive/Documents/Projects/My Websites/Teacherpedia/4.0 CI teacherpedia 1.1/Teacherpedia/ci4/system/CodeIgniter.php(308): CodeIgniter\CodeIgniter->handleRequest(NULL, Object(Config\Cache), false)
#4 /Users/markpearson/Google Drive/Documents/Projects/My Websites/Teacherpedia/4.0 CI teacherpedia 1.1/Teacherpedia/public_html/index.php(45): CodeIgniter\CodeIgniter->run()
#5 {main}
CRITICAL - 2020-07-07 08:39:42 --> Request URI segment is our of range: 6
#0 /Users/markpearson/Google Drive/Documents/Projects/My Websites/Teacherpedia/4.0 CI teacherpedia 1.1/Teacherpedia/ci4/system/HTTP/URI.php(485): CodeIgniter\HTTP\Exceptions\HTTPException::forURISegmentOutOfRange(6)
#1 /Users/markpearson/Google Drive/Documents/Projects/My Websites/Teacherpedia/4.0 CI teacherpedia 1.1/Teacherpedia/ci4/app/Controllers/Resources.php(67): CodeIgniter\HTTP\URI->getSegment(6)
#2 /Users/markpearson/Google Drive/Documents/Projects/My Websites/Teacherpedia/4.0 CI teacherpedia 1.1/Teacherpedia/ci4/system/CodeIgniter.php(914): App\Controllers\Resources->load('2020', '06-07-90', '07-07-36', 'testingdashy5ab...')
#3 /Users/markpearson/Google Drive/Documents/Projects/My Websites/Teacherpedia/4.0 CI teacherpedia 1.1/Teacherpedia/ci4/system/CodeIgniter.php(400): CodeIgniter\CodeIgniter->runController(Object(App\Controllers\Resources))
#4 /Users/markpearson/Google Drive/Documents/Projects/My Websites/Teacherpedia/4.0 CI teacherpedia 1.1/Teacherpedia/ci4/system/CodeIgniter.php(308): CodeIgniter\CodeIgniter->handleRequest(NULL, Object(Config\Cache), false)
#5 /Users/markpearson/Google Drive/Documents/Projects/My Websites/Teacherpedia/4.0 CI teacherpedia 1.1/Teacherpedia/public_html/index.php(45): CodeIgniter\CodeIgniter->run()
#6 {main}
CRITICAL - 2020-07-07 08:40:29 --> Request URI segment is our of range: 6
#0 /Users/markpearson/Google Drive/Documents/Projects/My Websites/Teacherpedia/4.0 CI teacherpedia 1.1/Teacherpedia/ci4/system/HTTP/URI.php(485): CodeIgniter\HTTP\Exceptions\HTTPException::forURISegmentOutOfRange(6)
#1 /Users/markpearson/Google Drive/Documents/Projects/My Websites/Teacherpedia/4.0 CI teacherpedia 1.1/Teacherpedia/ci4/app/Controllers/Resources.php(67): CodeIgniter\HTTP\URI->getSegment(6)
#2 /Users/markpearson/Google Drive/Documents/Projects/My Websites/Teacherpedia/4.0 CI teacherpedia 1.1/Teacherpedia/ci4/system/CodeIgniter.php(914): App\Controllers\Resources->load('2020', '06-07-90', '04-44-58', 'banner.png')
#3 /Users/markpearson/Google Drive/Documents/Projects/My Websites/Teacherpedia/4.0 CI teacherpedia 1.1/Teacherpedia/ci4/system/CodeIgniter.php(400): CodeIgniter\CodeIgniter->runController(Object(App\Controllers\Resources))
#4 /Users/markpearson/Google Drive/Documents/Projects/My Websites/Teacherpedia/4.0 CI teacherpedia 1.1/Teacherpedia/ci4/system/CodeIgniter.php(308): CodeIgniter\CodeIgniter->handleRequest(NULL, Object(Config\Cache), false)
#5 /Users/markpearson/Google Drive/Documents/Projects/My Websites/Teacherpedia/4.0 CI teacherpedia 1.1/Teacherpedia/public_html/index.php(45): CodeIgniter\CodeIgniter->run()
#6 {main}
CRITICAL - 2020-07-07 08:40:32 --> Trying to get property 'resource_name' of non-object
#0 /Users/markpearson/Google Drive/Documents/Projects/My Websites/Teacherpedia/4.0 CI teacherpedia 1.1/Teacherpedia/ci4/app/Controllers/Resources.php(72): CodeIgniter\Debug\Exceptions->errorHandler(8, 'Trying to get p...', '/Users/markpear...', 72, Array)
#1 /Users/markpearson/Google Drive/Documents/Projects/My Websites/Teacherpedia/4.0 CI teacherpedia 1.1/Teacherpedia/ci4/system/CodeIgniter.php(914): App\Controllers\Resources->load('resources', '2020', '06-07-90', '04-42-25', 'testingdashy5')
#2 /Users/markpearson/Google Drive/Documents/Projects/My Websites/Teacherpedia/4.0 CI teacherpedia 1.1/Teacherpedia/ci4/system/CodeIgniter.php(400): CodeIgniter\CodeIgniter->runController(Object(App\Controllers\Resources))
#3 /Users/markpearson/Google Drive/Documents/Projects/My Websites/Teacherpedia/4.0 CI teacherpedia 1.1/Teacherpedia/ci4/system/CodeIgniter.php(308): CodeIgniter\CodeIgniter->handleRequest(NULL, Object(Config\Cache), false)
#4 /Users/markpearson/Google Drive/Documents/Projects/My Websites/Teacherpedia/4.0 CI teacherpedia 1.1/Teacherpedia/public_html/index.php(45): CodeIgniter\CodeIgniter->run()
#5 {main}
CRITICAL - 2020-07-07 08:40:34 --> Request URI segment is our of range: 6
#0 /Users/markpearson/Google Drive/Documents/Projects/My Websites/Teacherpedia/4.0 CI teacherpedia 1.1/Teacherpedia/ci4/system/HTTP/URI.php(485): CodeIgniter\HTTP\Exceptions\HTTPException::forURISegmentOutOfRange(6)
#1 /Users/markpearson/Google Drive/Documents/Projects/My Websites/Teacherpedia/4.0 CI teacherpedia 1.1/Teacherpedia/ci4/app/Controllers/Resources.php(67): CodeIgniter\HTTP\URI->getSegment(6)
#2 /Users/markpearson/Google Drive/Documents/Projects/My Websites/Teacherpedia/4.0 CI teacherpedia 1.1/Teacherpedia/ci4/system/CodeIgniter.php(914): App\Controllers\Resources->load('2020', '06-07-90', '07-06-03', 'testingdashy5ab...')
#3 /Users/markpearson/Google Drive/Documents/Projects/My Websites/Teacherpedia/4.0 CI teacherpedia 1.1/Teacherpedia/ci4/system/CodeIgniter.php(400): CodeIgniter\CodeIgniter->runController(Object(App\Controllers\Resources))
#4 /Users/markpearson/Google Drive/Documents/Projects/My Websites/Teacherpedia/4.0 CI teacherpedia 1.1/Teacherpedia/ci4/system/CodeIgniter.php(308): CodeIgniter\CodeIgniter->handleRequest(NULL, Object(Config\Cache), false)
#5 /Users/markpearson/Google Drive/Documents/Projects/My Websites/Teacherpedia/4.0 CI teacherpedia 1.1/Teacherpedia/public_html/index.php(45): CodeIgniter\CodeIgniter->run()
#6 {main}
CRITICAL - 2020-07-07 08:40:39 --> Trying to get property 'resource_name' of non-object
#0 /Users/markpearson/Google Drive/Documents/Projects/My Websites/Teacherpedia/4.0 CI teacherpedia 1.1/Teacherpedia/ci4/app/Controllers/Resources.php(72): CodeIgniter\Debug\Exceptions->errorHandler(8, 'Trying to get p...', '/Users/markpear...', 72, Array)
#1 /Users/markpearson/Google Drive/Documents/Projects/My Websites/Teacherpedia/4.0 CI teacherpedia 1.1/Teacherpedia/ci4/system/CodeIgniter.php(914): App\Controllers\Resources->load('resources', '2020', '06-07-90', '04-42-25', 'testingdashy5')
#2 /Users/markpearson/Google Drive/Documents/Projects/My Websites/Teacherpedia/4.0 CI teacherpedia 1.1/Teacherpedia/ci4/system/CodeIgniter.php(400): CodeIgniter\CodeIgniter->runController(Object(App\Controllers\Resources))
#3 /Users/markpearson/Google Drive/Documents/Projects/My Websites/Teacherpedia/4.0 CI teacherpedia 1.1/Teacherpedia/ci4/system/CodeIgniter.php(308): CodeIgniter\CodeIgniter->handleRequest(NULL, Object(Config\Cache), false)
#4 /Users/markpearson/Google Drive/Documents/Projects/My Websites/Teacherpedia/4.0 CI teacherpedia 1.1/Teacherpedia/public_html/index.php(45): CodeIgniter\CodeIgniter->run()
#5 {main}
CRITICAL - 2020-07-07 08:44:10 --> Invalid file: ../../../resources/2020/01-03/08-54-31-888/index.php
#0 /Users/markpearson/Google Drive/Documents/Projects/My Websites/Teacherpedia/4.0 CI teacherpedia 1.1/Teacherpedia/ci4/system/View/View.php(228): CodeIgniter\Exceptions\FrameworkException::forInvalidFile('../../../resour...')
#1 /Users/markpearson/Google Drive/Documents/Projects/My Websites/Teacherpedia/4.0 CI teacherpedia 1.1/Teacherpedia/ci4/system/Common.php(1087): CodeIgniter\View\View->render('../../../resour...', Array, true)
#2 /Users/markpearson/Google Drive/Documents/Projects/My Websites/Teacherpedia/4.0 CI teacherpedia 1.1/Teacherpedia/ci4/app/Controllers/Resources.php(79): view('../../../resour...', Array)
#3 /Users/markpearson/Google Drive/Documents/Projects/My Websites/Teacherpedia/4.0 CI teacherpedia 1.1/Teacherpedia/ci4/system/CodeIgniter.php(914): App\Controllers\Resources->load('resources', '2020', '01-03', '08-54-31-888', '616')
#4 /Users/markpearson/Google Drive/Documents/Projects/My Websites/Teacherpedia/4.0 CI teacherpedia 1.1/Teacherpedia/ci4/system/CodeIgniter.php(400): CodeIgniter\CodeIgniter->runController(Object(App\Controllers\Resources))
#5 /Users/markpearson/Google Drive/Documents/Projects/My Websites/Teacherpedia/4.0 CI teacherpedia 1.1/Teacherpedia/ci4/system/CodeIgniter.php(308): CodeIgniter\CodeIgniter->handleRequest(NULL, Object(Config\Cache), false)
#6 /Users/markpearson/Google Drive/Documents/Projects/My Websites/Teacherpedia/4.0 CI teacherpedia 1.1/Teacherpedia/public_html/index.php(45): CodeIgniter\CodeIgniter->run()
#7 {main}
CRITICAL - 2020-07-07 08:44:12 --> Invalid file: ../../../resources/2020/01-03/08-54-31-888/index.php
#0 /Users/markpearson/Google Drive/Documents/Projects/My Websites/Teacherpedia/4.0 CI teacherpedia 1.1/Teacherpedia/ci4/system/View/View.php(228): CodeIgniter\Exceptions\FrameworkException::forInvalidFile('../../../resour...')
#1 /Users/markpearson/Google Drive/Documents/Projects/My Websites/Teacherpedia/4.0 CI teacherpedia 1.1/Teacherpedia/ci4/system/Common.php(1087): CodeIgniter\View\View->render('../../../resour...', Array, true)
#2 /Users/markpearson/Google Drive/Documents/Projects/My Websites/Teacherpedia/4.0 CI teacherpedia 1.1/Teacherpedia/ci4/app/Controllers/Resources.php(79): view('../../../resour...', Array)
#3 /Users/markpearson/Google Drive/Documents/Projects/My Websites/Teacherpedia/4.0 CI teacherpedia 1.1/Teacherpedia/ci4/system/CodeIgniter.php(914): App\Controllers\Resources->load('resources', '2020', '01-03', '08-54-31-888', '616')
#4 /Users/markpearson/Google Drive/Documents/Projects/My Websites/Teacherpedia/4.0 CI teacherpedia 1.1/Teacherpedia/ci4/system/CodeIgniter.php(400): CodeIgniter\CodeIgniter->runController(Object(App\Controllers\Resources))
#5 /Users/markpearson/Google Drive/Documents/Projects/My Websites/Teacherpedia/4.0 CI teacherpedia 1.1/Teacherpedia/ci4/system/CodeIgniter.php(308): CodeIgniter\CodeIgniter->handleRequest(NULL, Object(Config\Cache), false)
#6 /Users/markpearson/Google Drive/Documents/Projects/My Websites/Teacherpedia/4.0 CI teacherpedia 1.1/Teacherpedia/public_html/index.php(45): CodeIgniter\CodeIgniter->run()
#7 {main}
CRITICAL - 2020-07-07 08:44:15 --> Invalid file: ../../../resources/2020/01-03/08-54-31-888/index.php
#0 /Users/markpearson/Google Drive/Documents/Projects/My Websites/Teacherpedia/4.0 CI teacherpedia 1.1/Teacherpedia/ci4/system/View/View.php(228): CodeIgniter\Exceptions\FrameworkException::forInvalidFile('../../../resour...')
#1 /Users/markpearson/Google Drive/Documents/Projects/My Websites/Teacherpedia/4.0 CI teacherpedia 1.1/Teacherpedia/ci4/system/Common.php(1087): CodeIgniter\View\View->render('../../../resour...', Array, true)
#2 /Users/markpearson/Google Drive/Documents/Projects/My Websites/Teacherpedia/4.0 CI teacherpedia 1.1/Teacherpedia/ci4/app/Controllers/Resources.php(79): view('../../../resour...', Array)
#3 /Users/markpearson/Google Drive/Documents/Projects/My Websites/Teacherpedia/4.0 CI teacherpedia 1.1/Teacherpedia/ci4/system/CodeIgniter.php(914): App\Controllers\Resources->load('resources', '2020', '01-03', '08-54-31-888', '616')
#4 /Users/markpearson/Google Drive/Documents/Projects/My Websites/Teacherpedia/4.0 CI teacherpedia 1.1/Teacherpedia/ci4/system/CodeIgniter.php(400): CodeIgniter\CodeIgniter->runController(Object(App\Controllers\Resources))
#5 /Users/markpearson/Google Drive/Documents/Projects/My Websites/Teacherpedia/4.0 CI teacherpedia 1.1/Teacherpedia/ci4/system/CodeIgniter.php(308): CodeIgniter\CodeIgniter->handleRequest(NULL, Object(Config\Cache), false)
#6 /Users/markpearson/Google Drive/Documents/Projects/My Websites/Teacherpedia/4.0 CI teacherpedia 1.1/Teacherpedia/public_html/index.php(45): CodeIgniter\CodeIgniter->run()
#7 {main}
CRITICAL - 2020-07-07 08:44:25 --> Invalid file: ../../../resources/2020/01-03/08-54-31-888/index.php
#0 /Users/markpearson/Google Drive/Documents/Projects/My Websites/Teacherpedia/4.0 CI teacherpedia 1.1/Teacherpedia/ci4/system/View/View.php(228): CodeIgniter\Exceptions\FrameworkException::forInvalidFile('../../../resour...')
#1 /Users/markpearson/Google Drive/Documents/Projects/My Websites/Teacherpedia/4.0 CI teacherpedia 1.1/Teacherpedia/ci4/system/Common.php(1087): CodeIgniter\View\View->render('../../../resour...', Array, true)
#2 /Users/markpearson/Google Drive/Documents/Projects/My Websites/Teacherpedia/4.0 CI teacherpedia 1.1/Teacherpedia/ci4/app/Controllers/Resources.php(79): view('../../../resour...', Array)
#3 /Users/markpearson/Google Drive/Documents/Projects/My Websites/Teacherpedia/4.0 CI teacherpedia 1.1/Teacherpedia/ci4/system/CodeIgniter.php(914): App\Controllers\Resources->load('resources', '2020', '01-03', '08-54-31-888', '616')
#4 /Users/markpearson/Google Drive/Documents/Projects/My Websites/Teacherpedia/4.0 CI teacherpedia 1.1/Teacherpedia/ci4/system/CodeIgniter.php(400): CodeIgniter\CodeIgniter->runController(Object(App\Controllers\Resources))
#5 /Users/markpearson/Google Drive/Documents/Projects/My Websites/Teacherpedia/4.0 CI teacherpedia 1.1/Teacherpedia/ci4/system/CodeIgniter.php(308): CodeIgniter\CodeIgniter->handleRequest(NULL, Object(Config\Cache), false)
#6 /Users/markpearson/Google Drive/Documents/Projects/My Websites/Teacherpedia/4.0 CI teacherpedia 1.1/Teacherpedia/public_html/index.php(45): CodeIgniter\CodeIgniter->run()
#7 {main}
CRITICAL - 2020-07-07 08:44:44 --> Invalid file: ../../../resources/2020/01-03/08-54-31-888/index.php
#0 /Users/markpearson/Google Drive/Documents/Projects/My Websites/Teacherpedia/4.0 CI teacherpedia 1.1/Teacherpedia/ci4/system/View/View.php(228): CodeIgniter\Exceptions\FrameworkException::forInvalidFile('../../../resour...')
#1 /Users/markpearson/Google Drive/Documents/Projects/My Websites/Teacherpedia/4.0 CI teacherpedia 1.1/Teacherpedia/ci4/system/Common.php(1087): CodeIgniter\View\View->render('../../../resour...', Array, true)
#2 /Users/markpearson/Google Drive/Documents/Projects/My Websites/Teacherpedia/4.0 CI teacherpedia 1.1/Teacherpedia/ci4/app/Controllers/Resources.php(79): view('../../../resour...', Array)
#3 /Users/markpearson/Google Drive/Documents/Projects/My Websites/Teacherpedia/4.0 CI teacherpedia 1.1/Teacherpedia/ci4/system/CodeIgniter.php(914): App\Controllers\Resources->load('resources', '2020', '01-03', '08-54-31-888', '616')
#4 /Users/markpearson/Google Drive/Documents/Projects/My Websites/Teacherpedia/4.0 CI teacherpedia 1.1/Teacherpedia/ci4/system/CodeIgniter.php(400): CodeIgniter\CodeIgniter->runController(Object(App\Controllers\Resources))
#5 /Users/markpearson/Google Drive/Documents/Projects/My Websites/Teacherpedia/4.0 CI teacherpedia 1.1/Teacherpedia/ci4/system/CodeIgniter.php(308): CodeIgniter\CodeIgniter->handleRequest(NULL, Object(Config\Cache), false)
#6 /Users/markpearson/Google Drive/Documents/Projects/My Websites/Teacherpedia/4.0 CI teacherpedia 1.1/Teacherpedia/public_html/index.php(45): CodeIgniter\CodeIgniter->run()
#7 {main}
CRITICAL - 2020-07-07 08:47:29 --> include(year5table.html): failed to open stream: No such file or directory
#0 /Users/markpearson/Google Drive/Documents/Projects/My Websites/Teacherpedia/4.0 CI teacherpedia 1.1/Teacherpedia/resources/2020/06-07-90/04-33-12/index.php(18): CodeIgniter\Debug\Exceptions->errorHandler(2, 'include(year5ta...', '/Users/markpear...', 18, Array)
#1 /Users/markpearson/Google Drive/Documents/Projects/My Websites/Teacherpedia/4.0 CI teacherpedia 1.1/Teacherpedia/resources/2020/06-07-90/04-33-12/index.php(18): include()
#2 /Users/markpearson/Google Drive/Documents/Projects/My Websites/Teacherpedia/4.0 CI teacherpedia 1.1/Teacherpedia/ci4/system/View/View.php(246): include('/Users/markpear...')
#3 /Users/markpearson/Google Drive/Documents/Projects/My Websites/Teacherpedia/4.0 CI teacherpedia 1.1/Teacherpedia/ci4/system/Common.php(1087): CodeIgniter\View\View->render('../../../resour...', Array, true)
#4 /Users/markpearson/Google Drive/Documents/Projects/My Websites/Teacherpedia/4.0 CI teacherpedia 1.1/Teacherpedia/ci4/app/Controllers/Resources.php(79): view('../../../resour...', Array)
#5 /Users/markpearson/Google Drive/Documents/Projects/My Websites/Teacherpedia/4.0 CI teacherpedia 1.1/Teacherpedia/ci4/system/CodeIgniter.php(914): App\Controllers\Resources->load('resources', '2020', '06-07-90', '04-42-25', 'testingdashy5')
#6 /Users/markpearson/Google Drive/Documents/Projects/My Websites/Teacherpedia/4.0 CI teacherpedia 1.1/Teacherpedia/ci4/system/CodeIgniter.php(400): CodeIgniter\CodeIgniter->runController(Object(App\Controllers\Resources))
#7 /Users/markpearson/Google Drive/Documents/Projects/My Websites/Teacherpedia/4.0 CI teacherpedia 1.1/Teacherpedia/ci4/system/CodeIgniter.php(308): CodeIgniter\CodeIgniter->handleRequest(NULL, Object(Config\Cache), false)
#8 /Users/markpearson/Google Drive/Documents/Projects/My Websites/Teacherpedia/4.0 CI teacherpedia 1.1/Teacherpedia/public_html/index.php(45): CodeIgniter\CodeIgniter->run()
#9 {main}
CRITICAL - 2020-07-07 08:47:43 --> include(year5table.html): failed to open stream: No such file or directory
#0 /Users/markpearson/Google Drive/Documents/Projects/My Websites/Teacherpedia/4.0 CI teacherpedia 1.1/Teacherpedia/resources/2020/06-07-90/04-33-12/index.php(18): CodeIgniter\Debug\Exceptions->errorHandler(2, 'include(year5ta...', '/Users/markpear...', 18, Array)
#1 /Users/markpearson/Google Drive/Documents/Projects/My Websites/Teacherpedia/4.0 CI teacherpedia 1.1/Teacherpedia/resources/2020/06-07-90/04-33-12/index.php(18): include()
#2 /Users/markpearson/Google Drive/Documents/Projects/My Websites/Teacherpedia/4.0 CI teacherpedia 1.1/Teacherpedia/ci4/system/View/View.php(246): include('/Users/markpear...')
#3 /Users/markpearson/Google Drive/Documents/Projects/My Websites/Teacherpedia/4.0 CI teacherpedia 1.1/Teacherpedia/ci4/system/Common.php(1087): CodeIgniter\View\View->render('../../../resour...', Array, true)
#4 /Users/markpearson/Google Drive/Documents/Projects/My Websites/Teacherpedia/4.0 CI teacherpedia 1.1/Teacherpedia/ci4/app/Controllers/Resources.php(79): view('../../../resour...', Array)
#5 /Users/markpearson/Google Drive/Documents/Projects/My Websites/Teacherpedia/4.0 CI teacherpedia 1.1/Teacherpedia/ci4/system/CodeIgniter.php(914): App\Controllers\Resources->load('resources', '2020', '06-07-90', '04-37-41', 'testingdashy5')
#6 /Users/markpearson/Google Drive/Documents/Projects/My Websites/Teacherpedia/4.0 CI teacherpedia 1.1/Teacherpedia/ci4/system/CodeIgniter.php(400): CodeIgniter\CodeIgniter->runController(Object(App\Controllers\Resources))
#7 /Users/markpearson/Google Drive/Documents/Projects/My Websites/Teacherpedia/4.0 CI teacherpedia 1.1/Teacherpedia/ci4/system/CodeIgniter.php(308): CodeIgniter\CodeIgniter->handleRequest(NULL, Object(Config\Cache), false)
#8 /Users/markpearson/Google Drive/Documents/Projects/My Websites/Teacherpedia/4.0 CI teacherpedia 1.1/Teacherpedia/public_html/index.php(45): CodeIgniter\CodeIgniter->run()
#9 {main}
CRITICAL - 2020-07-07 08:47:46 --> include(year5table.html): failed to open stream: No such file or directory
#0 /Users/markpearson/Google Drive/Documents/Projects/My Websites/Teacherpedia/4.0 CI teacherpedia 1.1/Teacherpedia/resources/2020/06-07-90/04-33-12/index.php(18): CodeIgniter\Debug\Exceptions->errorHandler(2, 'include(year5ta...', '/Users/markpear...', 18, Array)
#1 /Users/markpearson/Google Drive/Documents/Projects/My Websites/Teacherpedia/4.0 CI teacherpedia 1.1/Teacherpedia/resources/2020/06-07-90/04-33-12/index.php(18): include()
#2 /Users/markpearson/Google Drive/Documents/Projects/My Websites/Teacherpedia/4.0 CI teacherpedia 1.1/Teacherpedia/ci4/system/View/View.php(246): include('/Users/markpear...')
#3 /Users/markpearson/Google Drive/Documents/Projects/My Websites/Teacherpedia/4.0 CI teacherpedia 1.1/Teacherpedia/ci4/system/Common.php(1087): CodeIgniter\View\View->render('../../../resour...', Array, true)
#4 /Users/markpearson/Google Drive/Documents/Projects/My Websites/Teacherpedia/4.0 CI teacherpedia 1.1/Teacherpedia/ci4/app/Controllers/Resources.php(79): view('../../../resour...', Array)
#5 /Users/markpearson/Google Drive/Documents/Projects/My Websites/Teacherpedia/4.0 CI teacherpedia 1.1/Teacherpedia/ci4/system/CodeIgniter.php(914): App\Controllers\Resources->load('resources', '2020', '06-07-90', '04-35-59', 'testingdashy5')
#6 /Users/markpearson/Google Drive/Documents/Projects/My Websites/Teacherpedia/4.0 CI teacherpedia 1.1/Teacherpedia/ci4/system/CodeIgniter.php(400): CodeIgniter\CodeIgniter->runController(Object(App\Controllers\Resources))
#7 /Users/markpearson/Google Drive/Documents/Projects/My Websites/Teacherpedia/4.0 CI teacherpedia 1.1/Teacherpedia/ci4/system/CodeIgniter.php(308): CodeIgniter\CodeIgniter->handleRequest(NULL, Object(Config\Cache), false)
#8 /Users/markpearson/Google Drive/Documents/Projects/My Websites/Teacherpedia/4.0 CI teacherpedia 1.1/Teacherpedia/public_html/index.php(45): CodeIgniter\CodeIgniter->run()
#9 {main}
CRITICAL - 2020-07-07 08:48:18 --> include(year5table.html): failed to open stream: No such file or directory
#0 /Users/markpearson/Google Drive/Documents/Projects/My Websites/Teacherpedia/4.0 CI teacherpedia 1.1/Teacherpedia/resources/2020/06-07-90/04-33-12/index.php(18): CodeIgniter\Debug\Exceptions->errorHandler(2, 'include(year5ta...', '/Users/markpear...', 18, Array)
#1 /Users/markpearson/Google Drive/Documents/Projects/My Websites/Teacherpedia/4.0 CI teacherpedia 1.1/Teacherpedia/resources/2020/06-07-90/04-33-12/index.php(18): include()
#2 /Users/markpearson/Google Drive/Documents/Projects/My Websites/Teacherpedia/4.0 CI teacherpedia 1.1/Teacherpedia/ci4/system/View/View.php(246): include('/Users/markpear...')
#3 /Users/markpearson/Google Drive/Documents/Projects/My Websites/Teacherpedia/4.0 CI teacherpedia 1.1/Teacherpedia/ci4/system/Common.php(1087): CodeIgniter\View\View->render('../../../resour...', Array, true)
#4 /Users/markpearson/Google Drive/Documents/Projects/My Websites/Teacherpedia/4.0 CI teacherpedia 1.1/Teacherpedia/ci4/app/Controllers/Resources.php(79): view('../../../resour...', Array)
#5 /Users/markpearson/Google Drive/Documents/Projects/My Websites/Teacherpedia/4.0 CI teacherpedia 1.1/Teacherpedia/ci4/system/CodeIgniter.php(914): App\Controllers\Resources->load('resources', '2020', '06-07-90', '04-42-25', 'testingdashy5')
#6 /Users/markpearson/Google Drive/Documents/Projects/My Websites/Teacherpedia/4.0 CI teacherpedia 1.1/Teacherpedia/ci4/system/CodeIgniter.php(400): CodeIgniter\CodeIgniter->runController(Object(App\Controllers\Resources))
#7 /Users/markpearson/Google Drive/Documents/Projects/My Websites/Teacherpedia/4.0 CI teacherpedia 1.1/Teacherpedia/ci4/system/CodeIgniter.php(308): CodeIgniter\CodeIgniter->handleRequest(NULL, Object(Config\Cache), false)
#8 /Users/markpearson/Google Drive/Documents/Projects/My Websites/Teacherpedia/4.0 CI teacherpedia 1.1/Teacherpedia/public_html/index.php(45): CodeIgniter\CodeIgniter->run()
#9 {main}
CRITICAL - 2020-07-07 08:48:48 --> Trying to get property 'resource_name' of non-object
#0 /Users/markpearson/Google Drive/Documents/Projects/My Websites/Teacherpedia/4.0 CI teacherpedia 1.1/Teacherpedia/ci4/app/Controllers/Resources.php(72): CodeIgniter\Debug\Exceptions->errorHandler(8, 'Trying to get p...', '/Users/markpear...', 72, Array)
#1 /Users/markpearson/Google Drive/Documents/Projects/My Websites/Teacherpedia/4.0 CI teacherpedia 1.1/Teacherpedia/ci4/system/CodeIgniter.php(914): App\Controllers\Resources->load('resources', '2020', '29-02', '10-41-14-746', 'images', 'banners_thumbna...', '2020', '29-02', '10-41-14-746', 'banner.png')
#2 /Users/markpearson/Google Drive/Documents/Projects/My Websites/Teacherpedia/4.0 CI teacherpedia 1.1/Teacherpedia/ci4/system/CodeIgniter.php(400): CodeIgniter\CodeIgniter->runController(Object(App\Controllers\Resources))
#3 /Users/markpearson/Google Drive/Documents/Projects/My Websites/Teacherpedia/4.0 CI teacherpedia 1.1/Teacherpedia/ci4/system/CodeIgniter.php(308): CodeIgniter\CodeIgniter->handleRequest(NULL, Object(Config\Cache), false)
#4 /Users/markpearson/Google Drive/Documents/Projects/My Websites/Teacherpedia/4.0 CI teacherpedia 1.1/Teacherpedia/public_html/index.php(45): CodeIgniter\CodeIgniter->run()
#5 {main}
CRITICAL - 2020-07-07 08:49:50 --> Trying to get property 'resource_name' of non-object
#0 /Users/markpearson/Google Drive/Documents/Projects/My Websites/Teacherpedia/4.0 CI teacherpedia 1.1/Teacherpedia/ci4/app/Controllers/Resources.php(72): CodeIgniter\Debug\Exceptions->errorHandler(8, 'Trying to get p...', '/Users/markpear...', 72, Array)
#1 /Users/markpearson/Google Drive/Documents/Projects/My Websites/Teacherpedia/4.0 CI teacherpedia 1.1/Teacherpedia/ci4/system/CodeIgniter.php(914): App\Controllers\Resources->load('resources', '2020', '29-02', '10-41-14-746', 'images', 'banners_thumbna...', '2020', '29-02', '10-41-14-746', 'banner.png', '')
#2 /Users/markpearson/Google Drive/Documents/Projects/My Websites/Teacherpedia/4.0 CI teacherpedia 1.1/Teacherpedia/ci4/system/CodeIgniter.php(400): CodeIgniter\CodeIgniter->runController(Object(App\Controllers\Resources))
#3 /Users/markpearson/Google Drive/Documents/Projects/My Websites/Teacherpedia/4.0 CI teacherpedia 1.1/Teacherpedia/ci4/system/CodeIgniter.php(308): CodeIgniter\CodeIgniter->handleRequest(NULL, Object(Config\Cache), false)
#4 /Users/markpearson/Google Drive/Documents/Projects/My Websites/Teacherpedia/4.0 CI teacherpedia 1.1/Teacherpedia/public_html/index.php(45): CodeIgniter\CodeIgniter->run()
#5 {main}
CRITICAL - 2020-07-07 08:49:57 --> Trying to get property 'resource_name' of non-object
#0 /Users/markpearson/Google Drive/Documents/Projects/My Websites/Teacherpedia/4.0 CI teacherpedia 1.1/Teacherpedia/ci4/app/Controllers/Resources.php(72): CodeIgniter\Debug\Exceptions->errorHandler(8, 'Trying to get p...', '/Users/markpear...', 72, Array)
#1 /Users/markpearson/Google Drive/Documents/Projects/My Websites/Teacherpedia/4.0 CI teacherpedia 1.1/Teacherpedia/ci4/system/CodeIgniter.php(914): App\Controllers\Resources->load('resources', '2020', '29-02', '10-41-14-746', 'images', 'banners_thumbna...', '2020', '29-02', '10-41-14-746', 'banner.png', '')
#2 /Users/markpearson/Google Drive/Documents/Projects/My Websites/Teacherpedia/4.0 CI teacherpedia 1.1/Teacherpedia/ci4/system/CodeIgniter.php(400): CodeIgniter\CodeIgniter->runController(Object(App\Controllers\Resources))
#3 /Users/markpearson/Google Drive/Documents/Projects/My Websites/Teacherpedia/4.0 CI teacherpedia 1.1/Teacherpedia/ci4/system/CodeIgniter.php(308): CodeIgniter\CodeIgniter->handleRequest(NULL, Object(Config\Cache), false)
#4 /Users/markpearson/Google Drive/Documents/Projects/My Websites/Teacherpedia/4.0 CI teacherpedia 1.1/Teacherpedia/public_html/index.php(45): CodeIgniter\CodeIgniter->run()
#5 {main}
CRITICAL - 2020-07-07 08:50:11 --> Trying to get property 'resource_name' of non-object
#0 /Users/markpearson/Google Drive/Documents/Projects/My Websites/Teacherpedia/4.0 CI teacherpedia 1.1/Teacherpedia/ci4/app/Controllers/Resources.php(72): CodeIgniter\Debug\Exceptions->errorHandler(8, 'Trying to get p...', '/Users/markpear...', 72, Array)
#1 /Users/markpearson/Google Drive/Documents/Projects/My Websites/Teacherpedia/4.0 CI teacherpedia 1.1/Teacherpedia/ci4/system/CodeIgniter.php(914): App\Controllers\Resources->load('resources', '2020', '29-02', '10-41-14-746', 'images', 'banners_thumbna...', '2020', '29-02', '10-41-14-746', 'banner.png')
#2 /Users/markpearson/Google Drive/Documents/Projects/My Websites/Teacherpedia/4.0 CI teacherpedia 1.1/Teacherpedia/ci4/system/CodeIgniter.php(400): CodeIgniter\CodeIgniter->runController(Object(App\Controllers\Resources))
#3 /Users/markpearson/Google Drive/Documents/Projects/My Websites/Teacherpedia/4.0 CI teacherpedia 1.1/Teacherpedia/ci4/system/CodeIgniter.php(308): CodeIgniter\CodeIgniter->handleRequest(NULL, Object(Config\Cache), false)
#4 /Users/markpearson/Google Drive/Documents/Projects/My Websites/Teacherpedia/4.0 CI teacherpedia 1.1/Teacherpedia/public_html/index.php(45): CodeIgniter\CodeIgniter->run()
#5 {main}
CRITICAL - 2020-07-07 08:50:17 --> Trying to get property 'resource_name' of non-object
#0 /Users/markpearson/Google Drive/Documents/Projects/My Websites/Teacherpedia/4.0 CI teacherpedia 1.1/Teacherpedia/ci4/app/Controllers/Resources.php(72): CodeIgniter\Debug\Exceptions->errorHandler(8, 'Trying to get p...', '/Users/markpear...', 72, Array)
#1 /Users/markpearson/Google Drive/Documents/Projects/My Websites/Teacherpedia/4.0 CI teacherpedia 1.1/Teacherpedia/ci4/system/CodeIgniter.php(914): App\Controllers\Resources->load('resources', '2020', '29-02', '10-41-14-746', 'images', 'banners_thumbna...', '2020', '29-02', '10-41-14-746', 'banner.png')
#2 /Users/markpearson/Google Drive/Documents/Projects/My Websites/Teacherpedia/4.0 CI teacherpedia 1.1/Teacherpedia/ci4/system/CodeIgniter.php(400): CodeIgniter\CodeIgniter->runController(Object(App\Controllers\Resources))
#3 /Users/markpearson/Google Drive/Documents/Projects/My Websites/Teacherpedia/4.0 CI teacherpedia 1.1/Teacherpedia/ci4/system/CodeIgniter.php(308): CodeIgniter\CodeIgniter->handleRequest(NULL, Object(Config\Cache), false)
#4 /Users/markpearson/Google Drive/Documents/Projects/My Websites/Teacherpedia/4.0 CI teacherpedia 1.1/Teacherpedia/public_html/index.php(45): CodeIgniter\CodeIgniter->run()
#5 {main}
CRITICAL - 2020-07-07 08:54:01 --> include(year5table.html): failed to open stream: No such file or directory
#0 /Users/markpearson/Google Drive/Documents/Projects/My Websites/Teacherpedia/4.0 CI teacherpedia 1.1/Teacherpedia/resources/2020/06-07-90/04-33-12/index.php(18): CodeIgniter\Debug\Exceptions->errorHandler(2, 'include(year5ta...', '/Users/markpear...', 18, Array)
#1 /Users/markpearson/Google Drive/Documents/Projects/My Websites/Teacherpedia/4.0 CI teacherpedia 1.1/Teacherpedia/resources/2020/06-07-90/04-33-12/index.php(18): include()
#2 /Users/markpearson/Google Drive/Documents/Projects/My Websites/Teacherpedia/4.0 CI teacherpedia 1.1/Teacherpedia/ci4/system/View/View.php(246): include('/Users/markpear...')
#3 /Users/markpearson/Google Drive/Documents/Projects/My Websites/Teacherpedia/4.0 CI teacherpedia 1.1/Teacherpedia/ci4/system/Common.php(1087): CodeIgniter\View\View->render('../../../resour...', Array, true)
#4 /Users/markpearson/Google Drive/Documents/Projects/My Websites/Teacherpedia/4.0 CI teacherpedia 1.1/Teacherpedia/ci4/app/Controllers/Resources.php(79): view('../../../resour...', Array)
#5 /Users/markpearson/Google Drive/Documents/Projects/My Websites/Teacherpedia/4.0 CI teacherpedia 1.1/Teacherpedia/ci4/system/CodeIgniter.php(914): App\Controllers\Resources->load('resources', '2020', '06-07-90', '04-42-25', 'testingdashy5', '', '', '', '')
#6 /Users/markpearson/Google Drive/Documents/Projects/My Websites/Teacherpedia/4.0 CI teacherpedia 1.1/Teacherpedia/ci4/system/CodeIgniter.php(400): CodeIgniter\CodeIgniter->runController(Object(App\Controllers\Resources))
#7 /Users/markpearson/Google Drive/Documents/Projects/My Websites/Teacherpedia/4.0 CI teacherpedia 1.1/Teacherpedia/ci4/system/CodeIgniter.php(308): CodeIgniter\CodeIgniter->handleRequest(NULL, Object(Config\Cache), false)
#8 /Users/markpearson/Google Drive/Documents/Projects/My Websites/Teacherpedia/4.0 CI teacherpedia 1.1/Teacherpedia/public_html/index.php(45): CodeIgniter\CodeIgniter->run()
#9 {main}
CRITICAL - 2020-07-07 08:54:07 --> Trying to get property 'resource_name' of non-object
#0 /Users/markpearson/Google Drive/Documents/Projects/My Websites/Teacherpedia/4.0 CI teacherpedia 1.1/Teacherpedia/ci4/app/Controllers/Resources.php(72): CodeIgniter\Debug\Exceptions->errorHandler(8, 'Trying to get p...', '/Users/markpear...', 72, Array)
#1 /Users/markpearson/Google Drive/Documents/Projects/My Websites/Teacherpedia/4.0 CI teacherpedia 1.1/Teacherpedia/ci4/system/CodeIgniter.php(914): App\Controllers\Resources->load('resources', '2020', '29-02', '10-41-14-746', 'images', 'banners_thumbna...', '2020', '29-02', '10-41-14-746', 'banner.png', '', '', '', '')
#2 /Users/markpearson/Google Drive/Documents/Projects/My Websites/Teacherpedia/4.0 CI teacherpedia 1.1/Teacherpedia/ci4/system/CodeIgniter.php(400): CodeIgniter\CodeIgniter->runController(Object(App\Controllers\Resources))
#3 /Users/markpearson/Google Drive/Documents/Projects/My Websites/Teacherpedia/4.0 CI teacherpedia 1.1/Teacherpedia/ci4/system/CodeIgniter.php(308): CodeIgniter\CodeIgniter->handleRequest(NULL, Object(Config\Cache), false)
#4 /Users/markpearson/Google Drive/Documents/Projects/My Websites/Teacherpedia/4.0 CI teacherpedia 1.1/Teacherpedia/public_html/index.php(45): CodeIgniter\CodeIgniter->run()
#5 {main}
CRITICAL - 2020-07-07 08:56:39 --> Trying to get property 'resource_name' of non-object
#0 /Users/markpearson/Google Drive/Documents/Projects/My Websites/Teacherpedia/4.0 CI teacherpedia 1.1/Teacherpedia/ci4/app/Controllers/Resources.php(72): CodeIgniter\Debug\Exceptions->errorHandler(8, 'Trying to get p...', '/Users/markpear...', 72, Array)
#1 /Users/markpearson/Google Drive/Documents/Projects/My Websites/Teacherpedia/4.0 CI teacherpedia 1.1/Teacherpedia/ci4/system/CodeIgniter.php(914): App\Controllers\Resources->load('load', 'resources', '2020', '29-02', '10-41-14-746', 'images', 'banners_thumbna...', '2020', '29-02', '10-41-14-746', 'banner.png', '', '', '', '')
#2 /Users/markpearson/Google Drive/Documents/Projects/My Websites/Teacherpedia/4.0 CI teacherpedia 1.1/Teacherpedia/ci4/system/CodeIgniter.php(400): CodeIgniter\CodeIgniter->runController(Object(App\Controllers\Resources))
#3 /Users/markpearson/Google Drive/Documents/Projects/My Websites/Teacherpedia/4.0 CI teacherpedia 1.1/Teacherpedia/ci4/system/CodeIgniter.php(308): CodeIgniter\CodeIgniter->handleRequest(NULL, Object(Config\Cache), false)
#4 /Users/markpearson/Google Drive/Documents/Projects/My Websites/Teacherpedia/4.0 CI teacherpedia 1.1/Teacherpedia/public_html/index.php(45): CodeIgniter\CodeIgniter->run()
#5 {main}
CRITICAL - 2020-07-07 08:57:00 --> Trying to get property 'resource_name' of non-object
#0 /Users/markpearson/Google Drive/Documents/Projects/My Websites/Teacherpedia/4.0 CI teacherpedia 1.1/Teacherpedia/ci4/app/Controllers/Resources.php(72): CodeIgniter\Debug\Exceptions->errorHandler(8, 'Trying to get p...', '/Users/markpear...', 72, Array)
#1 /Users/markpearson/Google Drive/Documents/Projects/My Websites/Teacherpedia/4.0 CI teacherpedia 1.1/Teacherpedia/ci4/system/CodeIgniter.php(914): App\Controllers\Resources->load('load', 'resources', '2020', '29-02', '10-41-14-746', 'images', 'banners_thumbna...', '2020', '29-02', '10-41-14-746', 'banner.png', '', '', '', '')
#2 /Users/markpearson/Google Drive/Documents/Projects/My Websites/Teacherpedia/4.0 CI teacherpedia 1.1/Teacherpedia/ci4/system/CodeIgniter.php(400): CodeIgniter\CodeIgniter->runController(Object(App\Controllers\Resources))
#3 /Users/markpearson/Google Drive/Documents/Projects/My Websites/Teacherpedia/4.0 CI teacherpedia 1.1/Teacherpedia/ci4/system/CodeIgniter.php(308): CodeIgniter\CodeIgniter->handleRequest(NULL, Object(Config\Cache), false)
#4 /Users/markpearson/Google Drive/Documents/Projects/My Websites/Teacherpedia/4.0 CI teacherpedia 1.1/Teacherpedia/public_html/index.php(45): CodeIgniter\CodeIgniter->run()
#5 {main}
CRITICAL - 2020-07-07 08:57:06 --> Request URI segment is our of range: 6
#0 /Users/markpearson/Google Drive/Documents/Projects/My Websites/Teacherpedia/4.0 CI teacherpedia 1.1/Teacherpedia/ci4/system/HTTP/URI.php(485): CodeIgniter\HTTP\Exceptions\HTTPException::forURISegmentOutOfRange(6)
#1 /Users/markpearson/Google Drive/Documents/Projects/My Websites/Teacherpedia/4.0 CI teacherpedia 1.1/Teacherpedia/ci4/app/Controllers/Resources.php(67): CodeIgniter\HTTP\URI->getSegment(6)
#2 /Users/markpearson/Google Drive/Documents/Projects/My Websites/Teacherpedia/4.0 CI teacherpedia 1.1/Teacherpedia/ci4/system/CodeIgniter.php(914): App\Controllers\Resources->load('2020', '06-07-90', '04-33-12', 'banner.png', '', '', '', '')
#3 /Users/markpearson/Google Drive/Documents/Projects/My Websites/Teacherpedia/4.0 CI teacherpedia 1.1/Teacherpedia/ci4/system/CodeIgniter.php(400): CodeIgniter\CodeIgniter->runController(Object(App\Controllers\Resources))
#4 /Users/markpearson/Google Drive/Documents/Projects/My Websites/Teacherpedia/4.0 CI teacherpedia 1.1/Teacherpedia/ci4/system/CodeIgniter.php(308): CodeIgniter\CodeIgniter->handleRequest(NULL, Object(Config\Cache), false)
#5 /Users/markpearson/Google Drive/Documents/Projects/My Websites/Teacherpedia/4.0 CI teacherpedia 1.1/Teacherpedia/public_html/index.php(45): CodeIgniter\CodeIgniter->run()
#6 {main}
CRITICAL - 2020-07-07 08:57:20 --> Trying to get property 'resource_name' of non-object
#0 /Users/markpearson/Google Drive/Documents/Projects/My Websites/Teacherpedia/4.0 CI teacherpedia 1.1/Teacherpedia/ci4/app/Controllers/Resources.php(72): CodeIgniter\Debug\Exceptions->errorHandler(8, 'Trying to get p...', '/Users/markpear...', 72, Array)
#1 /Users/markpearson/Google Drive/Documents/Projects/My Websites/Teacherpedia/4.0 CI teacherpedia 1.1/Teacherpedia/ci4/system/CodeIgniter.php(914): App\Controllers\Resources->load('resources', '2020', '29-02', '10-41-14-746', 'year-5-multi-ob...', '', '', '', '')
#2 /Users/markpearson/Google Drive/Documents/Projects/My Websites/Teacherpedia/4.0 CI teacherpedia 1.1/Teacherpedia/ci4/system/CodeIgniter.php(400): CodeIgniter\CodeIgniter->runController(Object(App\Controllers\Resources))
#3 /Users/markpearson/Google Drive/Documents/Projects/My Websites/Teacherpedia/4.0 CI teacherpedia 1.1/Teacherpedia/ci4/system/CodeIgniter.php(308): CodeIgniter\CodeIgniter->handleRequest(NULL, Object(Config\Cache), false)
#4 /Users/markpearson/Google Drive/Documents/Projects/My Websites/Teacherpedia/4.0 CI teacherpedia 1.1/Teacherpedia/public_html/index.php(45): CodeIgniter\CodeIgniter->run()
#5 {main}
CRITICAL - 2020-07-07 08:57:29 --> Request URI segment is our of range: 6
#0 /Users/markpearson/Google Drive/Documents/Projects/My Websites/Teacherpedia/4.0 CI teacherpedia 1.1/Teacherpedia/ci4/system/HTTP/URI.php(485): CodeIgniter\HTTP\Exceptions\HTTPException::forURISegmentOutOfRange(6)
#1 /Users/markpearson/Google Drive/Documents/Projects/My Websites/Teacherpedia/4.0 CI teacherpedia 1.1/Teacherpedia/ci4/app/Controllers/Resources.php(67): CodeIgniter\HTTP\URI->getSegment(6)
#2 /Users/markpearson/Google Drive/Documents/Projects/My Websites/Teacherpedia/4.0 CI teacherpedia 1.1/Teacherpedia/ci4/system/CodeIgniter.php(914): App\Controllers\Resources->load('2020', '06-07-90', '04-33-12', 'banner.png', '', '', '', '')
#3 /Users/markpearson/Google Drive/Documents/Projects/My Websites/Teacherpedia/4.0 CI teacherpedia 1.1/Teacherpedia/ci4/system/CodeIgniter.php(400): CodeIgniter\CodeIgniter->runController(Object(App\Controllers\Resources))
#4 /Users/markpearson/Google Drive/Documents/Projects/My Websites/Teacherpedia/4.0 CI teacherpedia 1.1/Teacherpedia/ci4/system/CodeIgniter.php(308): CodeIgniter\CodeIgniter->handleRequest(NULL, Object(Config\Cache), false)
#5 /Users/markpearson/Google Drive/Documents/Projects/My Websites/Teacherpedia/4.0 CI teacherpedia 1.1/Teacherpedia/public_html/index.php(45): CodeIgniter\CodeIgniter->run()
#6 {main}
CRITICAL - 2020-07-07 08:59:27 --> Request URI segment is our of range: 6
#0 /Users/markpearson/Google Drive/Documents/Projects/My Websites/Teacherpedia/4.0 CI teacherpedia 1.1/Teacherpedia/ci4/system/HTTP/URI.php(485): CodeIgniter\HTTP\Exceptions\HTTPException::forURISegmentOutOfRange(6)
#1 /Users/markpearson/Google Drive/Documents/Projects/My Websites/Teacherpedia/4.0 CI teacherpedia 1.1/Teacherpedia/ci4/app/Controllers/Resources.php(67): CodeIgniter\HTTP\URI->getSegment(6)
#2 /Users/markpearson/Google Drive/Documents/Projects/My Websites/Teacherpedia/4.0 CI teacherpedia 1.1/Teacherpedia/ci4/system/CodeIgniter.php(914): App\Controllers\Resources->load('2020', '06-07-90', '04-33-12', 'banner.png', '', '', '', '')
#3 /Users/markpearson/Google Drive/Documents/Projects/My Websites/Teacherpedia/4.0 CI teacherpedia 1.1/Teacherpedia/ci4/system/CodeIgniter.php(400): CodeIgniter\CodeIgniter->runController(Object(App\Controllers\Resources))
#4 /Users/markpearson/Google Drive/Documents/Projects/My Websites/Teacherpedia/4.0 CI teacherpedia 1.1/Teacherpedia/ci4/system/CodeIgniter.php(308): CodeIgniter\CodeIgniter->handleRequest(NULL, Object(Config\Cache), false)
#5 /Users/markpearson/Google Drive/Documents/Projects/My Websites/Teacherpedia/4.0 CI teacherpedia 1.1/Teacherpedia/public_html/index.php(45): CodeIgniter\CodeIgniter->run()
#6 {main}
CRITICAL - 2020-07-07 08:59:29 --> Request URI segment is our of range: 6
#0 /Users/markpearson/Google Drive/Documents/Projects/My Websites/Teacherpedia/4.0 CI teacherpedia 1.1/Teacherpedia/ci4/system/HTTP/URI.php(485): CodeIgniter\HTTP\Exceptions\HTTPException::forURISegmentOutOfRange(6)
#1 /Users/markpearson/Google Drive/Documents/Projects/My Websites/Teacherpedia/4.0 CI teacherpedia 1.1/Teacherpedia/ci4/app/Controllers/Resources.php(67): CodeIgniter\HTTP\URI->getSegment(6)
#2 /Users/markpearson/Google Drive/Documents/Projects/My Websites/Teacherpedia/4.0 CI teacherpedia 1.1/Teacherpedia/ci4/system/CodeIgniter.php(914): App\Controllers\Resources->load('view', 'all_resources', '', '', '', '')
#3 /Users/markpearson/Google Drive/Documents/Projects/My Websites/Teacherpedia/4.0 CI teacherpedia 1.1/Teacherpedia/ci4/system/CodeIgniter.php(400): CodeIgniter\CodeIgniter->runController(Object(App\Controllers\Resources))
#4 /Users/markpearson/Google Drive/Documents/Projects/My Websites/Teacherpedia/4.0 CI teacherpedia 1.1/Teacherpedia/ci4/system/CodeIgniter.php(308): CodeIgniter\CodeIgniter->handleRequest(NULL, Object(Config\Cache), false)
#5 /Users/markpearson/Google Drive/Documents/Projects/My Websites/Teacherpedia/4.0 CI teacherpedia 1.1/Teacherpedia/public_html/index.php(45): CodeIgniter\CodeIgniter->run()
#6 {main}
CRITICAL - 2020-07-07 08:59:31 --> Request URI segment is our of range: 6
#0 /Users/markpearson/Google Drive/Documents/Projects/My Websites/Teacherpedia/4.0 CI teacherpedia 1.1/Teacherpedia/ci4/system/HTTP/URI.php(485): CodeIgniter\HTTP\Exceptions\HTTPException::forURISegmentOutOfRange(6)
#1 /Users/markpearson/Google Drive/Documents/Projects/My Websites/Teacherpedia/4.0 CI teacherpedia 1.1/Teacherpedia/ci4/app/Controllers/Resources.php(67): CodeIgniter\HTTP\URI->getSegment(6)
#2 /Users/markpearson/Google Drive/Documents/Projects/My Websites/Teacherpedia/4.0 CI teacherpedia 1.1/Teacherpedia/ci4/system/CodeIgniter.php(914): App\Controllers\Resources->load('2020', '06-07-90', '07-07-36', 'testingdashy5ab...', '', '', '', '')
#3 /Users/markpearson/Google Drive/Documents/Projects/My Websites/Teacherpedia/4.0 CI teacherpedia 1.1/Teacherpedia/ci4/system/CodeIgniter.php(400): CodeIgniter\CodeIgniter->runController(Object(App\Controllers\Resources))
#4 /Users/markpearson/Google Drive/Documents/Projects/My Websites/Teacherpedia/4.0 CI teacherpedia 1.1/Teacherpedia/ci4/system/CodeIgniter.php(308): CodeIgniter\CodeIgniter->handleRequest(NULL, Object(Config\Cache), false)
#5 /Users/markpearson/Google Drive/Documents/Projects/My Websites/Teacherpedia/4.0 CI teacherpedia 1.1/Teacherpedia/public_html/index.php(45): CodeIgniter\CodeIgniter->run()
#6 {main}
CRITICAL - 2020-07-07 08:59:32 --> Request URI segment is our of range: 6
#0 /Users/markpearson/Google Drive/Documents/Projects/My Websites/Teacherpedia/4.0 CI teacherpedia 1.1/Teacherpedia/ci4/system/HTTP/URI.php(485): CodeIgniter\HTTP\Exceptions\HTTPException::forURISegmentOutOfRange(6)
#1 /Users/markpearson/Google Drive/Documents/Projects/My Websites/Teacherpedia/4.0 CI teacherpedia 1.1/Teacherpedia/ci4/app/Controllers/Resources.php(67): CodeIgniter\HTTP\URI->getSegment(6)
#2 /Users/markpearson/Google Drive/Documents/Projects/My Websites/Teacherpedia/4.0 CI teacherpedia 1.1/Teacherpedia/ci4/system/CodeIgniter.php(914): App\Controllers\Resources->load('view', 'all_resources', '', '', '', '')
#3 /Users/markpearson/Google Drive/Documents/Projects/My Websites/Teacherpedia/4.0 CI teacherpedia 1.1/Teacherpedia/ci4/system/CodeIgniter.php(400): CodeIgniter\CodeIgniter->runController(Object(App\Controllers\Resources))
#4 /Users/markpearson/Google Drive/Documents/Projects/My Websites/Teacherpedia/4.0 CI teacherpedia 1.1/Teacherpedia/ci4/system/CodeIgniter.php(308): CodeIgniter\CodeIgniter->handleRequest(NULL, Object(Config\Cache), false)
#5 /Users/markpearson/Google Drive/Documents/Projects/My Websites/Teacherpedia/4.0 CI teacherpedia 1.1/Teacherpedia/public_html/index.php(45): CodeIgniter\CodeIgniter->run()
#6 {main}
CRITICAL - 2020-07-07 09:06:28 --> Request URI segment is our of range: 6
#0 /Users/markpearson/Google Drive/Documents/Projects/My Websites/Teacherpedia/4.0 CI teacherpedia 1.1/Teacherpedia/ci4/system/HTTP/URI.php(485): CodeIgniter\HTTP\Exceptions\HTTPException::forURISegmentOutOfRange(6)
#1 /Users/markpearson/Google Drive/Documents/Projects/My Websites/Teacherpedia/4.0 CI teacherpedia 1.1/Teacherpedia/ci4/app/Controllers/Resources.php(67): CodeIgniter\HTTP\URI->getSegment(6)
#2 /Users/markpearson/Google Drive/Documents/Projects/My Websites/Teacherpedia/4.0 CI teacherpedia 1.1/Teacherpedia/ci4/system/CodeIgniter.php(914): App\Controllers\Resources->load('2020', '06-07-90', '05-32-41', 'thumb.png', '', '', '', '')
#3 /Users/markpearson/Google Drive/Documents/Projects/My Websites/Teacherpedia/4.0 CI teacherpedia 1.1/Teacherpedia/ci4/system/CodeIgniter.php(400): CodeIgniter\CodeIgniter->runController(Object(App\Controllers\Resources))
#4 /Users/markpearson/Google Drive/Documents/Projects/My Websites/Teacherpedia/4.0 CI teacherpedia 1.1/Teacherpedia/ci4/system/CodeIgniter.php(308): CodeIgniter\CodeIgniter->handleRequest(NULL, Object(Config\Cache), false)
#5 /Users/markpearson/Google Drive/Documents/Projects/My Websites/Teacherpedia/4.0 CI teacherpedia 1.1/Teacherpedia/public_html/index.php(45): CodeIgniter\CodeIgniter->run()
#6 {main}
CRITICAL - 2020-07-07 09:11:06 --> Request URI segment is our of range: 6
#0 /Users/markpearson/Google Drive/Documents/Projects/My Websites/Teacherpedia/4.0 CI teacherpedia 1.1/Teacherpedia/ci4/system/HTTP/URI.php(485): CodeIgniter\HTTP\Exceptions\HTTPException::forURISegmentOutOfRange(6)
#1 /Users/markpearson/Google Drive/Documents/Projects/My Websites/Teacherpedia/4.0 CI teacherpedia 1.1/Teacherpedia/ci4/app/Controllers/Resources.php(67): CodeIgniter\HTTP\URI->getSegment(6)
#2 /Users/markpearson/Google Drive/Documents/Projects/My Websites/Teacherpedia/4.0 CI teacherpedia 1.1/Teacherpedia/ci4/system/CodeIgniter.php(914): App\Controllers\Resources->load('2020', '06-07-90', '04-35-59', 'banner.png', '', '', '', '')
#3 /Users/markpearson/Google Drive/Documents/Projects/My Websites/Teacherpedia/4.0 CI teacherpedia 1.1/Teacherpedia/ci4/system/CodeIgniter.php(400): CodeIgniter\CodeIgniter->runController(Object(App\Controllers\Resources))
#4 /Users/markpearson/Google Drive/Documents/Projects/My Websites/Teacherpedia/4.0 CI teacherpedia 1.1/Teacherpedia/ci4/system/CodeIgniter.php(308): CodeIgniter\CodeIgniter->handleRequest(NULL, Object(Config\Cache), false)
#5 /Users/markpearson/Google Drive/Documents/Projects/My Websites/Teacherpedia/4.0 CI teacherpedia 1.1/Teacherpedia/public_html/index.php(45): CodeIgniter\CodeIgniter->run()
#6 {main}
CRITICAL - 2020-07-07 09:11:08 --> Request URI segment is our of range: 6
#0 /Users/markpearson/Google Drive/Documents/Projects/My Websites/Teacherpedia/4.0 CI teacherpedia 1.1/Teacherpedia/ci4/system/HTTP/URI.php(485): CodeIgniter\HTTP\Exceptions\HTTPException::forURISegmentOutOfRange(6)
#1 /Users/markpearson/Google Drive/Documents/Projects/My Websites/Teacherpedia/4.0 CI teacherpedia 1.1/Teacherpedia/ci4/app/Controllers/Resources.php(67): CodeIgniter\HTTP\URI->getSegment(6)
#2 /Users/markpearson/Google Drive/Documents/Projects/My Websites/Teacherpedia/4.0 CI teacherpedia 1.1/Teacherpedia/ci4/system/CodeIgniter.php(914): App\Controllers\Resources->load('year-5-multi-ob...', '', '', '', '')
#3 /Users/markpearson/Google Drive/Documents/Projects/My Websites/Teacherpedia/4.0 CI teacherpedia 1.1/Teacherpedia/ci4/system/CodeIgniter.php(400): CodeIgniter\CodeIgniter->runController(Object(App\Controllers\Resources))
#4 /Users/markpearson/Google Drive/Documents/Projects/My Websites/Teacherpedia/4.0 CI teacherpedia 1.1/Teacherpedia/ci4/system/CodeIgniter.php(308): CodeIgniter\CodeIgniter->handleRequest(NULL, Object(Config\Cache), false)
#5 /Users/markpearson/Google Drive/Documents/Projects/My Websites/Teacherpedia/4.0 CI teacherpedia 1.1/Teacherpedia/public_html/index.php(45): CodeIgniter\CodeIgniter->run()
#6 {main}
CRITICAL - 2020-07-07 09:11:36 --> Request URI segment is our of range: 6
#0 /Users/markpearson/Google Drive/Documents/Projects/My Websites/Teacherpedia/4.0 CI teacherpedia 1.1/Teacherpedia/ci4/system/HTTP/URI.php(485): CodeIgniter\HTTP\Exceptions\HTTPException::forURISegmentOutOfRange(6)
#1 /Users/markpearson/Google Drive/Documents/Projects/My Websites/Teacherpedia/4.0 CI teacherpedia 1.1/Teacherpedia/ci4/app/Controllers/Resources.php(67): CodeIgniter\HTTP\URI->getSegment(6)
#2 /Users/markpearson/Google Drive/Documents/Projects/My Websites/Teacherpedia/4.0 CI teacherpedia 1.1/Teacherpedia/ci4/system/CodeIgniter.php(914): App\Controllers\Resources->load()
#3 /Users/markpearson/Google Drive/Documents/Projects/My Websites/Teacherpedia/4.0 CI teacherpedia 1.1/Teacherpedia/ci4/system/CodeIgniter.php(400): CodeIgniter\CodeIgniter->runController(Object(App\Controllers\Resources))
#4 /Users/markpearson/Google Drive/Documents/Projects/My Websites/Teacherpedia/4.0 CI teacherpedia 1.1/Teacherpedia/ci4/system/CodeIgniter.php(308): CodeIgniter\CodeIgniter->handleRequest(NULL, Object(Config\Cache), false)
#5 /Users/markpearson/Google Drive/Documents/Projects/My Websites/Teacherpedia/4.0 CI teacherpedia 1.1/Teacherpedia/public_html/index.php(45): CodeIgniter\CodeIgniter->run()
#6 {main}
CRITICAL - 2020-07-07 09:12:11 --> Trying to get property 'resource_name' of non-object
#0 /Users/markpearson/Google Drive/Documents/Projects/My Websites/Teacherpedia/4.0 CI teacherpedia 1.1/Teacherpedia/ci4/app/Controllers/Resources.php(72): CodeIgniter\Debug\Exceptions->errorHandler(8, 'Trying to get p...', '/Users/markpear...', 72, Array)
#1 /Users/markpearson/Google Drive/Documents/Projects/My Websites/Teacherpedia/4.0 CI teacherpedia 1.1/Teacherpedia/ci4/system/CodeIgniter.php(914): App\Controllers\Resources->load()
#2 /Users/markpearson/Google Drive/Documents/Projects/My Websites/Teacherpedia/4.0 CI teacherpedia 1.1/Teacherpedia/ci4/system/CodeIgniter.php(400): CodeIgniter\CodeIgniter->runController(Object(App\Controllers\Resources))
#3 /Users/markpearson/Google Drive/Documents/Projects/My Websites/Teacherpedia/4.0 CI teacherpedia 1.1/Teacherpedia/ci4/system/CodeIgniter.php(308): CodeIgniter\CodeIgniter->handleRequest(NULL, Object(Config\Cache), false)
#4 /Users/markpearson/Google Drive/Documents/Projects/My Websites/Teacherpedia/4.0 CI teacherpedia 1.1/Teacherpedia/public_html/index.php(45): CodeIgniter\CodeIgniter->run()
#5 {main}
CRITICAL - 2020-07-07 09:12:27 --> Trying to get property 'resource_name' of non-object
#0 /Users/markpearson/Google Drive/Documents/Projects/My Websites/Teacherpedia/4.0 CI teacherpedia 1.1/Teacherpedia/ci4/app/Controllers/Resources.php(72): CodeIgniter\Debug\Exceptions->errorHandler(8, 'Trying to get p...', '/Users/markpear...', 72, Array)
#1 /Users/markpearson/Google Drive/Documents/Projects/My Websites/Teacherpedia/4.0 CI teacherpedia 1.1/Teacherpedia/ci4/system/CodeIgniter.php(914): App\Controllers\Resources->load()
#2 /Users/markpearson/Google Drive/Documents/Projects/My Websites/Teacherpedia/4.0 CI teacherpedia 1.1/Teacherpedia/ci4/system/CodeIgniter.php(400): CodeIgniter\CodeIgniter->runController(Object(App\Controllers\Resources))
#3 /Users/markpearson/Google Drive/Documents/Projects/My Websites/Teacherpedia/4.0 CI teacherpedia 1.1/Teacherpedia/ci4/system/CodeIgniter.php(308): CodeIgniter\CodeIgniter->handleRequest(NULL, Object(Config\Cache), false)
#4 /Users/markpearson/Google Drive/Documents/Projects/My Websites/Teacherpedia/4.0 CI teacherpedia 1.1/Teacherpedia/public_html/index.php(45): CodeIgniter\CodeIgniter->run()
#5 {main}
CRITICAL - 2020-07-07 09:12:31 --> Trying to get property 'resource_name' of non-object
#0 /Users/markpearson/Google Drive/Documents/Projects/My Websites/Teacherpedia/4.0 CI teacherpedia 1.1/Teacherpedia/ci4/app/Controllers/Resources.php(72): CodeIgniter\Debug\Exceptions->errorHandler(8, 'Trying to get p...', '/Users/markpear...', 72, Array)
#1 /Users/markpearson/Google Drive/Documents/Projects/My Websites/Teacherpedia/4.0 CI teacherpedia 1.1/Teacherpedia/ci4/system/CodeIgniter.php(914): App\Controllers\Resources->load()
#2 /Users/markpearson/Google Drive/Documents/Projects/My Websites/Teacherpedia/4.0 CI teacherpedia 1.1/Teacherpedia/ci4/system/CodeIgniter.php(400): CodeIgniter\CodeIgniter->runController(Object(App\Controllers\Resources))
#3 /Users/markpearson/Google Drive/Documents/Projects/My Websites/Teacherpedia/4.0 CI teacherpedia 1.1/Teacherpedia/ci4/system/CodeIgniter.php(308): CodeIgniter\CodeIgniter->handleRequest(NULL, Object(Config\Cache), false)
#4 /Users/markpearson/Google Drive/Documents/Projects/My Websites/Teacherpedia/4.0 CI teacherpedia 1.1/Teacherpedia/public_html/index.php(45): CodeIgniter\CodeIgniter->run()
#5 {main}
CRITICAL - 2020-07-07 09:13:57 --> Trying to get property 'resource_name' of non-object
#0 /Users/markpearson/Google Drive/Documents/Projects/My Websites/Teacherpedia/4.0 CI teacherpedia 1.1/Teacherpedia/ci4/app/Controllers/Resources.php(72): CodeIgniter\Debug\Exceptions->errorHandler(8, 'Trying to get p...', '/Users/markpear...', 72, Array)
#1 /Users/markpearson/Google Drive/Documents/Projects/My Websites/Teacherpedia/4.0 CI teacherpedia 1.1/Teacherpedia/ci4/system/CodeIgniter.php(914): App\Controllers\Resources->load()
#2 /Users/markpearson/Google Drive/Documents/Projects/My Websites/Teacherpedia/4.0 CI teacherpedia 1.1/Teacherpedia/ci4/system/CodeIgniter.php(400): CodeIgniter\CodeIgniter->runController(Object(App\Controllers\Resources))
#3 /Users/markpearson/Google Drive/Documents/Projects/My Websites/Teacherpedia/4.0 CI teacherpedia 1.1/Teacherpedia/ci4/system/CodeIgniter.php(308): CodeIgniter\CodeIgniter->handleRequest(NULL, Object(Config\Cache), false)
#4 /Users/markpearson/Google Drive/Documents/Projects/My Websites/Teacherpedia/4.0 CI teacherpedia 1.1/Teacherpedia/public_html/index.php(45): CodeIgniter\CodeIgniter->run()
#5 {main}
CRITICAL - 2020-07-07 09:14:01 --> Trying to get property 'resource_name' of non-object
#0 /Users/markpearson/Google Drive/Documents/Projects/My Websites/Teacherpedia/4.0 CI teacherpedia 1.1/Teacherpedia/ci4/app/Controllers/Resources.php(72): CodeIgniter\Debug\Exceptions->errorHandler(8, 'Trying to get p...', '/Users/markpear...', 72, Array)
#1 /Users/markpearson/Google Drive/Documents/Projects/My Websites/Teacherpedia/4.0 CI teacherpedia 1.1/Teacherpedia/ci4/system/CodeIgniter.php(914): App\Controllers\Resources->load()
#2 /Users/markpearson/Google Drive/Documents/Projects/My Websites/Teacherpedia/4.0 CI teacherpedia 1.1/Teacherpedia/ci4/system/CodeIgniter.php(400): CodeIgniter\CodeIgniter->runController(Object(App\Controllers\Resources))
#3 /Users/markpearson/Google Drive/Documents/Projects/My Websites/Teacherpedia/4.0 CI teacherpedia 1.1/Teacherpedia/ci4/system/CodeIgniter.php(308): CodeIgniter\CodeIgniter->handleRequest(NULL, Object(Config\Cache), false)
#4 /Users/markpearson/Google Drive/Documents/Projects/My Websites/Teacherpedia/4.0 CI teacherpedia 1.1/Teacherpedia/public_html/index.php(45): CodeIgniter\CodeIgniter->run()
#5 {main}
CRITICAL - 2020-07-07 09:14:03 --> Trying to get property 'resource_name' of non-object
#0 /Users/markpearson/Google Drive/Documents/Projects/My Websites/Teacherpedia/4.0 CI teacherpedia 1.1/Teacherpedia/ci4/app/Controllers/Resources.php(72): CodeIgniter\Debug\Exceptions->errorHandler(8, 'Trying to get p...', '/Users/markpear...', 72, Array)
#1 /Users/markpearson/Google Drive/Documents/Projects/My Websites/Teacherpedia/4.0 CI teacherpedia 1.1/Teacherpedia/ci4/system/CodeIgniter.php(914): App\Controllers\Resources->load()
#2 /Users/markpearson/Google Drive/Documents/Projects/My Websites/Teacherpedia/4.0 CI teacherpedia 1.1/Teacherpedia/ci4/system/CodeIgniter.php(400): CodeIgniter\CodeIgniter->runController(Object(App\Controllers\Resources))
#3 /Users/markpearson/Google Drive/Documents/Projects/My Websites/Teacherpedia/4.0 CI teacherpedia 1.1/Teacherpedia/ci4/system/CodeIgniter.php(308): CodeIgniter\CodeIgniter->handleRequest(NULL, Object(Config\Cache), false)
#4 /Users/markpearson/Google Drive/Documents/Projects/My Websites/Teacherpedia/4.0 CI teacherpedia 1.1/Teacherpedia/public_html/index.php(45): CodeIgniter\CodeIgniter->run()
#5 {main}
CRITICAL - 2020-07-07 09:19:25 --> Trying to get property 'resource_name' of non-object
#0 /Users/markpearson/Google Drive/Documents/Projects/My Websites/Teacherpedia/4.0 CI teacherpedia 1.1/Teacherpedia/ci4/app/Controllers/Resources.php(72): CodeIgniter\Debug\Exceptions->errorHandler(8, 'Trying to get p...', '/Users/markpear...', 72, Array)
#1 /Users/markpearson/Google Drive/Documents/Projects/My Websites/Teacherpedia/4.0 CI teacherpedia 1.1/Teacherpedia/ci4/system/CodeIgniter.php(914): App\Controllers\Resources->load()
#2 /Users/markpearson/Google Drive/Documents/Projects/My Websites/Teacherpedia/4.0 CI teacherpedia 1.1/Teacherpedia/ci4/system/CodeIgniter.php(400): CodeIgniter\CodeIgniter->runController(Object(App\Controllers\Resources))
#3 /Users/markpearson/Google Drive/Documents/Projects/My Websites/Teacherpedia/4.0 CI teacherpedia 1.1/Teacherpedia/ci4/system/CodeIgniter.php(308): CodeIgniter\CodeIgniter->handleRequest(NULL, Object(Config\Cache), false)
#4 /Users/markpearson/Google Drive/Documents/Projects/My Websites/Teacherpedia/4.0 CI teacherpedia 1.1/Teacherpedia/public_html/index.php(45): CodeIgniter\CodeIgniter->run()
#5 {main}
CRITICAL - 2020-07-07 09:19:27 --> Trying to get property 'resource_name' of non-object
#0 /Users/markpearson/Google Drive/Documents/Projects/My Websites/Teacherpedia/4.0 CI teacherpedia 1.1/Teacherpedia/ci4/app/Controllers/Resources.php(72): CodeIgniter\Debug\Exceptions->errorHandler(8, 'Trying to get p...', '/Users/markpear...', 72, Array)
#1 /Users/markpearson/Google Drive/Documents/Projects/My Websites/Teacherpedia/4.0 CI teacherpedia 1.1/Teacherpedia/ci4/system/CodeIgniter.php(914): App\Controllers\Resources->load()
#2 /Users/markpearson/Google Drive/Documents/Projects/My Websites/Teacherpedia/4.0 CI teacherpedia 1.1/Teacherpedia/ci4/system/CodeIgniter.php(400): CodeIgniter\CodeIgniter->runController(Object(App\Controllers\Resources))
#3 /Users/markpearson/Google Drive/Documents/Projects/My Websites/Teacherpedia/4.0 CI teacherpedia 1.1/Teacherpedia/ci4/system/CodeIgniter.php(308): CodeIgniter\CodeIgniter->handleRequest(NULL, Object(Config\Cache), false)
#4 /Users/markpearson/Google Drive/Documents/Projects/My Websites/Teacherpedia/4.0 CI teacherpedia 1.1/Teacherpedia/public_html/index.php(45): CodeIgniter\CodeIgniter->run()
#5 {main}
CRITICAL - 2020-07-07 09:19:46 --> Trying to get property 'resource_name' of non-object
#0 /Users/markpearson/Google Drive/Documents/Projects/My Websites/Teacherpedia/4.0 CI teacherpedia 1.1/Teacherpedia/ci4/app/Controllers/Resources.php(72): CodeIgniter\Debug\Exceptions->errorHandler(8, 'Trying to get p...', '/Users/markpear...', 72, Array)
#1 /Users/markpearson/Google Drive/Documents/Projects/My Websites/Teacherpedia/4.0 CI teacherpedia 1.1/Teacherpedia/ci4/system/CodeIgniter.php(914): App\Controllers\Resources->load()
#2 /Users/markpearson/Google Drive/Documents/Projects/My Websites/Teacherpedia/4.0 CI teacherpedia 1.1/Teacherpedia/ci4/system/CodeIgniter.php(400): CodeIgniter\CodeIgniter->runController(Object(App\Controllers\Resources))
#3 /Users/markpearson/Google Drive/Documents/Projects/My Websites/Teacherpedia/4.0 CI teacherpedia 1.1/Teacherpedia/ci4/system/CodeIgniter.php(308): CodeIgniter\CodeIgniter->handleRequest(NULL, Object(Config\Cache), false)
#4 /Users/markpearson/Google Drive/Documents/Projects/My Websites/Teacherpedia/4.0 CI teacherpedia 1.1/Teacherpedia/public_html/index.php(45): CodeIgniter\CodeIgniter->run()
#5 {main}
CRITICAL - 2020-07-07 09:35:05 --> Trying to get property 'resource_name' of non-object
#0 /Users/markpearson/Google Drive/Documents/Projects/My Websites/Teacherpedia/4.0 CI teacherpedia 1.1/Teacherpedia/ci4/app/Controllers/Resources.php(73): CodeIgniter\Debug\Exceptions->errorHandler(8, 'Trying to get p...', '/Users/markpear...', 73, Array)
#1 /Users/markpearson/Google Drive/Documents/Projects/My Websites/Teacherpedia/4.0 CI teacherpedia 1.1/Teacherpedia/ci4/system/CodeIgniter.php(914): App\Controllers\Resources->load()
#2 /Users/markpearson/Google Drive/Documents/Projects/My Websites/Teacherpedia/4.0 CI teacherpedia 1.1/Teacherpedia/ci4/system/CodeIgniter.php(400): CodeIgniter\CodeIgniter->runController(Object(App\Controllers\Resources))
#3 /Users/markpearson/Google Drive/Documents/Projects/My Websites/Teacherpedia/4.0 CI teacherpedia 1.1/Teacherpedia/ci4/system/CodeIgniter.php(308): CodeIgniter\CodeIgniter->handleRequest(NULL, Object(Config\Cache), false)
#4 /Users/markpearson/Google Drive/Documents/Projects/My Websites/Teacherpedia/4.0 CI teacherpedia 1.1/Teacherpedia/public_html/index.php(45): CodeIgniter\CodeIgniter->run()
#5 {main}
CRITICAL - 2020-07-07 09:35:08 --> Trying to get property 'resource_name' of non-object
#0 /Users/markpearson/Google Drive/Documents/Projects/My Websites/Teacherpedia/4.0 CI teacherpedia 1.1/Teacherpedia/ci4/app/Controllers/Resources.php(73): CodeIgniter\Debug\Exceptions->errorHandler(8, 'Trying to get p...', '/Users/markpear...', 73, Array)
#1 /Users/markpearson/Google Drive/Documents/Projects/My Websites/Teacherpedia/4.0 CI teacherpedia 1.1/Teacherpedia/ci4/system/CodeIgniter.php(914): App\Controllers\Resources->load()
#2 /Users/markpearson/Google Drive/Documents/Projects/My Websites/Teacherpedia/4.0 CI teacherpedia 1.1/Teacherpedia/ci4/system/CodeIgniter.php(400): CodeIgniter\CodeIgniter->runController(Object(App\Controllers\Resources))
#3 /Users/markpearson/Google Drive/Documents/Projects/My Websites/Teacherpedia/4.0 CI teacherpedia 1.1/Teacherpedia/ci4/system/CodeIgniter.php(308): CodeIgniter\CodeIgniter->handleRequest(NULL, Object(Config\Cache), false)
#4 /Users/markpearson/Google Drive/Documents/Projects/My Websites/Teacherpedia/4.0 CI teacherpedia 1.1/Teacherpedia/public_html/index.php(45): CodeIgniter\CodeIgniter->run()
#5 {main}
CRITICAL - 2020-07-07 09:42:12 --> Invalid file: resources/.php
#0 /Users/markpearson/Google Drive/Documents/Projects/My Websites/Teacherpedia/4.0 CI teacherpedia 1.1/Teacherpedia/ci4/system/View/View.php(228): CodeIgniter\Exceptions\FrameworkException::forInvalidFile('resources/.php')
#1 /Users/markpearson/Google Drive/Documents/Projects/My Websites/Teacherpedia/4.0 CI teacherpedia 1.1/Teacherpedia/ci4/system/Common.php(1087): CodeIgniter\View\View->render('resources/', Array, true)
#2 /Users/markpearson/Google Drive/Documents/Projects/My Websites/Teacherpedia/4.0 CI teacherpedia 1.1/Teacherpedia/ci4/app/Controllers/Resources.php(21): view('resources/', Array)
#3 /Users/markpearson/Google Drive/Documents/Projects/My Websites/Teacherpedia/4.0 CI teacherpedia 1.1/Teacherpedia/ci4/system/CodeIgniter.php(914): App\Controllers\Resources->view()
#4 /Users/markpearson/Google Drive/Documents/Projects/My Websites/Teacherpedia/4.0 CI teacherpedia 1.1/Teacherpedia/ci4/system/CodeIgniter.php(400): CodeIgniter\CodeIgniter->runController(Object(App\Controllers\Resources))
#5 /Users/markpearson/Google Drive/Documents/Projects/My Websites/Teacherpedia/4.0 CI teacherpedia 1.1/Teacherpedia/ci4/system/CodeIgniter.php(308): CodeIgniter\CodeIgniter->handleRequest(NULL, Object(Config\Cache), false)
#6 /Users/markpearson/Google Drive/Documents/Projects/My Websites/Teacherpedia/4.0 CI teacherpedia 1.1/Teacherpedia/public_html/index.php(45): CodeIgniter\CodeIgniter->run()
#7 {main}
CRITICAL - 2020-07-07 09:42:16 --> Invalid file: resources/.php
#0 /Users/markpearson/Google Drive/Documents/Projects/My Websites/Teacherpedia/4.0 CI teacherpedia 1.1/Teacherpedia/ci4/system/View/View.php(228): CodeIgniter\Exceptions\FrameworkException::forInvalidFile('resources/.php')
#1 /Users/markpearson/Google Drive/Documents/Projects/My Websites/Teacherpedia/4.0 CI teacherpedia 1.1/Teacherpedia/ci4/system/Common.php(1087): CodeIgniter\View\View->render('resources/', Array, true)
#2 /Users/markpearson/Google Drive/Documents/Projects/My Websites/Teacherpedia/4.0 CI teacherpedia 1.1/Teacherpedia/ci4/app/Controllers/Resources.php(21): view('resources/', Array)
#3 /Users/markpearson/Google Drive/Documents/Projects/My Websites/Teacherpedia/4.0 CI teacherpedia 1.1/Teacherpedia/ci4/system/CodeIgniter.php(914): App\Controllers\Resources->view()
#4 /Users/markpearson/Google Drive/Documents/Projects/My Websites/Teacherpedia/4.0 CI teacherpedia 1.1/Teacherpedia/ci4/system/CodeIgniter.php(400): CodeIgniter\CodeIgniter->runController(Object(App\Controllers\Resources))
#5 /Users/markpearson/Google Drive/Documents/Projects/My Websites/Teacherpedia/4.0 CI teacherpedia 1.1/Teacherpedia/ci4/system/CodeIgniter.php(308): CodeIgniter\CodeIgniter->handleRequest(NULL, Object(Config\Cache), false)
#6 /Users/markpearson/Google Drive/Documents/Projects/My Websites/Teacherpedia/4.0 CI teacherpedia 1.1/Teacherpedia/public_html/index.php(45): CodeIgniter\CodeIgniter->run()
#7 {main}
CRITICAL - 2020-07-07 09:42:17 --> Invalid file: resources/.php
#0 /Users/markpearson/Google Drive/Documents/Projects/My Websites/Teacherpedia/4.0 CI teacherpedia 1.1/Teacherpedia/ci4/system/View/View.php(228): CodeIgniter\Exceptions\FrameworkException::forInvalidFile('resources/.php')
#1 /Users/markpearson/Google Drive/Documents/Projects/My Websites/Teacherpedia/4.0 CI teacherpedia 1.1/Teacherpedia/ci4/system/Common.php(1087): CodeIgniter\View\View->render('resources/', Array, true)
#2 /Users/markpearson/Google Drive/Documents/Projects/My Websites/Teacherpedia/4.0 CI teacherpedia 1.1/Teacherpedia/ci4/app/Controllers/Resources.php(21): view('resources/', Array)
#3 /Users/markpearson/Google Drive/Documents/Projects/My Websites/Teacherpedia/4.0 CI teacherpedia 1.1/Teacherpedia/ci4/system/CodeIgniter.php(914): App\Controllers\Resources->view()
#4 /Users/markpearson/Google Drive/Documents/Projects/My Websites/Teacherpedia/4.0 CI teacherpedia 1.1/Teacherpedia/ci4/system/CodeIgniter.php(400): CodeIgniter\CodeIgniter->runController(Object(App\Controllers\Resources))
#5 /Users/markpearson/Google Drive/Documents/Projects/My Websites/Teacherpedia/4.0 CI teacherpedia 1.1/Teacherpedia/ci4/system/CodeIgniter.php(308): CodeIgniter\CodeIgniter->handleRequest(NULL, Object(Config\Cache), false)
#6 /Users/markpearson/Google Drive/Documents/Projects/My Websites/Teacherpedia/4.0 CI teacherpedia 1.1/Teacherpedia/public_html/index.php(45): CodeIgniter\CodeIgniter->run()
#7 {main}
CRITICAL - 2020-07-07 09:42:27 --> Trying to get property 'resource_name' of non-object
#0 /Users/markpearson/Google Drive/Documents/Projects/My Websites/Teacherpedia/4.0 CI teacherpedia 1.1/Teacherpedia/ci4/app/Controllers/Resources.php(74): CodeIgniter\Debug\Exceptions->errorHandler(8, 'Trying to get p...', '/Users/markpear...', 74, Array)
#1 /Users/markpearson/Google Drive/Documents/Projects/My Websites/Teacherpedia/4.0 CI teacherpedia 1.1/Teacherpedia/ci4/system/CodeIgniter.php(914): App\Controllers\Resources->load()
#2 /Users/markpearson/Google Drive/Documents/Projects/My Websites/Teacherpedia/4.0 CI teacherpedia 1.1/Teacherpedia/ci4/system/CodeIgniter.php(400): CodeIgniter\CodeIgniter->runController(Object(App\Controllers\Resources))
#3 /Users/markpearson/Google Drive/Documents/Projects/My Websites/Teacherpedia/4.0 CI teacherpedia 1.1/Teacherpedia/ci4/system/CodeIgniter.php(308): CodeIgniter\CodeIgniter->handleRequest(NULL, Object(Config\Cache), false)
#4 /Users/markpearson/Google Drive/Documents/Projects/My Websites/Teacherpedia/4.0 CI teacherpedia 1.1/Teacherpedia/public_html/index.php(45): CodeIgniter\CodeIgniter->run()
#5 {main}
CRITICAL - 2020-07-07 10:05:43 --> Trying to get property 'resource_name' of non-object
#0 /Users/markpearson/Google Drive/Documents/Projects/My Websites/Teacherpedia/4.0 CI teacherpedia 1.1/Teacherpedia/ci4/app/Controllers/Resources.php(74): CodeIgniter\Debug\Exceptions->errorHandler(8, 'Trying to get p...', '/Users/markpear...', 74, Array)
#1 /Users/markpearson/Google Drive/Documents/Projects/My Websites/Teacherpedia/4.0 CI teacherpedia 1.1/Teacherpedia/ci4/system/CodeIgniter.php(914): App\Controllers\Resources->load()
#2 /Users/markpearson/Google Drive/Documents/Projects/My Websites/Teacherpedia/4.0 CI teacherpedia 1.1/Teacherpedia/ci4/system/CodeIgniter.php(400): CodeIgniter\CodeIgniter->runController(Object(App\Controllers\Resources))
#3 /Users/markpearson/Google Drive/Documents/Projects/My Websites/Teacherpedia/4.0 CI teacherpedia 1.1/Teacherpedia/ci4/system/CodeIgniter.php(308): CodeIgniter\CodeIgniter->handleRequest(NULL, Object(Config\Cache), false)
#4 /Users/markpearson/Google Drive/Documents/Projects/My Websites/Teacherpedia/4.0 CI teacherpedia 1.1/Teacherpedia/public_html/index.php(45): CodeIgniter\CodeIgniter->run()
#5 {main}
CRITICAL - 2020-07-07 10:05:44 --> Trying to get property 'resource_name' of non-object
#0 /Users/markpearson/Google Drive/Documents/Projects/My Websites/Teacherpedia/4.0 CI teacherpedia 1.1/Teacherpedia/ci4/app/Controllers/Resources.php(74): CodeIgniter\Debug\Exceptions->errorHandler(8, 'Trying to get p...', '/Users/markpear...', 74, Array)
#1 /Users/markpearson/Google Drive/Documents/Projects/My Websites/Teacherpedia/4.0 CI teacherpedia 1.1/Teacherpedia/ci4/system/CodeIgniter.php(914): App\Controllers\Resources->load()
#2 /Users/markpearson/Google Drive/Documents/Projects/My Websites/Teacherpedia/4.0 CI teacherpedia 1.1/Teacherpedia/ci4/system/CodeIgniter.php(400): CodeIgniter\CodeIgniter->runController(Object(App\Controllers\Resources))
#3 /Users/markpearson/Google Drive/Documents/Projects/My Websites/Teacherpedia/4.0 CI teacherpedia 1.1/Teacherpedia/ci4/system/CodeIgniter.php(308): CodeIgniter\CodeIgniter->handleRequest(NULL, Object(Config\Cache), false)
#4 /Users/markpearson/Google Drive/Documents/Projects/My Websites/Teacherpedia/4.0 CI teacherpedia 1.1/Teacherpedia/public_html/index.php(45): CodeIgniter\CodeIgniter->run()
#5 {main}
CRITICAL - 2020-07-07 10:05:46 --> Invalid file: resources/.php
#0 /Users/markpearson/Google Drive/Documents/Projects/My Websites/Teacherpedia/4.0 CI teacherpedia 1.1/Teacherpedia/ci4/system/View/View.php(228): CodeIgniter\Exceptions\FrameworkException::forInvalidFile('resources/.php')
#1 /Users/markpearson/Google Drive/Documents/Projects/My Websites/Teacherpedia/4.0 CI teacherpedia 1.1/Teacherpedia/ci4/system/Common.php(1087): CodeIgniter\View\View->render('resources/', Array, true)
#2 /Users/markpearson/Google Drive/Documents/Projects/My Websites/Teacherpedia/4.0 CI teacherpedia 1.1/Teacherpedia/ci4/app/Controllers/Resources.php(21): view('resources/', Array)
#3 /Users/markpearson/Google Drive/Documents/Projects/My Websites/Teacherpedia/4.0 CI teacherpedia 1.1/Teacherpedia/ci4/system/CodeIgniter.php(914): App\Controllers\Resources->view()
#4 /Users/markpearson/Google Drive/Documents/Projects/My Websites/Teacherpedia/4.0 CI teacherpedia 1.1/Teacherpedia/ci4/system/CodeIgniter.php(400): CodeIgniter\CodeIgniter->runController(Object(App\Controllers\Resources))
#5 /Users/markpearson/Google Drive/Documents/Projects/My Websites/Teacherpedia/4.0 CI teacherpedia 1.1/Teacherpedia/ci4/system/CodeIgniter.php(308): CodeIgniter\CodeIgniter->handleRequest(NULL, Object(Config\Cache), false)
#6 /Users/markpearson/Google Drive/Documents/Projects/My Websites/Teacherpedia/4.0 CI teacherpedia 1.1/Teacherpedia/public_html/index.php(45): CodeIgniter\CodeIgniter->run()
#7 {main}
CRITICAL - 2020-07-07 10:05:47 --> Trying to get property 'resource_name' of non-object
#0 /Users/markpearson/Google Drive/Documents/Projects/My Websites/Teacherpedia/4.0 CI teacherpedia 1.1/Teacherpedia/ci4/app/Controllers/Resources.php(74): CodeIgniter\Debug\Exceptions->errorHandler(8, 'Trying to get p...', '/Users/markpear...', 74, Array)
#1 /Users/markpearson/Google Drive/Documents/Projects/My Websites/Teacherpedia/4.0 CI teacherpedia 1.1/Teacherpedia/ci4/system/CodeIgniter.php(914): App\Controllers\Resources->load()
#2 /Users/markpearson/Google Drive/Documents/Projects/My Websites/Teacherpedia/4.0 CI teacherpedia 1.1/Teacherpedia/ci4/system/CodeIgniter.php(400): CodeIgniter\CodeIgniter->runController(Object(App\Controllers\Resources))
#3 /Users/markpearson/Google Drive/Documents/Projects/My Websites/Teacherpedia/4.0 CI teacherpedia 1.1/Teacherpedia/ci4/system/CodeIgniter.php(308): CodeIgniter\CodeIgniter->handleRequest(NULL, Object(Config\Cache), false)
#4 /Users/markpearson/Google Drive/Documents/Projects/My Websites/Teacherpedia/4.0 CI teacherpedia 1.1/Teacherpedia/public_html/index.php(45): CodeIgniter\CodeIgniter->run()
#5 {main}
CRITICAL - 2020-07-07 10:05:56 --> Trying to get property 'resource_name' of non-object
#0 /Users/markpearson/Google Drive/Documents/Projects/My Websites/Teacherpedia/4.0 CI teacherpedia 1.1/Teacherpedia/ci4/app/Controllers/Resources.php(74): CodeIgniter\Debug\Exceptions->errorHandler(8, 'Trying to get p...', '/Users/markpear...', 74, Array)
#1 /Users/markpearson/Google Drive/Documents/Projects/My Websites/Teacherpedia/4.0 CI teacherpedia 1.1/Teacherpedia/ci4/system/CodeIgniter.php(914): App\Controllers\Resources->load()
#2 /Users/markpearson/Google Drive/Documents/Projects/My Websites/Teacherpedia/4.0 CI teacherpedia 1.1/Teacherpedia/ci4/system/CodeIgniter.php(400): CodeIgniter\CodeIgniter->runController(Object(App\Controllers\Resources))
#3 /Users/markpearson/Google Drive/Documents/Projects/My Websites/Teacherpedia/4.0 CI teacherpedia 1.1/Teacherpedia/ci4/system/CodeIgniter.php(308): CodeIgniter\CodeIgniter->handleRequest(NULL, Object(Config\Cache), false)
#4 /Users/markpearson/Google Drive/Documents/Projects/My Websites/Teacherpedia/4.0 CI teacherpedia 1.1/Teacherpedia/public_html/index.php(45): CodeIgniter\CodeIgniter->run()
#5 {main}
CRITICAL - 2020-07-07 10:08:06 --> Trying to get property 'resource_name' of non-object
#0 /Users/markpearson/Google Drive/Documents/Projects/My Websites/Teacherpedia/4.0 CI teacherpedia 1.1/Teacherpedia/ci4/app/Controllers/Resources.php(74): CodeIgniter\Debug\Exceptions->errorHandler(8, 'Trying to get p...', '/Users/markpear...', 74, Array)
#1 /Users/markpearson/Google Drive/Documents/Projects/My Websites/Teacherpedia/4.0 CI teacherpedia 1.1/Teacherpedia/ci4/system/CodeIgniter.php(914): App\Controllers\Resources->load()
#2 /Users/markpearson/Google Drive/Documents/Projects/My Websites/Teacherpedia/4.0 CI teacherpedia 1.1/Teacherpedia/ci4/system/CodeIgniter.php(400): CodeIgniter\CodeIgniter->runController(Object(App\Controllers\Resources))
#3 /Users/markpearson/Google Drive/Documents/Projects/My Websites/Teacherpedia/4.0 CI teacherpedia 1.1/Teacherpedia/ci4/system/CodeIgniter.php(308): CodeIgniter\CodeIgniter->handleRequest(NULL, Object(Config\Cache), false)
#4 /Users/markpearson/Google Drive/Documents/Projects/My Websites/Teacherpedia/4.0 CI teacherpedia 1.1/Teacherpedia/public_html/index.php(45): CodeIgniter\CodeIgniter->run()
#5 {main}
CRITICAL - 2020-07-07 10:08:17 --> Trying to get property 'resource_name' of non-object
#0 /Users/markpearson/Google Drive/Documents/Projects/My Websites/Teacherpedia/4.0 CI teacherpedia 1.1/Teacherpedia/ci4/app/Controllers/Resources.php(74): CodeIgniter\Debug\Exceptions->errorHandler(8, 'Trying to get p...', '/Users/markpear...', 74, Array)
#1 /Users/markpearson/Google Drive/Documents/Projects/My Websites/Teacherpedia/4.0 CI teacherpedia 1.1/Teacherpedia/ci4/system/CodeIgniter.php(914): App\Controllers\Resources->load()
#2 /Users/markpearson/Google Drive/Documents/Projects/My Websites/Teacherpedia/4.0 CI teacherpedia 1.1/Teacherpedia/ci4/system/CodeIgniter.php(400): CodeIgniter\CodeIgniter->runController(Object(App\Controllers\Resources))
#3 /Users/markpearson/Google Drive/Documents/Projects/My Websites/Teacherpedia/4.0 CI teacherpedia 1.1/Teacherpedia/ci4/system/CodeIgniter.php(308): CodeIgniter\CodeIgniter->handleRequest(NULL, Object(Config\Cache), false)
#4 /Users/markpearson/Google Drive/Documents/Projects/My Websites/Teacherpedia/4.0 CI teacherpedia 1.1/Teacherpedia/public_html/index.php(45): CodeIgniter\CodeIgniter->run()
#5 {main}
CRITICAL - 2020-07-07 10:10:09 --> Trying to get property 'resource_name' of non-object
#0 /Users/markpearson/Google Drive/Documents/Projects/My Websites/Teacherpedia/4.0 CI teacherpedia 1.1/Teacherpedia/ci4/app/Controllers/Resources.php(74): CodeIgniter\Debug\Exceptions->errorHandler(8, 'Trying to get p...', '/Users/markpear...', 74, Array)
#1 /Users/markpearson/Google Drive/Documents/Projects/My Websites/Teacherpedia/4.0 CI teacherpedia 1.1/Teacherpedia/ci4/system/CodeIgniter.php(914): App\Controllers\Resources->load()
#2 /Users/markpearson/Google Drive/Documents/Projects/My Websites/Teacherpedia/4.0 CI teacherpedia 1.1/Teacherpedia/ci4/system/CodeIgniter.php(400): CodeIgniter\CodeIgniter->runController(Object(App\Controllers\Resources))
#3 /Users/markpearson/Google Drive/Documents/Projects/My Websites/Teacherpedia/4.0 CI teacherpedia 1.1/Teacherpedia/ci4/system/CodeIgniter.php(308): CodeIgniter\CodeIgniter->handleRequest(NULL, Object(Config\Cache), false)
#4 /Users/markpearson/Google Drive/Documents/Projects/My Websites/Teacherpedia/4.0 CI teacherpedia 1.1/Teacherpedia/public_html/index.php(45): CodeIgniter\CodeIgniter->run()
#5 {main}
CRITICAL - 2020-07-07 10:10:11 --> Invalid file: resources/.php
#0 /Users/markpearson/Google Drive/Documents/Projects/My Websites/Teacherpedia/4.0 CI teacherpedia 1.1/Teacherpedia/ci4/system/View/View.php(228): CodeIgniter\Exceptions\FrameworkException::forInvalidFile('resources/.php')
#1 /Users/markpearson/Google Drive/Documents/Projects/My Websites/Teacherpedia/4.0 CI teacherpedia 1.1/Teacherpedia/ci4/system/Common.php(1087): CodeIgniter\View\View->render('resources/', Array, true)
#2 /Users/markpearson/Google Drive/Documents/Projects/My Websites/Teacherpedia/4.0 CI teacherpedia 1.1/Teacherpedia/ci4/app/Controllers/Resources.php(21): view('resources/', Array)
#3 /Users/markpearson/Google Drive/Documents/Projects/My Websites/Teacherpedia/4.0 CI teacherpedia 1.1/Teacherpedia/ci4/system/CodeIgniter.php(914): App\Controllers\Resources->view()
#4 /Users/markpearson/Google Drive/Documents/Projects/My Websites/Teacherpedia/4.0 CI teacherpedia 1.1/Teacherpedia/ci4/system/CodeIgniter.php(400): CodeIgniter\CodeIgniter->runController(Object(App\Controllers\Resources))
#5 /Users/markpearson/Google Drive/Documents/Projects/My Websites/Teacherpedia/4.0 CI teacherpedia 1.1/Teacherpedia/ci4/system/CodeIgniter.php(308): CodeIgniter\CodeIgniter->handleRequest(NULL, Object(Config\Cache), false)
#6 /Users/markpearson/Google Drive/Documents/Projects/My Websites/Teacherpedia/4.0 CI teacherpedia 1.1/Teacherpedia/public_html/index.php(45): CodeIgniter\CodeIgniter->run()
#7 {main}
CRITICAL - 2020-07-07 10:10:33 --> Invalid file: resources/.php
#0 /Users/markpearson/Google Drive/Documents/Projects/My Websites/Teacherpedia/4.0 CI teacherpedia 1.1/Teacherpedia/ci4/system/View/View.php(228): CodeIgniter\Exceptions\FrameworkException::forInvalidFile('resources/.php')
#1 /Users/markpearson/Google Drive/Documents/Projects/My Websites/Teacherpedia/4.0 CI teacherpedia 1.1/Teacherpedia/ci4/system/Common.php(1087): CodeIgniter\View\View->render('resources/', Array, true)
#2 /Users/markpearson/Google Drive/Documents/Projects/My Websites/Teacherpedia/4.0 CI teacherpedia 1.1/Teacherpedia/ci4/app/Controllers/Resources.php(21): view('resources/', Array)
#3 /Users/markpearson/Google Drive/Documents/Projects/My Websites/Teacherpedia/4.0 CI teacherpedia 1.1/Teacherpedia/ci4/system/CodeIgniter.php(914): App\Controllers\Resources->view()
#4 /Users/markpearson/Google Drive/Documents/Projects/My Websites/Teacherpedia/4.0 CI teacherpedia 1.1/Teacherpedia/ci4/system/CodeIgniter.php(400): CodeIgniter\CodeIgniter->runController(Object(App\Controllers\Resources))
#5 /Users/markpearson/Google Drive/Documents/Projects/My Websites/Teacherpedia/4.0 CI teacherpedia 1.1/Teacherpedia/ci4/system/CodeIgniter.php(308): CodeIgniter\CodeIgniter->handleRequest(NULL, Object(Config\Cache), false)
#6 /Users/markpearson/Google Drive/Documents/Projects/My Websites/Teacherpedia/4.0 CI teacherpedia 1.1/Teacherpedia/public_html/index.php(45): CodeIgniter\CodeIgniter->run()
#7 {main}
CRITICAL - 2020-07-07 10:10:45 --> syntax error, unexpected 'if' (T_IF), expecting variable (T_VARIABLE) or '{' or '$'
#0 /Users/markpearson/Google Drive/Documents/Projects/My Websites/Teacherpedia/4.0 CI teacherpedia 1.1/Teacherpedia/ci4/system/CodeIgniter.php(360): CodeIgniter\CodeIgniter->tryToRouteIt(NULL)
#1 /Users/markpearson/Google Drive/Documents/Projects/My Websites/Teacherpedia/4.0 CI teacherpedia 1.1/Teacherpedia/ci4/system/CodeIgniter.php(308): CodeIgniter\CodeIgniter->handleRequest(NULL, Object(Config\Cache), false)
#2 /Users/markpearson/Google Drive/Documents/Projects/My Websites/Teacherpedia/4.0 CI teacherpedia 1.1/Teacherpedia/public_html/index.php(45): CodeIgniter\CodeIgniter->run()
#3 {main}
CRITICAL - 2020-07-07 10:11:33 --> Trying to get property 'resource_name' of non-object
#0 /Users/markpearson/Google Drive/Documents/Projects/My Websites/Teacherpedia/4.0 CI teacherpedia 1.1/Teacherpedia/ci4/app/Controllers/Resources.php(74): CodeIgniter\Debug\Exceptions->errorHandler(8, 'Trying to get p...', '/Users/markpear...', 74, Array)
#1 /Users/markpearson/Google Drive/Documents/Projects/My Websites/Teacherpedia/4.0 CI teacherpedia 1.1/Teacherpedia/ci4/system/CodeIgniter.php(914): App\Controllers\Resources->load('resources', '2020', '29-02', '10-41-14-746', '615')
#2 /Users/markpearson/Google Drive/Documents/Projects/My Websites/Teacherpedia/4.0 CI teacherpedia 1.1/Teacherpedia/ci4/system/CodeIgniter.php(400): CodeIgniter\CodeIgniter->runController(Object(App\Controllers\Resources))
#3 /Users/markpearson/Google Drive/Documents/Projects/My Websites/Teacherpedia/4.0 CI teacherpedia 1.1/Teacherpedia/ci4/system/CodeIgniter.php(308): CodeIgniter\CodeIgniter->handleRequest(NULL, Object(Config\Cache), false)
#4 /Users/markpearson/Google Drive/Documents/Projects/My Websites/Teacherpedia/4.0 CI teacherpedia 1.1/Teacherpedia/public_html/index.php(45): CodeIgniter\CodeIgniter->run()
#5 {main}
CRITICAL - 2020-07-07 10:11:43 --> Trying to get property 'resource_name' of non-object
#0 /Users/markpearson/Google Drive/Documents/Projects/My Websites/Teacherpedia/4.0 CI teacherpedia 1.1/Teacherpedia/ci4/app/Controllers/Resources.php(74): CodeIgniter\Debug\Exceptions->errorHandler(8, 'Trying to get p...', '/Users/markpear...', 74, Array)
#1 /Users/markpearson/Google Drive/Documents/Projects/My Websites/Teacherpedia/4.0 CI teacherpedia 1.1/Teacherpedia/ci4/system/CodeIgniter.php(914): App\Controllers\Resources->load('resources', '2020', '06-07-90', '07-12-34', '787')
#2 /Users/markpearson/Google Drive/Documents/Projects/My Websites/Teacherpedia/4.0 CI teacherpedia 1.1/Teacherpedia/ci4/system/CodeIgniter.php(400): CodeIgniter\CodeIgniter->runController(Object(App\Controllers\Resources))
#3 /Users/markpearson/Google Drive/Documents/Projects/My Websites/Teacherpedia/4.0 CI teacherpedia 1.1/Teacherpedia/ci4/system/CodeIgniter.php(308): CodeIgniter\CodeIgniter->handleRequest(NULL, Object(Config\Cache), false)
#4 /Users/markpearson/Google Drive/Documents/Projects/My Websites/Teacherpedia/4.0 CI teacherpedia 1.1/Teacherpedia/public_html/index.php(45): CodeIgniter\CodeIgniter->run()
#5 {main}
CRITICAL - 2020-07-07 10:12:03 --> Trying to get property 'resource_name' of non-object
#0 /Users/markpearson/Google Drive/Documents/Projects/My Websites/Teacherpedia/4.0 CI teacherpedia 1.1/Teacherpedia/ci4/app/Controllers/Resources.php(74): CodeIgniter\Debug\Exceptions->errorHandler(8, 'Trying to get p...', '/Users/markpear...', 74, Array)
#1 /Users/markpearson/Google Drive/Documents/Projects/My Websites/Teacherpedia/4.0 CI teacherpedia 1.1/Teacherpedia/ci4/system/CodeIgniter.php(914): App\Controllers\Resources->load()
#2 /Users/markpearson/Google Drive/Documents/Projects/My Websites/Teacherpedia/4.0 CI teacherpedia 1.1/Teacherpedia/ci4/system/CodeIgniter.php(400): CodeIgniter\CodeIgniter->runController(Object(App\Controllers\Resources))
#3 /Users/markpearson/Google Drive/Documents/Projects/My Websites/Teacherpedia/4.0 CI teacherpedia 1.1/Teacherpedia/ci4/system/CodeIgniter.php(308): CodeIgniter\CodeIgniter->handleRequest(NULL, Object(Config\Cache), false)
#4 /Users/markpearson/Google Drive/Documents/Projects/My Websites/Teacherpedia/4.0 CI teacherpedia 1.1/Teacherpedia/public_html/index.php(45): CodeIgniter\CodeIgniter->run()
#5 {main}
CRITICAL - 2020-07-07 10:12:15 --> Trying to get property 'resource_name' of non-object
#0 /Users/markpearson/Google Drive/Documents/Projects/My Websites/Teacherpedia/4.0 CI teacherpedia 1.1/Teacherpedia/ci4/app/Controllers/Resources.php(74): CodeIgniter\Debug\Exceptions->errorHandler(8, 'Trying to get p...', '/Users/markpear...', 74, Array)
#1 /Users/markpearson/Google Drive/Documents/Projects/My Websites/Teacherpedia/4.0 CI teacherpedia 1.1/Teacherpedia/ci4/system/CodeIgniter.php(914): App\Controllers\Resources->load()
#2 /Users/markpearson/Google Drive/Documents/Projects/My Websites/Teacherpedia/4.0 CI teacherpedia 1.1/Teacherpedia/ci4/system/CodeIgniter.php(400): CodeIgniter\CodeIgniter->runController(Object(App\Controllers\Resources))
#3 /Users/markpearson/Google Drive/Documents/Projects/My Websites/Teacherpedia/4.0 CI teacherpedia 1.1/Teacherpedia/ci4/system/CodeIgniter.php(308): CodeIgniter\CodeIgniter->handleRequest(NULL, Object(Config\Cache), false)
#4 /Users/markpearson/Google Drive/Documents/Projects/My Websites/Teacherpedia/4.0 CI teacherpedia 1.1/Teacherpedia/public_html/index.php(45): CodeIgniter\CodeIgniter->run()
#5 {main}
CRITICAL - 2020-07-07 10:12:17 --> Trying to get property 'resource_name' of non-object
#0 /Users/markpearson/Google Drive/Documents/Projects/My Websites/Teacherpedia/4.0 CI teacherpedia 1.1/Teacherpedia/ci4/app/Controllers/Resources.php(74): CodeIgniter\Debug\Exceptions->errorHandler(8, 'Trying to get p...', '/Users/markpear...', 74, Array)
#1 /Users/markpearson/Google Drive/Documents/Projects/My Websites/Teacherpedia/4.0 CI teacherpedia 1.1/Teacherpedia/ci4/system/CodeIgniter.php(914): App\Controllers\Resources->load()
#2 /Users/markpearson/Google Drive/Documents/Projects/My Websites/Teacherpedia/4.0 CI teacherpedia 1.1/Teacherpedia/ci4/system/CodeIgniter.php(400): CodeIgniter\CodeIgniter->runController(Object(App\Controllers\Resources))
#3 /Users/markpearson/Google Drive/Documents/Projects/My Websites/Teacherpedia/4.0 CI teacherpedia 1.1/Teacherpedia/ci4/system/CodeIgniter.php(308): CodeIgniter\CodeIgniter->handleRequest(NULL, Object(Config\Cache), false)
#4 /Users/markpearson/Google Drive/Documents/Projects/My Websites/Teacherpedia/4.0 CI teacherpedia 1.1/Teacherpedia/public_html/index.php(45): CodeIgniter\CodeIgniter->run()
#5 {main}
CRITICAL - 2020-07-07 10:12:20 --> Trying to get property 'resource_name' of non-object
#0 /Users/markpearson/Google Drive/Documents/Projects/My Websites/Teacherpedia/4.0 CI teacherpedia 1.1/Teacherpedia/ci4/app/Controllers/Resources.php(74): CodeIgniter\Debug\Exceptions->errorHandler(8, 'Trying to get p...', '/Users/markpear...', 74, Array)
#1 /Users/markpearson/Google Drive/Documents/Projects/My Websites/Teacherpedia/4.0 CI teacherpedia 1.1/Teacherpedia/ci4/system/CodeIgniter.php(914): App\Controllers\Resources->load()
#2 /Users/markpearson/Google Drive/Documents/Projects/My Websites/Teacherpedia/4.0 CI teacherpedia 1.1/Teacherpedia/ci4/system/CodeIgniter.php(400): CodeIgniter\CodeIgniter->runController(Object(App\Controllers\Resources))
#3 /Users/markpearson/Google Drive/Documents/Projects/My Websites/Teacherpedia/4.0 CI teacherpedia 1.1/Teacherpedia/ci4/system/CodeIgniter.php(308): CodeIgniter\CodeIgniter->handleRequest(NULL, Object(Config\Cache), false)
#4 /Users/markpearson/Google Drive/Documents/Projects/My Websites/Teacherpedia/4.0 CI teacherpedia 1.1/Teacherpedia/public_html/index.php(45): CodeIgniter\CodeIgniter->run()
#5 {main}
CRITICAL - 2020-07-07 10:12:59 --> Trying to get property 'resource_name' of non-object
#0 /Users/markpearson/Google Drive/Documents/Projects/My Websites/Teacherpedia/4.0 CI teacherpedia 1.1/Teacherpedia/ci4/app/Controllers/Resources.php(74): CodeIgniter\Debug\Exceptions->errorHandler(8, 'Trying to get p...', '/Users/markpear...', 74, Array)
#1 /Users/markpearson/Google Drive/Documents/Projects/My Websites/Teacherpedia/4.0 CI teacherpedia 1.1/Teacherpedia/ci4/system/CodeIgniter.php(914): App\Controllers\Resources->load()
#2 /Users/markpearson/Google Drive/Documents/Projects/My Websites/Teacherpedia/4.0 CI teacherpedia 1.1/Teacherpedia/ci4/system/CodeIgniter.php(400): CodeIgniter\CodeIgniter->runController(Object(App\Controllers\Resources))
#3 /Users/markpearson/Google Drive/Documents/Projects/My Websites/Teacherpedia/4.0 CI teacherpedia 1.1/Teacherpedia/ci4/system/CodeIgniter.php(308): CodeIgniter\CodeIgniter->handleRequest(NULL, Object(Config\Cache), false)
#4 /Users/markpearson/Google Drive/Documents/Projects/My Websites/Teacherpedia/4.0 CI teacherpedia 1.1/Teacherpedia/public_html/index.php(45): CodeIgniter\CodeIgniter->run()
#5 {main}
CRITICAL - 2020-07-07 10:13:02 --> Trying to get property 'resource_name' of non-object
#0 /Users/markpearson/Google Drive/Documents/Projects/My Websites/Teacherpedia/4.0 CI teacherpedia 1.1/Teacherpedia/ci4/app/Controllers/Resources.php(74): CodeIgniter\Debug\Exceptions->errorHandler(8, 'Trying to get p...', '/Users/markpear...', 74, Array)
#1 /Users/markpearson/Google Drive/Documents/Projects/My Websites/Teacherpedia/4.0 CI teacherpedia 1.1/Teacherpedia/ci4/system/CodeIgniter.php(914): App\Controllers\Resources->load()
#2 /Users/markpearson/Google Drive/Documents/Projects/My Websites/Teacherpedia/4.0 CI teacherpedia 1.1/Teacherpedia/ci4/system/CodeIgniter.php(400): CodeIgniter\CodeIgniter->runController(Object(App\Controllers\Resources))
#3 /Users/markpearson/Google Drive/Documents/Projects/My Websites/Teacherpedia/4.0 CI teacherpedia 1.1/Teacherpedia/ci4/system/CodeIgniter.php(308): CodeIgniter\CodeIgniter->handleRequest(NULL, Object(Config\Cache), false)
#4 /Users/markpearson/Google Drive/Documents/Projects/My Websites/Teacherpedia/4.0 CI teacherpedia 1.1/Teacherpedia/public_html/index.php(45): CodeIgniter\CodeIgniter->run()
#5 {main}
CRITICAL - 2020-07-07 10:13:05 --> Trying to get property 'resource_name' of non-object
#0 /Users/markpearson/Google Drive/Documents/Projects/My Websites/Teacherpedia/4.0 CI teacherpedia 1.1/Teacherpedia/ci4/app/Controllers/Resources.php(74): CodeIgniter\Debug\Exceptions->errorHandler(8, 'Trying to get p...', '/Users/markpear...', 74, Array)
#1 /Users/markpearson/Google Drive/Documents/Projects/My Websites/Teacherpedia/4.0 CI teacherpedia 1.1/Teacherpedia/ci4/system/CodeIgniter.php(914): App\Controllers\Resources->load()
#2 /Users/markpearson/Google Drive/Documents/Projects/My Websites/Teacherpedia/4.0 CI teacherpedia 1.1/Teacherpedia/ci4/system/CodeIgniter.php(400): CodeIgniter\CodeIgniter->runController(Object(App\Controllers\Resources))
#3 /Users/markpearson/Google Drive/Documents/Projects/My Websites/Teacherpedia/4.0 CI teacherpedia 1.1/Teacherpedia/ci4/system/CodeIgniter.php(308): CodeIgniter\CodeIgniter->handleRequest(NULL, Object(Config\Cache), false)
#4 /Users/markpearson/Google Drive/Documents/Projects/My Websites/Teacherpedia/4.0 CI teacherpedia 1.1/Teacherpedia/public_html/index.php(45): CodeIgniter\CodeIgniter->run()
#5 {main}
CRITICAL - 2020-07-07 10:13:12 --> Trying to get property 'resource_name' of non-object
#0 /Users/markpearson/Google Drive/Documents/Projects/My Websites/Teacherpedia/4.0 CI teacherpedia 1.1/Teacherpedia/ci4/app/Controllers/Resources.php(74): CodeIgniter\Debug\Exceptions->errorHandler(8, 'Trying to get p...', '/Users/markpear...', 74, Array)
#1 /Users/markpearson/Google Drive/Documents/Projects/My Websites/Teacherpedia/4.0 CI teacherpedia 1.1/Teacherpedia/ci4/system/CodeIgniter.php(914): App\Controllers\Resources->load()
#2 /Users/markpearson/Google Drive/Documents/Projects/My Websites/Teacherpedia/4.0 CI teacherpedia 1.1/Teacherpedia/ci4/system/CodeIgniter.php(400): CodeIgniter\CodeIgniter->runController(Object(App\Controllers\Resources))
#3 /Users/markpearson/Google Drive/Documents/Projects/My Websites/Teacherpedia/4.0 CI teacherpedia 1.1/Teacherpedia/ci4/system/CodeIgniter.php(308): CodeIgniter\CodeIgniter->handleRequest(NULL, Object(Config\Cache), false)
#4 /Users/markpearson/Google Drive/Documents/Projects/My Websites/Teacherpedia/4.0 CI teacherpedia 1.1/Teacherpedia/public_html/index.php(45): CodeIgniter\CodeIgniter->run()
#5 {main}
CRITICAL - 2020-07-07 10:13:20 --> Trying to get property 'resource_name' of non-object
#0 /Users/markpearson/Google Drive/Documents/Projects/My Websites/Teacherpedia/4.0 CI teacherpedia 1.1/Teacherpedia/ci4/app/Controllers/Resources.php(74): CodeIgniter\Debug\Exceptions->errorHandler(8, 'Trying to get p...', '/Users/markpear...', 74, Array)
#1 /Users/markpearson/Google Drive/Documents/Projects/My Websites/Teacherpedia/4.0 CI teacherpedia 1.1/Teacherpedia/ci4/system/CodeIgniter.php(914): App\Controllers\Resources->load()
#2 /Users/markpearson/Google Drive/Documents/Projects/My Websites/Teacherpedia/4.0 CI teacherpedia 1.1/Teacherpedia/ci4/system/CodeIgniter.php(400): CodeIgniter\CodeIgniter->runController(Object(App\Controllers\Resources))
#3 /Users/markpearson/Google Drive/Documents/Projects/My Websites/Teacherpedia/4.0 CI teacherpedia 1.1/Teacherpedia/ci4/system/CodeIgniter.php(308): CodeIgniter\CodeIgniter->handleRequest(NULL, Object(Config\Cache), false)
#4 /Users/markpearson/Google Drive/Documents/Projects/My Websites/Teacherpedia/4.0 CI teacherpedia 1.1/Teacherpedia/public_html/index.php(45): CodeIgniter\CodeIgniter->run()
#5 {main}
CRITICAL - 2020-07-07 10:13:45 --> Trying to get property 'resource_name' of non-object
#0 /Users/markpearson/Google Drive/Documents/Projects/My Websites/Teacherpedia/4.0 CI teacherpedia 1.1/Teacherpedia/ci4/app/Controllers/Resources.php(74): CodeIgniter\Debug\Exceptions->errorHandler(8, 'Trying to get p...', '/Users/markpear...', 74, Array)
#1 /Users/markpearson/Google Drive/Documents/Projects/My Websites/Teacherpedia/4.0 CI teacherpedia 1.1/Teacherpedia/ci4/system/CodeIgniter.php(914): App\Controllers\Resources->load()
#2 /Users/markpearson/Google Drive/Documents/Projects/My Websites/Teacherpedia/4.0 CI teacherpedia 1.1/Teacherpedia/ci4/system/CodeIgniter.php(400): CodeIgniter\CodeIgniter->runController(Object(App\Controllers\Resources))
#3 /Users/markpearson/Google Drive/Documents/Projects/My Websites/Teacherpedia/4.0 CI teacherpedia 1.1/Teacherpedia/ci4/system/CodeIgniter.php(308): CodeIgniter\CodeIgniter->handleRequest(NULL, Object(Config\Cache), false)
#4 /Users/markpearson/Google Drive/Documents/Projects/My Websites/Teacherpedia/4.0 CI teacherpedia 1.1/Teacherpedia/public_html/index.php(45): CodeIgniter\CodeIgniter->run()
#5 {main}
CRITICAL - 2020-07-07 10:13:50 --> Trying to get property 'resource_name' of non-object
#0 /Users/markpearson/Google Drive/Documents/Projects/My Websites/Teacherpedia/4.0 CI teacherpedia 1.1/Teacherpedia/ci4/app/Controllers/Resources.php(74): CodeIgniter\Debug\Exceptions->errorHandler(8, 'Trying to get p...', '/Users/markpear...', 74, Array)
#1 /Users/markpearson/Google Drive/Documents/Projects/My Websites/Teacherpedia/4.0 CI teacherpedia 1.1/Teacherpedia/ci4/system/CodeIgniter.php(914): App\Controllers\Resources->load()
#2 /Users/markpearson/Google Drive/Documents/Projects/My Websites/Teacherpedia/4.0 CI teacherpedia 1.1/Teacherpedia/ci4/system/CodeIgniter.php(400): CodeIgniter\CodeIgniter->runController(Object(App\Controllers\Resources))
#3 /Users/markpearson/Google Drive/Documents/Projects/My Websites/Teacherpedia/4.0 CI teacherpedia 1.1/Teacherpedia/ci4/system/CodeIgniter.php(308): CodeIgniter\CodeIgniter->handleRequest(NULL, Object(Config\Cache), false)
#4 /Users/markpearson/Google Drive/Documents/Projects/My Websites/Teacherpedia/4.0 CI teacherpedia 1.1/Teacherpedia/public_html/index.php(45): CodeIgniter\CodeIgniter->run()
#5 {main}
CRITICAL - 2020-07-07 10:13:53 --> Trying to get property 'resource_name' of non-object
#0 /Users/markpearson/Google Drive/Documents/Projects/My Websites/Teacherpedia/4.0 CI teacherpedia 1.1/Teacherpedia/ci4/app/Controllers/Resources.php(74): CodeIgniter\Debug\Exceptions->errorHandler(8, 'Trying to get p...', '/Users/markpear...', 74, Array)
#1 /Users/markpearson/Google Drive/Documents/Projects/My Websites/Teacherpedia/4.0 CI teacherpedia 1.1/Teacherpedia/ci4/system/CodeIgniter.php(914): App\Controllers\Resources->load()
#2 /Users/markpearson/Google Drive/Documents/Projects/My Websites/Teacherpedia/4.0 CI teacherpedia 1.1/Teacherpedia/ci4/system/CodeIgniter.php(400): CodeIgniter\CodeIgniter->runController(Object(App\Controllers\Resources))
#3 /Users/markpearson/Google Drive/Documents/Projects/My Websites/Teacherpedia/4.0 CI teacherpedia 1.1/Teacherpedia/ci4/system/CodeIgniter.php(308): CodeIgniter\CodeIgniter->handleRequest(NULL, Object(Config\Cache), false)
#4 /Users/markpearson/Google Drive/Documents/Projects/My Websites/Teacherpedia/4.0 CI teacherpedia 1.1/Teacherpedia/public_html/index.php(45): CodeIgniter\CodeIgniter->run()
#5 {main}
CRITICAL - 2020-07-07 10:13:57 --> Trying to get property 'resource_name' of non-object
#0 /Users/markpearson/Google Drive/Documents/Projects/My Websites/Teacherpedia/4.0 CI teacherpedia 1.1/Teacherpedia/ci4/app/Controllers/Resources.php(74): CodeIgniter\Debug\Exceptions->errorHandler(8, 'Trying to get p...', '/Users/markpear...', 74, Array)
#1 /Users/markpearson/Google Drive/Documents/Projects/My Websites/Teacherpedia/4.0 CI teacherpedia 1.1/Teacherpedia/ci4/system/CodeIgniter.php(914): App\Controllers\Resources->load()
#2 /Users/markpearson/Google Drive/Documents/Projects/My Websites/Teacherpedia/4.0 CI teacherpedia 1.1/Teacherpedia/ci4/system/CodeIgniter.php(400): CodeIgniter\CodeIgniter->runController(Object(App\Controllers\Resources))
#3 /Users/markpearson/Google Drive/Documents/Projects/My Websites/Teacherpedia/4.0 CI teacherpedia 1.1/Teacherpedia/ci4/system/CodeIgniter.php(308): CodeIgniter\CodeIgniter->handleRequest(NULL, Object(Config\Cache), false)
#4 /Users/markpearson/Google Drive/Documents/Projects/My Websites/Teacherpedia/4.0 CI teacherpedia 1.1/Teacherpedia/public_html/index.php(45): CodeIgniter\CodeIgniter->run()
#5 {main}
CRITICAL - 2020-07-07 10:14:00 --> Trying to get property 'resource_name' of non-object
#0 /Users/markpearson/Google Drive/Documents/Projects/My Websites/Teacherpedia/4.0 CI teacherpedia 1.1/Teacherpedia/ci4/app/Controllers/Resources.php(74): CodeIgniter\Debug\Exceptions->errorHandler(8, 'Trying to get p...', '/Users/markpear...', 74, Array)
#1 /Users/markpearson/Google Drive/Documents/Projects/My Websites/Teacherpedia/4.0 CI teacherpedia 1.1/Teacherpedia/ci4/system/CodeIgniter.php(914): App\Controllers\Resources->load()
#2 /Users/markpearson/Google Drive/Documents/Projects/My Websites/Teacherpedia/4.0 CI teacherpedia 1.1/Teacherpedia/ci4/system/CodeIgniter.php(400): CodeIgniter\CodeIgniter->runController(Object(App\Controllers\Resources))
#3 /Users/markpearson/Google Drive/Documents/Projects/My Websites/Teacherpedia/4.0 CI teacherpedia 1.1/Teacherpedia/ci4/system/CodeIgniter.php(308): CodeIgniter\CodeIgniter->handleRequest(NULL, Object(Config\Cache), false)
#4 /Users/markpearson/Google Drive/Documents/Projects/My Websites/Teacherpedia/4.0 CI teacherpedia 1.1/Teacherpedia/public_html/index.php(45): CodeIgniter\CodeIgniter->run()
#5 {main}
CRITICAL - 2020-07-07 10:14:17 --> Trying to get property 'resource_name' of non-object
#0 /Users/markpearson/Google Drive/Documents/Projects/My Websites/Teacherpedia/4.0 CI teacherpedia 1.1/Teacherpedia/ci4/app/Controllers/Resources.php(74): CodeIgniter\Debug\Exceptions->errorHandler(8, 'Trying to get p...', '/Users/markpear...', 74, Array)
#1 /Users/markpearson/Google Drive/Documents/Projects/My Websites/Teacherpedia/4.0 CI teacherpedia 1.1/Teacherpedia/ci4/system/CodeIgniter.php(914): App\Controllers\Resources->load()
#2 /Users/markpearson/Google Drive/Documents/Projects/My Websites/Teacherpedia/4.0 CI teacherpedia 1.1/Teacherpedia/ci4/system/CodeIgniter.php(400): CodeIgniter\CodeIgniter->runController(Object(App\Controllers\Resources))
#3 /Users/markpearson/Google Drive/Documents/Projects/My Websites/Teacherpedia/4.0 CI teacherpedia 1.1/Teacherpedia/ci4/system/CodeIgniter.php(308): CodeIgniter\CodeIgniter->handleRequest(NULL, Object(Config\Cache), false)
#4 /Users/markpearson/Google Drive/Documents/Projects/My Websites/Teacherpedia/4.0 CI teacherpedia 1.1/Teacherpedia/public_html/index.php(45): CodeIgniter\CodeIgniter->run()
#5 {main}
CRITICAL - 2020-07-07 10:14:21 --> Trying to get property 'resource_name' of non-object
#0 /Users/markpearson/Google Drive/Documents/Projects/My Websites/Teacherpedia/4.0 CI teacherpedia 1.1/Teacherpedia/ci4/app/Controllers/Resources.php(74): CodeIgniter\Debug\Exceptions->errorHandler(8, 'Trying to get p...', '/Users/markpear...', 74, Array)
#1 /Users/markpearson/Google Drive/Documents/Projects/My Websites/Teacherpedia/4.0 CI teacherpedia 1.1/Teacherpedia/ci4/system/CodeIgniter.php(914): App\Controllers\Resources->load()
#2 /Users/markpearson/Google Drive/Documents/Projects/My Websites/Teacherpedia/4.0 CI teacherpedia 1.1/Teacherpedia/ci4/system/CodeIgniter.php(400): CodeIgniter\CodeIgniter->runController(Object(App\Controllers\Resources))
#3 /Users/markpearson/Google Drive/Documents/Projects/My Websites/Teacherpedia/4.0 CI teacherpedia 1.1/Teacherpedia/ci4/system/CodeIgniter.php(308): CodeIgniter\CodeIgniter->handleRequest(NULL, Object(Config\Cache), false)
#4 /Users/markpearson/Google Drive/Documents/Projects/My Websites/Teacherpedia/4.0 CI teacherpedia 1.1/Teacherpedia/public_html/index.php(45): CodeIgniter\CodeIgniter->run()
#5 {main}
CRITICAL - 2020-07-07 10:14:35 --> include(year5table.html): failed to open stream: No such file or directory
#0 /Users/markpearson/Google Drive/Documents/Projects/My Websites/Teacherpedia/4.0 CI teacherpedia 1.1/Teacherpedia/resources/2020/06-07-90/04-33-12/index.php(18): CodeIgniter\Debug\Exceptions->errorHandler(2, 'include(year5ta...', '/Users/markpear...', 18, Array)
#1 /Users/markpearson/Google Drive/Documents/Projects/My Websites/Teacherpedia/4.0 CI teacherpedia 1.1/Teacherpedia/resources/2020/06-07-90/04-33-12/index.php(18): include()
#2 /Users/markpearson/Google Drive/Documents/Projects/My Websites/Teacherpedia/4.0 CI teacherpedia 1.1/Teacherpedia/ci4/system/View/View.php(246): include('/Users/markpear...')
#3 /Users/markpearson/Google Drive/Documents/Projects/My Websites/Teacherpedia/4.0 CI teacherpedia 1.1/Teacherpedia/ci4/system/Common.php(1087): CodeIgniter\View\View->render('../../../resour...', Array, true)
#4 /Users/markpearson/Google Drive/Documents/Projects/My Websites/Teacherpedia/4.0 CI teacherpedia 1.1/Teacherpedia/ci4/app/Controllers/Resources.php(81): view('../../../resour...', Array)
#5 /Users/markpearson/Google Drive/Documents/Projects/My Websites/Teacherpedia/4.0 CI teacherpedia 1.1/Teacherpedia/ci4/system/CodeIgniter.php(914): App\Controllers\Resources->load()
#6 /Users/markpearson/Google Drive/Documents/Projects/My Websites/Teacherpedia/4.0 CI teacherpedia 1.1/Teacherpedia/ci4/system/CodeIgniter.php(400): CodeIgniter\CodeIgniter->runController(Object(App\Controllers\Resources))
#7 /Users/markpearson/Google Drive/Documents/Projects/My Websites/Teacherpedia/4.0 CI teacherpedia 1.1/Teacherpedia/ci4/system/CodeIgniter.php(308): CodeIgniter\CodeIgniter->handleRequest(NULL, Object(Config\Cache), false)
#8 /Users/markpearson/Google Drive/Documents/Projects/My Websites/Teacherpedia/4.0 CI teacherpedia 1.1/Teacherpedia/public_html/index.php(45): CodeIgniter\CodeIgniter->run()
#9 {main}
CRITICAL - 2020-07-07 10:14:38 --> Trying to get property 'resource_name' of non-object
#0 /Users/markpearson/Google Drive/Documents/Projects/My Websites/Teacherpedia/4.0 CI teacherpedia 1.1/Teacherpedia/ci4/app/Controllers/Resources.php(74): CodeIgniter\Debug\Exceptions->errorHandler(8, 'Trying to get p...', '/Users/markpear...', 74, Array)
#1 /Users/markpearson/Google Drive/Documents/Projects/My Websites/Teacherpedia/4.0 CI teacherpedia 1.1/Teacherpedia/ci4/system/CodeIgniter.php(914): App\Controllers\Resources->load()
#2 /Users/markpearson/Google Drive/Documents/Projects/My Websites/Teacherpedia/4.0 CI teacherpedia 1.1/Teacherpedia/ci4/system/CodeIgniter.php(400): CodeIgniter\CodeIgniter->runController(Object(App\Controllers\Resources))
#3 /Users/markpearson/Google Drive/Documents/Projects/My Websites/Teacherpedia/4.0 CI teacherpedia 1.1/Teacherpedia/ci4/system/CodeIgniter.php(308): CodeIgniter\CodeIgniter->handleRequest(NULL, Object(Config\Cache), false)
#4 /Users/markpearson/Google Drive/Documents/Projects/My Websites/Teacherpedia/4.0 CI teacherpedia 1.1/Teacherpedia/public_html/index.php(45): CodeIgniter\CodeIgniter->run()
#5 {main}
CRITICAL - 2020-07-07 10:14:46 --> Trying to get property 'resource_name' of non-object
#0 /Users/markpearson/Google Drive/Documents/Projects/My Websites/Teacherpedia/4.0 CI teacherpedia 1.1/Teacherpedia/ci4/app/Controllers/Resources.php(74): CodeIgniter\Debug\Exceptions->errorHandler(8, 'Trying to get p...', '/Users/markpear...', 74, Array)
#1 /Users/markpearson/Google Drive/Documents/Projects/My Websites/Teacherpedia/4.0 CI teacherpedia 1.1/Teacherpedia/ci4/system/CodeIgniter.php(914): App\Controllers\Resources->load()
#2 /Users/markpearson/Google Drive/Documents/Projects/My Websites/Teacherpedia/4.0 CI teacherpedia 1.1/Teacherpedia/ci4/system/CodeIgniter.php(400): CodeIgniter\CodeIgniter->runController(Object(App\Controllers\Resources))
#3 /Users/markpearson/Google Drive/Documents/Projects/My Websites/Teacherpedia/4.0 CI teacherpedia 1.1/Teacherpedia/ci4/system/CodeIgniter.php(308): CodeIgniter\CodeIgniter->handleRequest(NULL, Object(Config\Cache), false)
#4 /Users/markpearson/Google Drive/Documents/Projects/My Websites/Teacherpedia/4.0 CI teacherpedia 1.1/Teacherpedia/public_html/index.php(45): CodeIgniter\CodeIgniter->run()
#5 {main}
CRITICAL - 2020-07-07 10:15:24 --> Trying to get property 'resource_name' of non-object
#0 /Users/markpearson/Google Drive/Documents/Projects/My Websites/Teacherpedia/4.0 CI teacherpedia 1.1/Teacherpedia/ci4/app/Controllers/Resources.php(74): CodeIgniter\Debug\Exceptions->errorHandler(8, 'Trying to get p...', '/Users/markpear...', 74, Array)
#1 /Users/markpearson/Google Drive/Documents/Projects/My Websites/Teacherpedia/4.0 CI teacherpedia 1.1/Teacherpedia/ci4/system/CodeIgniter.php(914): App\Controllers\Resources->load()
#2 /Users/markpearson/Google Drive/Documents/Projects/My Websites/Teacherpedia/4.0 CI teacherpedia 1.1/Teacherpedia/ci4/system/CodeIgniter.php(400): CodeIgniter\CodeIgniter->runController(Object(App\Controllers\Resources))
#3 /Users/markpearson/Google Drive/Documents/Projects/My Websites/Teacherpedia/4.0 CI teacherpedia 1.1/Teacherpedia/ci4/system/CodeIgniter.php(308): CodeIgniter\CodeIgniter->handleRequest(NULL, Object(Config\Cache), false)
#4 /Users/markpearson/Google Drive/Documents/Projects/My Websites/Teacherpedia/4.0 CI teacherpedia 1.1/Teacherpedia/public_html/index.php(45): CodeIgniter\CodeIgniter->run()
#5 {main}
CRITICAL - 2020-07-07 10:15:44 --> Trying to get property 'resource_name' of non-object
#0 /Users/markpearson/Google Drive/Documents/Projects/My Websites/Teacherpedia/4.0 CI teacherpedia 1.1/Teacherpedia/ci4/app/Controllers/Resources.php(74): CodeIgniter\Debug\Exceptions->errorHandler(8, 'Trying to get p...', '/Users/markpear...', 74, Array)
#1 /Users/markpearson/Google Drive/Documents/Projects/My Websites/Teacherpedia/4.0 CI teacherpedia 1.1/Teacherpedia/ci4/system/CodeIgniter.php(914): App\Controllers\Resources->load()
#2 /Users/markpearson/Google Drive/Documents/Projects/My Websites/Teacherpedia/4.0 CI teacherpedia 1.1/Teacherpedia/ci4/system/CodeIgniter.php(400): CodeIgniter\CodeIgniter->runController(Object(App\Controllers\Resources))
#3 /Users/markpearson/Google Drive/Documents/Projects/My Websites/Teacherpedia/4.0 CI teacherpedia 1.1/Teacherpedia/ci4/system/CodeIgniter.php(308): CodeIgniter\CodeIgniter->handleRequest(NULL, Object(Config\Cache), false)
#4 /Users/markpearson/Google Drive/Documents/Projects/My Websites/Teacherpedia/4.0 CI teacherpedia 1.1/Teacherpedia/public_html/index.php(45): CodeIgniter\CodeIgniter->run()
#5 {main}
CRITICAL - 2020-07-07 10:15:45 --> Trying to get property 'resource_name' of non-object
#0 /Users/markpearson/Google Drive/Documents/Projects/My Websites/Teacherpedia/4.0 CI teacherpedia 1.1/Teacherpedia/ci4/app/Controllers/Resources.php(74): CodeIgniter\Debug\Exceptions->errorHandler(8, 'Trying to get p...', '/Users/markpear...', 74, Array)
#1 /Users/markpearson/Google Drive/Documents/Projects/My Websites/Teacherpedia/4.0 CI teacherpedia 1.1/Teacherpedia/ci4/system/CodeIgniter.php(914): App\Controllers\Resources->load()
#2 /Users/markpearson/Google Drive/Documents/Projects/My Websites/Teacherpedia/4.0 CI teacherpedia 1.1/Teacherpedia/ci4/system/CodeIgniter.php(400): CodeIgniter\CodeIgniter->runController(Object(App\Controllers\Resources))
#3 /Users/markpearson/Google Drive/Documents/Projects/My Websites/Teacherpedia/4.0 CI teacherpedia 1.1/Teacherpedia/ci4/system/CodeIgniter.php(308): CodeIgniter\CodeIgniter->handleRequest(NULL, Object(Config\Cache), false)
#4 /Users/markpearson/Google Drive/Documents/Projects/My Websites/Teacherpedia/4.0 CI teacherpedia 1.1/Teacherpedia/public_html/index.php(45): CodeIgniter\CodeIgniter->run()
#5 {main}
CRITICAL - 2020-07-07 10:15:55 --> Trying to get property 'resource_name' of non-object
#0 /Users/markpearson/Google Drive/Documents/Projects/My Websites/Teacherpedia/4.0 CI teacherpedia 1.1/Teacherpedia/ci4/app/Controllers/Resources.php(74): CodeIgniter\Debug\Exceptions->errorHandler(8, 'Trying to get p...', '/Users/markpear...', 74, Array)
#1 /Users/markpearson/Google Drive/Documents/Projects/My Websites/Teacherpedia/4.0 CI teacherpedia 1.1/Teacherpedia/ci4/system/CodeIgniter.php(914): App\Controllers\Resources->load()
#2 /Users/markpearson/Google Drive/Documents/Projects/My Websites/Teacherpedia/4.0 CI teacherpedia 1.1/Teacherpedia/ci4/system/CodeIgniter.php(400): CodeIgniter\CodeIgniter->runController(Object(App\Controllers\Resources))
#3 /Users/markpearson/Google Drive/Documents/Projects/My Websites/Teacherpedia/4.0 CI teacherpedia 1.1/Teacherpedia/ci4/system/CodeIgniter.php(308): CodeIgniter\CodeIgniter->handleRequest(NULL, Object(Config\Cache), false)
#4 /Users/markpearson/Google Drive/Documents/Projects/My Websites/Teacherpedia/4.0 CI teacherpedia 1.1/Teacherpedia/public_html/index.php(45): CodeIgniter\CodeIgniter->run()
#5 {main}
CRITICAL - 2020-07-07 10:15:56 --> Trying to get property 'resource_name' of non-object
#0 /Users/markpearson/Google Drive/Documents/Projects/My Websites/Teacherpedia/4.0 CI teacherpedia 1.1/Teacherpedia/ci4/app/Controllers/Resources.php(74): CodeIgniter\Debug\Exceptions->errorHandler(8, 'Trying to get p...', '/Users/markpear...', 74, Array)
#1 /Users/markpearson/Google Drive/Documents/Projects/My Websites/Teacherpedia/4.0 CI teacherpedia 1.1/Teacherpedia/ci4/system/CodeIgniter.php(914): App\Controllers\Resources->load()
#2 /Users/markpearson/Google Drive/Documents/Projects/My Websites/Teacherpedia/4.0 CI teacherpedia 1.1/Teacherpedia/ci4/system/CodeIgniter.php(400): CodeIgniter\CodeIgniter->runController(Object(App\Controllers\Resources))
#3 /Users/markpearson/Google Drive/Documents/Projects/My Websites/Teacherpedia/4.0 CI teacherpedia 1.1/Teacherpedia/ci4/system/CodeIgniter.php(308): CodeIgniter\CodeIgniter->handleRequest(NULL, Object(Config\Cache), false)
#4 /Users/markpearson/Google Drive/Documents/Projects/My Websites/Teacherpedia/4.0 CI teacherpedia 1.1/Teacherpedia/public_html/index.php(45): CodeIgniter\CodeIgniter->run()
#5 {main}
CRITICAL - 2020-07-07 10:16:29 --> Trying to get property 'resource_name' of non-object
#0 /Users/markpearson/Google Drive/Documents/Projects/My Websites/Teacherpedia/4.0 CI teacherpedia 1.1/Teacherpedia/ci4/app/Controllers/Resources.php(74): CodeIgniter\Debug\Exceptions->errorHandler(8, 'Trying to get p...', '/Users/markpear...', 74, Array)
#1 /Users/markpearson/Google Drive/Documents/Projects/My Websites/Teacherpedia/4.0 CI teacherpedia 1.1/Teacherpedia/ci4/system/CodeIgniter.php(914): App\Controllers\Resources->load()
#2 /Users/markpearson/Google Drive/Documents/Projects/My Websites/Teacherpedia/4.0 CI teacherpedia 1.1/Teacherpedia/ci4/system/CodeIgniter.php(400): CodeIgniter\CodeIgniter->runController(Object(App\Controllers\Resources))
#3 /Users/markpearson/Google Drive/Documents/Projects/My Websites/Teacherpedia/4.0 CI teacherpedia 1.1/Teacherpedia/ci4/system/CodeIgniter.php(308): CodeIgniter\CodeIgniter->handleRequest(NULL, Object(Config\Cache), false)
#4 /Users/markpearson/Google Drive/Documents/Projects/My Websites/Teacherpedia/4.0 CI teacherpedia 1.1/Teacherpedia/public_html/index.php(45): CodeIgniter\CodeIgniter->run()
#5 {main}
CRITICAL - 2020-07-07 10:17:38 --> Trying to get property 'resource_name' of non-object
#0 /Users/markpearson/Google Drive/Documents/Projects/My Websites/Teacherpedia/4.0 CI teacherpedia 1.1/Teacherpedia/ci4/app/Controllers/Resources.php(74): CodeIgniter\Debug\Exceptions->errorHandler(8, 'Trying to get p...', '/Users/markpear...', 74, Array)
#1 /Users/markpearson/Google Drive/Documents/Projects/My Websites/Teacherpedia/4.0 CI teacherpedia 1.1/Teacherpedia/ci4/system/CodeIgniter.php(914): App\Controllers\Resources->load()
#2 /Users/markpearson/Google Drive/Documents/Projects/My Websites/Teacherpedia/4.0 CI teacherpedia 1.1/Teacherpedia/ci4/system/CodeIgniter.php(400): CodeIgniter\CodeIgniter->runController(Object(App\Controllers\Resources))
#3 /Users/markpearson/Google Drive/Documents/Projects/My Websites/Teacherpedia/4.0 CI teacherpedia 1.1/Teacherpedia/ci4/system/CodeIgniter.php(308): CodeIgniter\CodeIgniter->handleRequest(NULL, Object(Config\Cache), false)
#4 /Users/markpearson/Google Drive/Documents/Projects/My Websites/Teacherpedia/4.0 CI teacherpedia 1.1/Teacherpedia/public_html/index.php(45): CodeIgniter\CodeIgniter->run()
#5 {main}
CRITICAL - 2020-07-07 10:17:43 --> Trying to get property 'resource_name' of non-object
#0 /Users/markpearson/Google Drive/Documents/Projects/My Websites/Teacherpedia/4.0 CI teacherpedia 1.1/Teacherpedia/ci4/app/Controllers/Resources.php(74): CodeIgniter\Debug\Exceptions->errorHandler(8, 'Trying to get p...', '/Users/markpear...', 74, Array)
#1 /Users/markpearson/Google Drive/Documents/Projects/My Websites/Teacherpedia/4.0 CI teacherpedia 1.1/Teacherpedia/ci4/system/CodeIgniter.php(914): App\Controllers\Resources->load()
#2 /Users/markpearson/Google Drive/Documents/Projects/My Websites/Teacherpedia/4.0 CI teacherpedia 1.1/Teacherpedia/ci4/system/CodeIgniter.php(400): CodeIgniter\CodeIgniter->runController(Object(App\Controllers\Resources))
#3 /Users/markpearson/Google Drive/Documents/Projects/My Websites/Teacherpedia/4.0 CI teacherpedia 1.1/Teacherpedia/ci4/system/CodeIgniter.php(308): CodeIgniter\CodeIgniter->handleRequest(NULL, Object(Config\Cache), false)
#4 /Users/markpearson/Google Drive/Documents/Projects/My Websites/Teacherpedia/4.0 CI teacherpedia 1.1/Teacherpedia/public_html/index.php(45): CodeIgniter\CodeIgniter->run()
#5 {main}
CRITICAL - 2020-07-07 10:18:13 --> Trying to get property 'resource_name' of non-object
#0 /Users/markpearson/Google Drive/Documents/Projects/My Websites/Teacherpedia/4.0 CI teacherpedia 1.1/Teacherpedia/ci4/app/Controllers/Resources.php(74): CodeIgniter\Debug\Exceptions->errorHandler(8, 'Trying to get p...', '/Users/markpear...', 74, Array)
#1 /Users/markpearson/Google Drive/Documents/Projects/My Websites/Teacherpedia/4.0 CI teacherpedia 1.1/Teacherpedia/ci4/system/CodeIgniter.php(914): App\Controllers\Resources->load()
#2 /Users/markpearson/Google Drive/Documents/Projects/My Websites/Teacherpedia/4.0 CI teacherpedia 1.1/Teacherpedia/ci4/system/CodeIgniter.php(400): CodeIgniter\CodeIgniter->runController(Object(App\Controllers\Resources))
#3 /Users/markpearson/Google Drive/Documents/Projects/My Websites/Teacherpedia/4.0 CI teacherpedia 1.1/Teacherpedia/ci4/system/CodeIgniter.php(308): CodeIgniter\CodeIgniter->handleRequest(NULL, Object(Config\Cache), false)
#4 /Users/markpearson/Google Drive/Documents/Projects/My Websites/Teacherpedia/4.0 CI teacherpedia 1.1/Teacherpedia/public_html/index.php(45): CodeIgniter\CodeIgniter->run()
#5 {main}
CRITICAL - 2020-07-07 10:18:19 --> Trying to get property 'resource_name' of non-object
#0 /Users/markpearson/Google Drive/Documents/Projects/My Websites/Teacherpedia/4.0 CI teacherpedia 1.1/Teacherpedia/ci4/app/Controllers/Resources.php(74): CodeIgniter\Debug\Exceptions->errorHandler(8, 'Trying to get p...', '/Users/markpear...', 74, Array)
#1 /Users/markpearson/Google Drive/Documents/Projects/My Websites/Teacherpedia/4.0 CI teacherpedia 1.1/Teacherpedia/ci4/system/CodeIgniter.php(914): App\Controllers\Resources->load()
#2 /Users/markpearson/Google Drive/Documents/Projects/My Websites/Teacherpedia/4.0 CI teacherpedia 1.1/Teacherpedia/ci4/system/CodeIgniter.php(400): CodeIgniter\CodeIgniter->runController(Object(App\Controllers\Resources))
#3 /Users/markpearson/Google Drive/Documents/Projects/My Websites/Teacherpedia/4.0 CI teacherpedia 1.1/Teacherpedia/ci4/system/CodeIgniter.php(308): CodeIgniter\CodeIgniter->handleRequest(NULL, Object(Config\Cache), false)
#4 /Users/markpearson/Google Drive/Documents/Projects/My Websites/Teacherpedia/4.0 CI teacherpedia 1.1/Teacherpedia/public_html/index.php(45): CodeIgniter\CodeIgniter->run()
#5 {main}
CRITICAL - 2020-07-07 10:18:58 --> Trying to get property 'resource_name' of non-object
#0 /Users/markpearson/Google Drive/Documents/Projects/My Websites/Teacherpedia/4.0 CI teacherpedia 1.1/Teacherpedia/ci4/app/Controllers/Resources.php(74): CodeIgniter\Debug\Exceptions->errorHandler(8, 'Trying to get p...', '/Users/markpear...', 74, Array)
#1 /Users/markpearson/Google Drive/Documents/Projects/My Websites/Teacherpedia/4.0 CI teacherpedia 1.1/Teacherpedia/ci4/system/CodeIgniter.php(914): App\Controllers\Resources->load()
#2 /Users/markpearson/Google Drive/Documents/Projects/My Websites/Teacherpedia/4.0 CI teacherpedia 1.1/Teacherpedia/ci4/system/CodeIgniter.php(400): CodeIgniter\CodeIgniter->runController(Object(App\Controllers\Resources))
#3 /Users/markpearson/Google Drive/Documents/Projects/My Websites/Teacherpedia/4.0 CI teacherpedia 1.1/Teacherpedia/ci4/system/CodeIgniter.php(308): CodeIgniter\CodeIgniter->handleRequest(NULL, Object(Config\Cache), false)
#4 /Users/markpearson/Google Drive/Documents/Projects/My Websites/Teacherpedia/4.0 CI teacherpedia 1.1/Teacherpedia/public_html/index.php(45): CodeIgniter\CodeIgniter->run()
#5 {main}
CRITICAL - 2020-07-07 10:19:01 --> Trying to get property 'resource_name' of non-object
#0 /Users/markpearson/Google Drive/Documents/Projects/My Websites/Teacherpedia/4.0 CI teacherpedia 1.1/Teacherpedia/ci4/app/Controllers/Resources.php(74): CodeIgniter\Debug\Exceptions->errorHandler(8, 'Trying to get p...', '/Users/markpear...', 74, Array)
#1 /Users/markpearson/Google Drive/Documents/Projects/My Websites/Teacherpedia/4.0 CI teacherpedia 1.1/Teacherpedia/ci4/system/CodeIgniter.php(914): App\Controllers\Resources->load()
#2 /Users/markpearson/Google Drive/Documents/Projects/My Websites/Teacherpedia/4.0 CI teacherpedia 1.1/Teacherpedia/ci4/system/CodeIgniter.php(400): CodeIgniter\CodeIgniter->runController(Object(App\Controllers\Resources))
#3 /Users/markpearson/Google Drive/Documents/Projects/My Websites/Teacherpedia/4.0 CI teacherpedia 1.1/Teacherpedia/ci4/system/CodeIgniter.php(308): CodeIgniter\CodeIgniter->handleRequest(NULL, Object(Config\Cache), false)
#4 /Users/markpearson/Google Drive/Documents/Projects/My Websites/Teacherpedia/4.0 CI teacherpedia 1.1/Teacherpedia/public_html/index.php(45): CodeIgniter\CodeIgniter->run()
#5 {main}
CRITICAL - 2020-07-07 10:19:52 --> Undefined variable: id
#0 /Users/markpearson/Google Drive/Documents/Projects/My Websites/Teacherpedia/4.0 CI teacherpedia 1.1/Teacherpedia/ci4/app/Controllers/Resources.php(80): CodeIgniter\Debug\Exceptions->errorHandler(8, 'Undefined varia...', '/Users/markpear...', 80, Array)
#1 /Users/markpearson/Google Drive/Documents/Projects/My Websites/Teacherpedia/4.0 CI teacherpedia 1.1/Teacherpedia/ci4/system/CodeIgniter.php(914): App\Controllers\Resources->load()
#2 /Users/markpearson/Google Drive/Documents/Projects/My Websites/Teacherpedia/4.0 CI teacherpedia 1.1/Teacherpedia/ci4/system/CodeIgniter.php(400): CodeIgniter\CodeIgniter->runController(Object(App\Controllers\Resources))
#3 /Users/markpearson/Google Drive/Documents/Projects/My Websites/Teacherpedia/4.0 CI teacherpedia 1.1/Teacherpedia/ci4/system/CodeIgniter.php(308): CodeIgniter\CodeIgniter->handleRequest(NULL, Object(Config\Cache), false)
#4 /Users/markpearson/Google Drive/Documents/Projects/My Websites/Teacherpedia/4.0 CI teacherpedia 1.1/Teacherpedia/public_html/index.php(45): CodeIgniter\CodeIgniter->run()
#5 {main}
CRITICAL - 2020-07-07 10:19:52 --> Undefined variable: id
#0 /Users/markpearson/Google Drive/Documents/Projects/My Websites/Teacherpedia/4.0 CI teacherpedia 1.1/Teacherpedia/ci4/app/Controllers/Resources.php(80): CodeIgniter\Debug\Exceptions->errorHandler(8, 'Undefined varia...', '/Users/markpear...', 80, Array)
#1 /Users/markpearson/Google Drive/Documents/Projects/My Websites/Teacherpedia/4.0 CI teacherpedia 1.1/Teacherpedia/ci4/system/CodeIgniter.php(914): App\Controllers\Resources->load()
#2 /Users/markpearson/Google Drive/Documents/Projects/My Websites/Teacherpedia/4.0 CI teacherpedia 1.1/Teacherpedia/ci4/system/CodeIgniter.php(400): CodeIgniter\CodeIgniter->runController(Object(App\Controllers\Resources))
#3 /Users/markpearson/Google Drive/Documents/Projects/My Websites/Teacherpedia/4.0 CI teacherpedia 1.1/Teacherpedia/ci4/system/CodeIgniter.php(308): CodeIgniter\CodeIgniter->handleRequest(NULL, Object(Config\Cache), false)
#4 /Users/markpearson/Google Drive/Documents/Projects/My Websites/Teacherpedia/4.0 CI teacherpedia 1.1/Teacherpedia/public_html/index.php(45): CodeIgniter\CodeIgniter->run()
#5 {main}
CRITICAL - 2020-07-07 10:20:33 --> Trying to get property 'resource_name' of non-object
#0 /Users/markpearson/Google Drive/Documents/Projects/My Websites/Teacherpedia/4.0 CI teacherpedia 1.1/Teacherpedia/ci4/app/Controllers/Resources.php(74): CodeIgniter\Debug\Exceptions->errorHandler(8, 'Trying to get p...', '/Users/markpear...', 74, Array)
#1 /Users/markpearson/Google Drive/Documents/Projects/My Websites/Teacherpedia/4.0 CI teacherpedia 1.1/Teacherpedia/ci4/system/CodeIgniter.php(914): App\Controllers\Resources->load()
#2 /Users/markpearson/Google Drive/Documents/Projects/My Websites/Teacherpedia/4.0 CI teacherpedia 1.1/Teacherpedia/ci4/system/CodeIgniter.php(400): CodeIgniter\CodeIgniter->runController(Object(App\Controllers\Resources))
#3 /Users/markpearson/Google Drive/Documents/Projects/My Websites/Teacherpedia/4.0 CI teacherpedia 1.1/Teacherpedia/ci4/system/CodeIgniter.php(308): CodeIgniter\CodeIgniter->handleRequest(NULL, Object(Config\Cache), false)
#4 /Users/markpearson/Google Drive/Documents/Projects/My Websites/Teacherpedia/4.0 CI teacherpedia 1.1/Teacherpedia/public_html/index.php(45): CodeIgniter\CodeIgniter->run()
#5 {main}
CRITICAL - 2020-07-07 10:20:52 --> Trying to get property 'resource_name' of non-object
#0 /Users/markpearson/Google Drive/Documents/Projects/My Websites/Teacherpedia/4.0 CI teacherpedia 1.1/Teacherpedia/ci4/app/Controllers/Resources.php(74): CodeIgniter\Debug\Exceptions->errorHandler(8, 'Trying to get p...', '/Users/markpear...', 74, Array)
#1 /Users/markpearson/Google Drive/Documents/Projects/My Websites/Teacherpedia/4.0 CI teacherpedia 1.1/Teacherpedia/ci4/system/CodeIgniter.php(914): App\Controllers\Resources->load()
#2 /Users/markpearson/Google Drive/Documents/Projects/My Websites/Teacherpedia/4.0 CI teacherpedia 1.1/Teacherpedia/ci4/system/CodeIgniter.php(400): CodeIgniter\CodeIgniter->runController(Object(App\Controllers\Resources))
#3 /Users/markpearson/Google Drive/Documents/Projects/My Websites/Teacherpedia/4.0 CI teacherpedia 1.1/Teacherpedia/ci4/system/CodeIgniter.php(308): CodeIgniter\CodeIgniter->handleRequest(NULL, Object(Config\Cache), false)
#4 /Users/markpearson/Google Drive/Documents/Projects/My Websites/Teacherpedia/4.0 CI teacherpedia 1.1/Teacherpedia/public_html/index.php(45): CodeIgniter\CodeIgniter->run()
#5 {main}
CRITICAL - 2020-07-07 10:20:53 --> Trying to get property 'resource_name' of non-object
#0 /Users/markpearson/Google Drive/Documents/Projects/My Websites/Teacherpedia/4.0 CI teacherpedia 1.1/Teacherpedia/ci4/app/Controllers/Resources.php(74): CodeIgniter\Debug\Exceptions->errorHandler(8, 'Trying to get p...', '/Users/markpear...', 74, Array)
#1 /Users/markpearson/Google Drive/Documents/Projects/My Websites/Teacherpedia/4.0 CI teacherpedia 1.1/Teacherpedia/ci4/system/CodeIgniter.php(914): App\Controllers\Resources->load()
#2 /Users/markpearson/Google Drive/Documents/Projects/My Websites/Teacherpedia/4.0 CI teacherpedia 1.1/Teacherpedia/ci4/system/CodeIgniter.php(400): CodeIgniter\CodeIgniter->runController(Object(App\Controllers\Resources))
#3 /Users/markpearson/Google Drive/Documents/Projects/My Websites/Teacherpedia/4.0 CI teacherpedia 1.1/Teacherpedia/ci4/system/CodeIgniter.php(308): CodeIgniter\CodeIgniter->handleRequest(NULL, Object(Config\Cache), false)
#4 /Users/markpearson/Google Drive/Documents/Projects/My Websites/Teacherpedia/4.0 CI teacherpedia 1.1/Teacherpedia/public_html/index.php(45): CodeIgniter\CodeIgniter->run()
#5 {main}
CRITICAL - 2020-07-07 10:20:54 --> Trying to get property 'link' of non-object
#0 /Users/markpearson/Google Drive/Documents/Projects/My Websites/Teacherpedia/4.0 CI teacherpedia 1.1/Teacherpedia/ci4/app/Controllers/Resources.php(97): CodeIgniter\Debug\Exceptions->errorHandler(8, 'Trying to get p...', '/Users/markpear...', 97, Array)
#1 /Users/markpearson/Google Drive/Documents/Projects/My Websites/Teacherpedia/4.0 CI teacherpedia 1.1/Teacherpedia/ci4/system/CodeIgniter.php(914): App\Controllers\Resources->loadSheet('615')
#2 /Users/markpearson/Google Drive/Documents/Projects/My Websites/Teacherpedia/4.0 CI teacherpedia 1.1/Teacherpedia/ci4/system/CodeIgniter.php(400): CodeIgniter\CodeIgniter->runController(Object(App\Controllers\Resources))
#3 /Users/markpearson/Google Drive/Documents/Projects/My Websites/Teacherpedia/4.0 CI teacherpedia 1.1/Teacherpedia/ci4/system/CodeIgniter.php(308): CodeIgniter\CodeIgniter->handleRequest(NULL, Object(Config\Cache), false)
#4 /Users/markpearson/Google Drive/Documents/Projects/My Websites/Teacherpedia/4.0 CI teacherpedia 1.1/Teacherpedia/public_html/index.php(45): CodeIgniter\CodeIgniter->run()
#5 {main}
CRITICAL - 2020-07-07 10:20:57 --> Trying to get property 'resource_name' of non-object
#0 /Users/markpearson/Google Drive/Documents/Projects/My Websites/Teacherpedia/4.0 CI teacherpedia 1.1/Teacherpedia/ci4/app/Controllers/Resources.php(74): CodeIgniter\Debug\Exceptions->errorHandler(8, 'Trying to get p...', '/Users/markpear...', 74, Array)
#1 /Users/markpearson/Google Drive/Documents/Projects/My Websites/Teacherpedia/4.0 CI teacherpedia 1.1/Teacherpedia/ci4/system/CodeIgniter.php(914): App\Controllers\Resources->load()
#2 /Users/markpearson/Google Drive/Documents/Projects/My Websites/Teacherpedia/4.0 CI teacherpedia 1.1/Teacherpedia/ci4/system/CodeIgniter.php(400): CodeIgniter\CodeIgniter->runController(Object(App\Controllers\Resources))
#3 /Users/markpearson/Google Drive/Documents/Projects/My Websites/Teacherpedia/4.0 CI teacherpedia 1.1/Teacherpedia/ci4/system/CodeIgniter.php(308): CodeIgniter\CodeIgniter->handleRequest(NULL, Object(Config\Cache), false)
#4 /Users/markpearson/Google Drive/Documents/Projects/My Websites/Teacherpedia/4.0 CI teacherpedia 1.1/Teacherpedia/public_html/index.php(45): CodeIgniter\CodeIgniter->run()
#5 {main}
CRITICAL - 2020-07-07 10:20:59 --> Trying to get property 'link' of non-object
#0 /Users/markpearson/Google Drive/Documents/Projects/My Websites/Teacherpedia/4.0 CI teacherpedia 1.1/Teacherpedia/ci4/app/Controllers/Resources.php(97): CodeIgniter\Debug\Exceptions->errorHandler(8, 'Trying to get p...', '/Users/markpear...', 97, Array)
#1 /Users/markpearson/Google Drive/Documents/Projects/My Websites/Teacherpedia/4.0 CI teacherpedia 1.1/Teacherpedia/ci4/system/CodeIgniter.php(914): App\Controllers\Resources->loadSheet('615')
#2 /Users/markpearson/Google Drive/Documents/Projects/My Websites/Teacherpedia/4.0 CI teacherpedia 1.1/Teacherpedia/ci4/system/CodeIgniter.php(400): CodeIgniter\CodeIgniter->runController(Object(App\Controllers\Resources))
#3 /Users/markpearson/Google Drive/Documents/Projects/My Websites/Teacherpedia/4.0 CI teacherpedia 1.1/Teacherpedia/ci4/system/CodeIgniter.php(308): CodeIgniter\CodeIgniter->handleRequest(NULL, Object(Config\Cache), false)
#4 /Users/markpearson/Google Drive/Documents/Projects/My Websites/Teacherpedia/4.0 CI teacherpedia 1.1/Teacherpedia/public_html/index.php(45): CodeIgniter\CodeIgniter->run()
#5 {main}
CRITICAL - 2020-07-07 10:22:02 --> Trying to get property 'link' of non-object
#0 /Users/markpearson/Google Drive/Documents/Projects/My Websites/Teacherpedia/4.0 CI teacherpedia 1.1/Teacherpedia/ci4/app/Controllers/Resources.php(98): CodeIgniter\Debug\Exceptions->errorHandler(8, 'Trying to get p...', '/Users/markpear...', 98, Array)
#1 /Users/markpearson/Google Drive/Documents/Projects/My Websites/Teacherpedia/4.0 CI teacherpedia 1.1/Teacherpedia/ci4/system/CodeIgniter.php(914): App\Controllers\Resources->loadSheet('615')
#2 /Users/markpearson/Google Drive/Documents/Projects/My Websites/Teacherpedia/4.0 CI teacherpedia 1.1/Teacherpedia/ci4/system/CodeIgniter.php(400): CodeIgniter\CodeIgniter->runController(Object(App\Controllers\Resources))
#3 /Users/markpearson/Google Drive/Documents/Projects/My Websites/Teacherpedia/4.0 CI teacherpedia 1.1/Teacherpedia/ci4/system/CodeIgniter.php(308): CodeIgniter\CodeIgniter->handleRequest(NULL, Object(Config\Cache), false)
#4 /Users/markpearson/Google Drive/Documents/Projects/My Websites/Teacherpedia/4.0 CI teacherpedia 1.1/Teacherpedia/public_html/index.php(45): CodeIgniter\CodeIgniter->run()
#5 {main}
CRITICAL - 2020-07-07 10:22:36 --> Trying to get property 'resource_name' of non-object
#0 /Users/markpearson/Google Drive/Documents/Projects/My Websites/Teacherpedia/4.0 CI teacherpedia 1.1/Teacherpedia/ci4/app/Controllers/Resources.php(74): CodeIgniter\Debug\Exceptions->errorHandler(8, 'Trying to get p...', '/Users/markpear...', 74, Array)
#1 /Users/markpearson/Google Drive/Documents/Projects/My Websites/Teacherpedia/4.0 CI teacherpedia 1.1/Teacherpedia/ci4/system/CodeIgniter.php(914): App\Controllers\Resources->load()
#2 /Users/markpearson/Google Drive/Documents/Projects/My Websites/Teacherpedia/4.0 CI teacherpedia 1.1/Teacherpedia/ci4/system/CodeIgniter.php(400): CodeIgniter\CodeIgniter->runController(Object(App\Controllers\Resources))
#3 /Users/markpearson/Google Drive/Documents/Projects/My Websites/Teacherpedia/4.0 CI teacherpedia 1.1/Teacherpedia/ci4/system/CodeIgniter.php(308): CodeIgniter\CodeIgniter->handleRequest(NULL, Object(Config\Cache), false)
#4 /Users/markpearson/Google Drive/Documents/Projects/My Websites/Teacherpedia/4.0 CI teacherpedia 1.1/Teacherpedia/public_html/index.php(45): CodeIgniter\CodeIgniter->run()
#5 {main}
CRITICAL - 2020-07-07 10:22:38 --> Trying to get property 'link' of non-object
#0 /Users/markpearson/Google Drive/Documents/Projects/My Websites/Teacherpedia/4.0 CI teacherpedia 1.1/Teacherpedia/ci4/app/Controllers/Resources.php(98): CodeIgniter\Debug\Exceptions->errorHandler(8, 'Trying to get p...', '/Users/markpear...', 98, Array)
#1 /Users/markpearson/Google Drive/Documents/Projects/My Websites/Teacherpedia/4.0 CI teacherpedia 1.1/Teacherpedia/ci4/system/CodeIgniter.php(914): App\Controllers\Resources->loadSheet('615')
#2 /Users/markpearson/Google Drive/Documents/Projects/My Websites/Teacherpedia/4.0 CI teacherpedia 1.1/Teacherpedia/ci4/system/CodeIgniter.php(400): CodeIgniter\CodeIgniter->runController(Object(App\Controllers\Resources))
#3 /Users/markpearson/Google Drive/Documents/Projects/My Websites/Teacherpedia/4.0 CI teacherpedia 1.1/Teacherpedia/ci4/system/CodeIgniter.php(308): CodeIgniter\CodeIgniter->handleRequest(NULL, Object(Config\Cache), false)
#4 /Users/markpearson/Google Drive/Documents/Projects/My Websites/Teacherpedia/4.0 CI teacherpedia 1.1/Teacherpedia/public_html/index.php(45): CodeIgniter\CodeIgniter->run()
#5 {main}
CRITICAL - 2020-07-07 10:24:04 --> Trying to get property 'resource_name' of non-object
#0 /Users/markpearson/Google Drive/Documents/Projects/My Websites/Teacherpedia/4.0 CI teacherpedia 1.1/Teacherpedia/ci4/app/Controllers/Resources.php(74): CodeIgniter\Debug\Exceptions->errorHandler(8, 'Trying to get p...', '/Users/markpear...', 74, Array)
#1 /Users/markpearson/Google Drive/Documents/Projects/My Websites/Teacherpedia/4.0 CI teacherpedia 1.1/Teacherpedia/ci4/system/CodeIgniter.php(914): App\Controllers\Resources->load()
#2 /Users/markpearson/Google Drive/Documents/Projects/My Websites/Teacherpedia/4.0 CI teacherpedia 1.1/Teacherpedia/ci4/system/CodeIgniter.php(400): CodeIgniter\CodeIgniter->runController(Object(App\Controllers\Resources))
#3 /Users/markpearson/Google Drive/Documents/Projects/My Websites/Teacherpedia/4.0 CI teacherpedia 1.1/Teacherpedia/ci4/system/CodeIgniter.php(308): CodeIgniter\CodeIgniter->handleRequest(NULL, Object(Config\Cache), false)
#4 /Users/markpearson/Google Drive/Documents/Projects/My Websites/Teacherpedia/4.0 CI teacherpedia 1.1/Teacherpedia/public_html/index.php(45): CodeIgniter\CodeIgniter->run()
#5 {main}
CRITICAL - 2020-07-07 10:24:08 --> Trying to get property 'resource_name' of non-object
#0 /Users/markpearson/Google Drive/Documents/Projects/My Websites/Teacherpedia/4.0 CI teacherpedia 1.1/Teacherpedia/ci4/app/Controllers/Resources.php(74): CodeIgniter\Debug\Exceptions->errorHandler(8, 'Trying to get p...', '/Users/markpear...', 74, Array)
#1 /Users/markpearson/Google Drive/Documents/Projects/My Websites/Teacherpedia/4.0 CI teacherpedia 1.1/Teacherpedia/ci4/system/CodeIgniter.php(914): App\Controllers\Resources->load()
#2 /Users/markpearson/Google Drive/Documents/Projects/My Websites/Teacherpedia/4.0 CI teacherpedia 1.1/Teacherpedia/ci4/system/CodeIgniter.php(400): CodeIgniter\CodeIgniter->runController(Object(App\Controllers\Resources))
#3 /Users/markpearson/Google Drive/Documents/Projects/My Websites/Teacherpedia/4.0 CI teacherpedia 1.1/Teacherpedia/ci4/system/CodeIgniter.php(308): CodeIgniter\CodeIgniter->handleRequest(NULL, Object(Config\Cache), false)
#4 /Users/markpearson/Google Drive/Documents/Projects/My Websites/Teacherpedia/4.0 CI teacherpedia 1.1/Teacherpedia/public_html/index.php(45): CodeIgniter\CodeIgniter->run()
#5 {main}
CRITICAL - 2020-07-07 10:24:27 --> Trying to get property 'resource_name' of non-object
#0 /Users/markpearson/Google Drive/Documents/Projects/My Websites/Teacherpedia/4.0 CI teacherpedia 1.1/Teacherpedia/ci4/app/Controllers/Resources.php(74): CodeIgniter\Debug\Exceptions->errorHandler(8, 'Trying to get p...', '/Users/markpear...', 74, Array)
#1 /Users/markpearson/Google Drive/Documents/Projects/My Websites/Teacherpedia/4.0 CI teacherpedia 1.1/Teacherpedia/ci4/system/CodeIgniter.php(914): App\Controllers\Resources->load()
#2 /Users/markpearson/Google Drive/Documents/Projects/My Websites/Teacherpedia/4.0 CI teacherpedia 1.1/Teacherpedia/ci4/system/CodeIgniter.php(400): CodeIgniter\CodeIgniter->runController(Object(App\Controllers\Resources))
#3 /Users/markpearson/Google Drive/Documents/Projects/My Websites/Teacherpedia/4.0 CI teacherpedia 1.1/Teacherpedia/ci4/system/CodeIgniter.php(308): CodeIgniter\CodeIgniter->handleRequest(NULL, Object(Config\Cache), false)
#4 /Users/markpearson/Google Drive/Documents/Projects/My Websites/Teacherpedia/4.0 CI teacherpedia 1.1/Teacherpedia/public_html/index.php(45): CodeIgniter\CodeIgniter->run()
#5 {main}
CRITICAL - 2020-07-07 10:28:48 --> Invalid file: resources/numeracy.php
#0 /Users/markpearson/Google Drive/Documents/Projects/My Websites/Teacherpedia/4.0 CI teacherpedia 1.1/Teacherpedia/ci4/system/View/View.php(228): CodeIgniter\Exceptions\FrameworkException::forInvalidFile('resources/numer...')
#1 /Users/markpearson/Google Drive/Documents/Projects/My Websites/Teacherpedia/4.0 CI teacherpedia 1.1/Teacherpedia/ci4/system/Common.php(1087): CodeIgniter\View\View->render('resources/numer...', Array, true)
#2 /Users/markpearson/Google Drive/Documents/Projects/My Websites/Teacherpedia/4.0 CI teacherpedia 1.1/Teacherpedia/ci4/app/Controllers/Resources.php(21): view('resources/numer...', Array)
#3 /Users/markpearson/Google Drive/Documents/Projects/My Websites/Teacherpedia/4.0 CI teacherpedia 1.1/Teacherpedia/ci4/system/CodeIgniter.php(914): App\Controllers\Resources->view('numeracy')
#4 /Users/markpearson/Google Drive/Documents/Projects/My Websites/Teacherpedia/4.0 CI teacherpedia 1.1/Teacherpedia/ci4/system/CodeIgniter.php(400): CodeIgniter\CodeIgniter->runController(Object(App\Controllers\Resources))
#5 /Users/markpearson/Google Drive/Documents/Projects/My Websites/Teacherpedia/4.0 CI teacherpedia 1.1/Teacherpedia/ci4/system/CodeIgniter.php(308): CodeIgniter\CodeIgniter->handleRequest(NULL, Object(Config\Cache), false)
#6 /Users/markpearson/Google Drive/Documents/Projects/My Websites/Teacherpedia/4.0 CI teacherpedia 1.1/Teacherpedia/public_html/index.php(45): CodeIgniter\CodeIgniter->run()
#7 {main}
CRITICAL - 2020-07-07 10:29:46 --> Invalid file: resources/keystage2-ks2.php
#0 /Users/markpearson/Google Drive/Documents/Projects/My Websites/Teacherpedia/4.0 CI teacherpedia 1.1/Teacherpedia/ci4/system/View/View.php(228): CodeIgniter\Exceptions\FrameworkException::forInvalidFile('resources/keyst...')
#1 /Users/markpearson/Google Drive/Documents/Projects/My Websites/Teacherpedia/4.0 CI teacherpedia 1.1/Teacherpedia/ci4/system/Common.php(1087): CodeIgniter\View\View->render('resources/keyst...', Array, true)
#2 /Users/markpearson/Google Drive/Documents/Projects/My Websites/Teacherpedia/4.0 CI teacherpedia 1.1/Teacherpedia/ci4/app/Controllers/Resources.php(21): view('resources/keyst...', Array)
#3 /Users/markpearson/Google Drive/Documents/Projects/My Websites/Teacherpedia/4.0 CI teacherpedia 1.1/Teacherpedia/ci4/system/CodeIgniter.php(914): App\Controllers\Resources->view('keystage2-ks2', 'numeracy')
#4 /Users/markpearson/Google Drive/Documents/Projects/My Websites/Teacherpedia/4.0 CI teacherpedia 1.1/Teacherpedia/ci4/system/CodeIgniter.php(400): CodeIgniter\CodeIgniter->runController(Object(App\Controllers\Resources))
#5 /Users/markpearson/Google Drive/Documents/Projects/My Websites/Teacherpedia/4.0 CI teacherpedia 1.1/Teacherpedia/ci4/system/CodeIgniter.php(308): CodeIgniter\CodeIgniter->handleRequest(NULL, Object(Config\Cache), false)
#6 /Users/markpearson/Google Drive/Documents/Projects/My Websites/Teacherpedia/4.0 CI teacherpedia 1.1/Teacherpedia/public_html/index.php(45): CodeIgniter\CodeIgniter->run()
#7 {main}
CRITICAL - 2020-07-07 10:31:11 --> Invalid file: resources/keystage2-ks2.php
#0 /Users/markpearson/Google Drive/Documents/Projects/My Websites/Teacherpedia/4.0 CI teacherpedia 1.1/Teacherpedia/ci4/system/View/View.php(228): CodeIgniter\Exceptions\FrameworkException::forInvalidFile('resources/keyst...')
#1 /Users/markpearson/Google Drive/Documents/Projects/My Websites/Teacherpedia/4.0 CI teacherpedia 1.1/Teacherpedia/ci4/system/Common.php(1087): CodeIgniter\View\View->render('resources/keyst...', Array, true)
#2 /Users/markpearson/Google Drive/Documents/Projects/My Websites/Teacherpedia/4.0 CI teacherpedia 1.1/Teacherpedia/ci4/app/Controllers/Resources.php(21): view('resources/keyst...', Array)
#3 /Users/markpearson/Google Drive/Documents/Projects/My Websites/Teacherpedia/4.0 CI teacherpedia 1.1/Teacherpedia/ci4/system/CodeIgniter.php(914): App\Controllers\Resources->view('keystage2-ks2', 'numeracy')
#4 /Users/markpearson/Google Drive/Documents/Projects/My Websites/Teacherpedia/4.0 CI teacherpedia 1.1/Teacherpedia/ci4/system/CodeIgniter.php(400): CodeIgniter\CodeIgniter->runController(Object(App\Controllers\Resources))
#5 /Users/markpearson/Google Drive/Documents/Projects/My Websites/Teacherpedia/4.0 CI teacherpedia 1.1/Teacherpedia/ci4/system/CodeIgniter.php(308): CodeIgniter\CodeIgniter->handleRequest(NULL, Object(Config\Cache), false)
#6 /Users/markpearson/Google Drive/Documents/Projects/My Websites/Teacherpedia/4.0 CI teacherpedia 1.1/Teacherpedia/public_html/index.php(45): CodeIgniter\CodeIgniter->run()
#7 {main}
CRITICAL - 2020-07-07 10:31:42 --> Invalid file: resources/keystage2-ks2.php
#0 /Users/markpearson/Google Drive/Documents/Projects/My Websites/Teacherpedia/4.0 CI teacherpedia 1.1/Teacherpedia/ci4/system/View/View.php(228): CodeIgniter\Exceptions\FrameworkException::forInvalidFile('resources/keyst...')
#1 /Users/markpearson/Google Drive/Documents/Projects/My Websites/Teacherpedia/4.0 CI teacherpedia 1.1/Teacherpedia/ci4/system/Common.php(1087): CodeIgniter\View\View->render('resources/keyst...', Array, true)
#2 /Users/markpearson/Google Drive/Documents/Projects/My Websites/Teacherpedia/4.0 CI teacherpedia 1.1/Teacherpedia/ci4/app/Controllers/Resources.php(21): view('resources/keyst...', Array)
#3 /Users/markpearson/Google Drive/Documents/Projects/My Websites/Teacherpedia/4.0 CI teacherpedia 1.1/Teacherpedia/ci4/system/CodeIgniter.php(914): App\Controllers\Resources->view('keystage2-ks2', 'numeracy')
#4 /Users/markpearson/Google Drive/Documents/Projects/My Websites/Teacherpedia/4.0 CI teacherpedia 1.1/Teacherpedia/ci4/system/CodeIgniter.php(400): CodeIgniter\CodeIgniter->runController(Object(App\Controllers\Resources))
#5 /Users/markpearson/Google Drive/Documents/Projects/My Websites/Teacherpedia/4.0 CI teacherpedia 1.1/Teacherpedia/ci4/system/CodeIgniter.php(308): CodeIgniter\CodeIgniter->handleRequest(NULL, Object(Config\Cache), false)
#6 /Users/markpearson/Google Drive/Documents/Projects/My Websites/Teacherpedia/4.0 CI teacherpedia 1.1/Teacherpedia/public_html/index.php(45): CodeIgniter\CodeIgniter->run()
#7 {main}
CRITICAL - 2020-07-07 10:31:46 --> Invalid file: resources/keystage2-ks2.php
#0 /Users/markpearson/Google Drive/Documents/Projects/My Websites/Teacherpedia/4.0 CI teacherpedia 1.1/Teacherpedia/ci4/system/View/View.php(228): CodeIgniter\Exceptions\FrameworkException::forInvalidFile('resources/keyst...')
#1 /Users/markpearson/Google Drive/Documents/Projects/My Websites/Teacherpedia/4.0 CI teacherpedia 1.1/Teacherpedia/ci4/system/Common.php(1087): CodeIgniter\View\View->render('resources/keyst...', Array, true)
#2 /Users/markpearson/Google Drive/Documents/Projects/My Websites/Teacherpedia/4.0 CI teacherpedia 1.1/Teacherpedia/ci4/app/Controllers/Resources.php(21): view('resources/keyst...', Array)
#3 /Users/markpearson/Google Drive/Documents/Projects/My Websites/Teacherpedia/4.0 CI teacherpedia 1.1/Teacherpedia/ci4/system/CodeIgniter.php(914): App\Controllers\Resources->view('keystage2-ks2', 'numeracy')
#4 /Users/markpearson/Google Drive/Documents/Projects/My Websites/Teacherpedia/4.0 CI teacherpedia 1.1/Teacherpedia/ci4/system/CodeIgniter.php(400): CodeIgniter\CodeIgniter->runController(Object(App\Controllers\Resources))
#5 /Users/markpearson/Google Drive/Documents/Projects/My Websites/Teacherpedia/4.0 CI teacherpedia 1.1/Teacherpedia/ci4/system/CodeIgniter.php(308): CodeIgniter\CodeIgniter->handleRequest(NULL, Object(Config\Cache), false)
#6 /Users/markpearson/Google Drive/Documents/Projects/My Websites/Teacherpedia/4.0 CI teacherpedia 1.1/Teacherpedia/public_html/index.php(45): CodeIgniter\CodeIgniter->run()
#7 {main}
CRITICAL - 2020-07-07 10:31:48 --> Invalid file: resources/keystage2-ks2.php
#0 /Users/markpearson/Google Drive/Documents/Projects/My Websites/Teacherpedia/4.0 CI teacherpedia 1.1/Teacherpedia/ci4/system/View/View.php(228): CodeIgniter\Exceptions\FrameworkException::forInvalidFile('resources/keyst...')
#1 /Users/markpearson/Google Drive/Documents/Projects/My Websites/Teacherpedia/4.0 CI teacherpedia 1.1/Teacherpedia/ci4/system/Common.php(1087): CodeIgniter\View\View->render('resources/keyst...', Array, true)
#2 /Users/markpearson/Google Drive/Documents/Projects/My Websites/Teacherpedia/4.0 CI teacherpedia 1.1/Teacherpedia/ci4/app/Controllers/Resources.php(21): view('resources/keyst...', Array)
#3 /Users/markpearson/Google Drive/Documents/Projects/My Websites/Teacherpedia/4.0 CI teacherpedia 1.1/Teacherpedia/ci4/system/CodeIgniter.php(914): App\Controllers\Resources->view('keystage2-ks2', 'numeracy')
#4 /Users/markpearson/Google Drive/Documents/Projects/My Websites/Teacherpedia/4.0 CI teacherpedia 1.1/Teacherpedia/ci4/system/CodeIgniter.php(400): CodeIgniter\CodeIgniter->runController(Object(App\Controllers\Resources))
#5 /Users/markpearson/Google Drive/Documents/Projects/My Websites/Teacherpedia/4.0 CI teacherpedia 1.1/Teacherpedia/ci4/system/CodeIgniter.php(308): CodeIgniter\CodeIgniter->handleRequest(NULL, Object(Config\Cache), false)
#6 /Users/markpearson/Google Drive/Documents/Projects/My Websites/Teacherpedia/4.0 CI teacherpedia 1.1/Teacherpedia/public_html/index.php(45): CodeIgniter\CodeIgniter->run()
#7 {main}
CRITICAL - 2020-07-07 10:32:28 --> Too few arguments to function App\Controllers\Resources::subjects(), 1 passed in /Users/markpearson/Google Drive/Documents/Projects/My Websites/Teacherpedia/4.0 CI teacherpedia 1.1/Teacherpedia/ci4/system/CodeIgniter.php on line 914 and exactly 2 expected
#0 /Users/markpearson/Google Drive/Documents/Projects/My Websites/Teacherpedia/4.0 CI teacherpedia 1.1/Teacherpedia/ci4/system/CodeIgniter.php(914): App\Controllers\Resources->subjects('numeracy')
#1 /Users/markpearson/Google Drive/Documents/Projects/My Websites/Teacherpedia/4.0 CI teacherpedia 1.1/Teacherpedia/ci4/system/CodeIgniter.php(400): CodeIgniter\CodeIgniter->runController(Object(App\Controllers\Resources))
#2 /Users/markpearson/Google Drive/Documents/Projects/My Websites/Teacherpedia/4.0 CI teacherpedia 1.1/Teacherpedia/ci4/system/CodeIgniter.php(308): CodeIgniter\CodeIgniter->handleRequest(NULL, Object(Config\Cache), false)
#3 /Users/markpearson/Google Drive/Documents/Projects/My Websites/Teacherpedia/4.0 CI teacherpedia 1.1/Teacherpedia/public_html/index.php(45): CodeIgniter\CodeIgniter->run()
#4 {main}
CRITICAL - 2020-07-07 10:36:56 --> Invalid file: resources/all_resources.php
#0 /Users/markpearson/Google Drive/Documents/Projects/My Websites/Teacherpedia/4.0 CI teacherpedia 1.1/Teacherpedia/ci4/system/View/View.php(228): CodeIgniter\Exceptions\FrameworkException::forInvalidFile('resources/all_r...')
#1 /Users/markpearson/Google Drive/Documents/Projects/My Websites/Teacherpedia/4.0 CI teacherpedia 1.1/Teacherpedia/ci4/system/Common.php(1087): CodeIgniter\View\View->render('resources/all_r...', Array, true)
#2 /Users/markpearson/Google Drive/Documents/Projects/My Websites/Teacherpedia/4.0 CI teacherpedia 1.1/Teacherpedia/ci4/app/Controllers/Resources.php(21): view('resources/all_r...', Array)
#3 /Users/markpearson/Google Drive/Documents/Projects/My Websites/Teacherpedia/4.0 CI teacherpedia 1.1/Teacherpedia/ci4/system/CodeIgniter.php(914): App\Controllers\Resources->view('all_resources')
#4 /Users/markpearson/Google Drive/Documents/Projects/My Websites/Teacherpedia/4.0 CI teacherpedia 1.1/Teacherpedia/ci4/system/CodeIgniter.php(400): CodeIgniter\CodeIgniter->runController(Object(App\Controllers\Resources))
#5 /Users/markpearson/Google Drive/Documents/Projects/My Websites/Teacherpedia/4.0 CI teacherpedia 1.1/Teacherpedia/ci4/system/CodeIgniter.php(308): CodeIgniter\CodeIgniter->handleRequest(NULL, Object(Config\Cache), false)
#6 /Users/markpearson/Google Drive/Documents/Projects/My Websites/Teacherpedia/4.0 CI teacherpedia 1.1/Teacherpedia/public_html/index.php(45): CodeIgniter\CodeIgniter->run()
#7 {main}
CRITICAL - 2020-07-07 10:39:13 --> Invalid file: resources/all_resources.php
#0 /Users/markpearson/Google Drive/Documents/Projects/My Websites/Teacherpedia/4.0 CI teacherpedia 1.1/Teacherpedia/ci4/system/View/View.php(228): CodeIgniter\Exceptions\FrameworkException::forInvalidFile('resources/all_r...')
#1 /Users/markpearson/Google Drive/Documents/Projects/My Websites/Teacherpedia/4.0 CI teacherpedia 1.1/Teacherpedia/ci4/system/Common.php(1087): CodeIgniter\View\View->render('resources/all_r...', Array, true)
#2 /Users/markpearson/Google Drive/Documents/Projects/My Websites/Teacherpedia/4.0 CI teacherpedia 1.1/Teacherpedia/ci4/app/Controllers/Resources.php(21): view('resources/all_r...', Array)
#3 /Users/markpearson/Google Drive/Documents/Projects/My Websites/Teacherpedia/4.0 CI teacherpedia 1.1/Teacherpedia/ci4/system/CodeIgniter.php(914): App\Controllers\Resources->view('all_resources')
#4 /Users/markpearson/Google Drive/Documents/Projects/My Websites/Teacherpedia/4.0 CI teacherpedia 1.1/Teacherpedia/ci4/system/CodeIgniter.php(400): CodeIgniter\CodeIgniter->runController(Object(App\Controllers\Resources))
#5 /Users/markpearson/Google Drive/Documents/Projects/My Websites/Teacherpedia/4.0 CI teacherpedia 1.1/Teacherpedia/ci4/system/CodeIgniter.php(308): CodeIgniter\CodeIgniter->handleRequest(NULL, Object(Config\Cache), false)
#6 /Users/markpearson/Google Drive/Documents/Projects/My Websites/Teacherpedia/4.0 CI teacherpedia 1.1/Teacherpedia/public_html/index.php(45): CodeIgniter\CodeIgniter->run()
#7 {main}
CRITICAL - 2020-07-07 11:08:47 --> Invalid file: resources/subjects.php
#0 /Users/markpearson/Google Drive/Documents/Projects/My Websites/Teacherpedia/4.0 CI teacherpedia 1.1/Teacherpedia/ci4/system/View/View.php(228): CodeIgniter\Exceptions\FrameworkException::forInvalidFile('resources/subje...')
#1 /Users/markpearson/Google Drive/Documents/Projects/My Websites/Teacherpedia/4.0 CI teacherpedia 1.1/Teacherpedia/ci4/system/Common.php(1087): CodeIgniter\View\View->render('resources/subje...', Array, true)
#2 /Users/markpearson/Google Drive/Documents/Projects/My Websites/Teacherpedia/4.0 CI teacherpedia 1.1/Teacherpedia/ci4/app/Controllers/Resources.php(21): view('resources/subje...', Array)
#3 /Users/markpearson/Google Drive/Documents/Projects/My Websites/Teacherpedia/4.0 CI teacherpedia 1.1/Teacherpedia/ci4/system/CodeIgniter.php(914): App\Controllers\Resources->view('subjects')
#4 /Users/markpearson/Google Drive/Documents/Projects/My Websites/Teacherpedia/4.0 CI teacherpedia 1.1/Teacherpedia/ci4/system/CodeIgniter.php(400): CodeIgniter\CodeIgniter->runController(Object(App\Controllers\Resources))
#5 /Users/markpearson/Google Drive/Documents/Projects/My Websites/Teacherpedia/4.0 CI teacherpedia 1.1/Teacherpedia/ci4/system/CodeIgniter.php(308): CodeIgniter\CodeIgniter->handleRequest(NULL, Object(Config\Cache), false)
#6 /Users/markpearson/Google Drive/Documents/Projects/My Websites/Teacherpedia/4.0 CI teacherpedia 1.1/Teacherpedia/public_html/index.php(45): CodeIgniter\CodeIgniter->run()
#7 {main}
CRITICAL - 2020-07-07 11:11:52 --> Invalid file: resources/EYFS.php
#0 /Users/markpearson/Google Drive/Documents/Projects/My Websites/Teacherpedia/4.0 CI teacherpedia 1.1/Teacherpedia/ci4/system/View/View.php(228): CodeIgniter\Exceptions\FrameworkException::forInvalidFile('resources/EYFS....')
#1 /Users/markpearson/Google Drive/Documents/Projects/My Websites/Teacherpedia/4.0 CI teacherpedia 1.1/Teacherpedia/ci4/system/Common.php(1087): CodeIgniter\View\View->render('resources/EYFS', Array, true)
#2 /Users/markpearson/Google Drive/Documents/Projects/My Websites/Teacherpedia/4.0 CI teacherpedia 1.1/Teacherpedia/ci4/app/Controllers/Resources.php(21): view('resources/EYFS', Array)
#3 /Users/markpearson/Google Drive/Documents/Projects/My Websites/Teacherpedia/4.0 CI teacherpedia 1.1/Teacherpedia/ci4/system/CodeIgniter.php(914): App\Controllers\Resources->view('EYFS')
#4 /Users/markpearson/Google Drive/Documents/Projects/My Websites/Teacherpedia/4.0 CI teacherpedia 1.1/Teacherpedia/ci4/system/CodeIgniter.php(400): CodeIgniter\CodeIgniter->runController(Object(App\Controllers\Resources))
#5 /Users/markpearson/Google Drive/Documents/Projects/My Websites/Teacherpedia/4.0 CI teacherpedia 1.1/Teacherpedia/ci4/system/CodeIgniter.php(308): CodeIgniter\CodeIgniter->handleRequest(NULL, Object(Config\Cache), false)
#6 /Users/markpearson/Google Drive/Documents/Projects/My Websites/Teacherpedia/4.0 CI teacherpedia 1.1/Teacherpedia/public_html/index.php(45): CodeIgniter\CodeIgniter->run()
#7 {main}
CRITICAL - 2020-07-07 11:11:54 --> Invalid file: resources/keystage2-ks2.php
#0 /Users/markpearson/Google Drive/Documents/Projects/My Websites/Teacherpedia/4.0 CI teacherpedia 1.1/Teacherpedia/ci4/system/View/View.php(228): CodeIgniter\Exceptions\FrameworkException::forInvalidFile('resources/keyst...')
#1 /Users/markpearson/Google Drive/Documents/Projects/My Websites/Teacherpedia/4.0 CI teacherpedia 1.1/Teacherpedia/ci4/system/Common.php(1087): CodeIgniter\View\View->render('resources/keyst...', Array, true)
#2 /Users/markpearson/Google Drive/Documents/Projects/My Websites/Teacherpedia/4.0 CI teacherpedia 1.1/Teacherpedia/ci4/app/Controllers/Resources.php(21): view('resources/keyst...', Array)
#3 /Users/markpearson/Google Drive/Documents/Projects/My Websites/Teacherpedia/4.0 CI teacherpedia 1.1/Teacherpedia/ci4/system/CodeIgniter.php(914): App\Controllers\Resources->view('keystage2-ks2')
#4 /Users/markpearson/Google Drive/Documents/Projects/My Websites/Teacherpedia/4.0 CI teacherpedia 1.1/Teacherpedia/ci4/system/CodeIgniter.php(400): CodeIgniter\CodeIgniter->runController(Object(App\Controllers\Resources))
#5 /Users/markpearson/Google Drive/Documents/Projects/My Websites/Teacherpedia/4.0 CI teacherpedia 1.1/Teacherpedia/ci4/system/CodeIgniter.php(308): CodeIgniter\CodeIgniter->handleRequest(NULL, Object(Config\Cache), false)
#6 /Users/markpearson/Google Drive/Documents/Projects/My Websites/Teacherpedia/4.0 CI teacherpedia 1.1/Teacherpedia/public_html/index.php(45): CodeIgniter\CodeIgniter->run()
#7 {main}
CRITICAL - 2020-07-07 11:11:56 --> Invalid file: resources/keystage2-ks2.php
#0 /Users/markpearson/Google Drive/Documents/Projects/My Websites/Teacherpedia/4.0 CI teacherpedia 1.1/Teacherpedia/ci4/system/View/View.php(228): CodeIgniter\Exceptions\FrameworkException::forInvalidFile('resources/keyst...')
#1 /Users/markpearson/Google Drive/Documents/Projects/My Websites/Teacherpedia/4.0 CI teacherpedia 1.1/Teacherpedia/ci4/system/Common.php(1087): CodeIgniter\View\View->render('resources/keyst...', Array, true)
#2 /Users/markpearson/Google Drive/Documents/Projects/My Websites/Teacherpedia/4.0 CI teacherpedia 1.1/Teacherpedia/ci4/app/Controllers/Resources.php(21): view('resources/keyst...', Array)
#3 /Users/markpearson/Google Drive/Documents/Projects/My Websites/Teacherpedia/4.0 CI teacherpedia 1.1/Teacherpedia/ci4/system/CodeIgniter.php(914): App\Controllers\Resources->view('keystage2-ks2')
#4 /Users/markpearson/Google Drive/Documents/Projects/My Websites/Teacherpedia/4.0 CI teacherpedia 1.1/Teacherpedia/ci4/system/CodeIgniter.php(400): CodeIgniter\CodeIgniter->runController(Object(App\Controllers\Resources))
#5 /Users/markpearson/Google Drive/Documents/Projects/My Websites/Teacherpedia/4.0 CI teacherpedia 1.1/Teacherpedia/ci4/system/CodeIgniter.php(308): CodeIgniter\CodeIgniter->handleRequest(NULL, Object(Config\Cache), false)
#6 /Users/markpearson/Google Drive/Documents/Projects/My Websites/Teacherpedia/4.0 CI teacherpedia 1.1/Teacherpedia/public_html/index.php(45): CodeIgniter\CodeIgniter->run()
#7 {main}
CRITICAL - 2020-07-07 11:12:00 --> Invalid file: resources/keystage2-ks2.php
#0 /Users/markpearson/Google Drive/Documents/Projects/My Websites/Teacherpedia/4.0 CI teacherpedia 1.1/Teacherpedia/ci4/system/View/View.php(228): CodeIgniter\Exceptions\FrameworkException::forInvalidFile('resources/keyst...')
#1 /Users/markpearson/Google Drive/Documents/Projects/My Websites/Teacherpedia/4.0 CI teacherpedia 1.1/Teacherpedia/ci4/system/Common.php(1087): CodeIgniter\View\View->render('resources/keyst...', Array, true)
#2 /Users/markpearson/Google Drive/Documents/Projects/My Websites/Teacherpedia/4.0 CI teacherpedia 1.1/Teacherpedia/ci4/app/Controllers/Resources.php(21): view('resources/keyst...', Array)
#3 /Users/markpearson/Google Drive/Documents/Projects/My Websites/Teacherpedia/4.0 CI teacherpedia 1.1/Teacherpedia/ci4/system/CodeIgniter.php(914): App\Controllers\Resources->view('keystage2-ks2')
#4 /Users/markpearson/Google Drive/Documents/Projects/My Websites/Teacherpedia/4.0 CI teacherpedia 1.1/Teacherpedia/ci4/system/CodeIgniter.php(400): CodeIgniter\CodeIgniter->runController(Object(App\Controllers\Resources))
#5 /Users/markpearson/Google Drive/Documents/Projects/My Websites/Teacherpedia/4.0 CI teacherpedia 1.1/Teacherpedia/ci4/system/CodeIgniter.php(308): CodeIgniter\CodeIgniter->handleRequest(NULL, Object(Config\Cache), false)
#6 /Users/markpearson/Google Drive/Documents/Projects/My Websites/Teacherpedia/4.0 CI teacherpedia 1.1/Teacherpedia/public_html/index.php(45): CodeIgniter\CodeIgniter->run()
#7 {main}
CRITICAL - 2020-07-07 11:12:03 --> Invalid file: resources/keystage2-ks2.php
#0 /Users/markpearson/Google Drive/Documents/Projects/My Websites/Teacherpedia/4.0 CI teacherpedia 1.1/Teacherpedia/ci4/system/View/View.php(228): CodeIgniter\Exceptions\FrameworkException::forInvalidFile('resources/keyst...')
#1 /Users/markpearson/Google Drive/Documents/Projects/My Websites/Teacherpedia/4.0 CI teacherpedia 1.1/Teacherpedia/ci4/system/Common.php(1087): CodeIgniter\View\View->render('resources/keyst...', Array, true)
#2 /Users/markpearson/Google Drive/Documents/Projects/My Websites/Teacherpedia/4.0 CI teacherpedia 1.1/Teacherpedia/ci4/app/Controllers/Resources.php(21): view('resources/keyst...', Array)
#3 /Users/markpearson/Google Drive/Documents/Projects/My Websites/Teacherpedia/4.0 CI teacherpedia 1.1/Teacherpedia/ci4/system/CodeIgniter.php(914): App\Controllers\Resources->view('keystage2-ks2')
#4 /Users/markpearson/Google Drive/Documents/Projects/My Websites/Teacherpedia/4.0 CI teacherpedia 1.1/Teacherpedia/ci4/system/CodeIgniter.php(400): CodeIgniter\CodeIgniter->runController(Object(App\Controllers\Resources))
#5 /Users/markpearson/Google Drive/Documents/Projects/My Websites/Teacherpedia/4.0 CI teacherpedia 1.1/Teacherpedia/ci4/system/CodeIgniter.php(308): CodeIgniter\CodeIgniter->handleRequest(NULL, Object(Config\Cache), false)
#6 /Users/markpearson/Google Drive/Documents/Projects/My Websites/Teacherpedia/4.0 CI teacherpedia 1.1/Teacherpedia/public_html/index.php(45): CodeIgniter\CodeIgniter->run()
#7 {main}
CRITICAL - 2020-07-07 11:12:05 --> Invalid file: resources/keystage1-ks1.php
#0 /Users/markpearson/Google Drive/Documents/Projects/My Websites/Teacherpedia/4.0 CI teacherpedia 1.1/Teacherpedia/ci4/system/View/View.php(228): CodeIgniter\Exceptions\FrameworkException::forInvalidFile('resources/keyst...')
#1 /Users/markpearson/Google Drive/Documents/Projects/My Websites/Teacherpedia/4.0 CI teacherpedia 1.1/Teacherpedia/ci4/system/Common.php(1087): CodeIgniter\View\View->render('resources/keyst...', Array, true)
#2 /Users/markpearson/Google Drive/Documents/Projects/My Websites/Teacherpedia/4.0 CI teacherpedia 1.1/Teacherpedia/ci4/app/Controllers/Resources.php(21): view('resources/keyst...', Array)
#3 /Users/markpearson/Google Drive/Documents/Projects/My Websites/Teacherpedia/4.0 CI teacherpedia 1.1/Teacherpedia/ci4/system/CodeIgniter.php(914): App\Controllers\Resources->view('keystage1-ks1')
#4 /Users/markpearson/Google Drive/Documents/Projects/My Websites/Teacherpedia/4.0 CI teacherpedia 1.1/Teacherpedia/ci4/system/CodeIgniter.php(400): CodeIgniter\CodeIgniter->runController(Object(App\Controllers\Resources))
#5 /Users/markpearson/Google Drive/Documents/Projects/My Websites/Teacherpedia/4.0 CI teacherpedia 1.1/Teacherpedia/ci4/system/CodeIgniter.php(308): CodeIgniter\CodeIgniter->handleRequest(NULL, Object(Config\Cache), false)
#6 /Users/markpearson/Google Drive/Documents/Projects/My Websites/Teacherpedia/4.0 CI teacherpedia 1.1/Teacherpedia/public_html/index.php(45): CodeIgniter\CodeIgniter->run()
#7 {main}
CRITICAL - 2020-07-07 11:12:06 --> Invalid file: resources/EYFS.php
#0 /Users/markpearson/Google Drive/Documents/Projects/My Websites/Teacherpedia/4.0 CI teacherpedia 1.1/Teacherpedia/ci4/system/View/View.php(228): CodeIgniter\Exceptions\FrameworkException::forInvalidFile('resources/EYFS....')
#1 /Users/markpearson/Google Drive/Documents/Projects/My Websites/Teacherpedia/4.0 CI teacherpedia 1.1/Teacherpedia/ci4/system/Common.php(1087): CodeIgniter\View\View->render('resources/EYFS', Array, true)
#2 /Users/markpearson/Google Drive/Documents/Projects/My Websites/Teacherpedia/4.0 CI teacherpedia 1.1/Teacherpedia/ci4/app/Controllers/Resources.php(21): view('resources/EYFS', Array)
#3 /Users/markpearson/Google Drive/Documents/Projects/My Websites/Teacherpedia/4.0 CI teacherpedia 1.1/Teacherpedia/ci4/system/CodeIgniter.php(914): App\Controllers\Resources->view('EYFS')
#4 /Users/markpearson/Google Drive/Documents/Projects/My Websites/Teacherpedia/4.0 CI teacherpedia 1.1/Teacherpedia/ci4/system/CodeIgniter.php(400): CodeIgniter\CodeIgniter->runController(Object(App\Controllers\Resources))
#5 /Users/markpearson/Google Drive/Documents/Projects/My Websites/Teacherpedia/4.0 CI teacherpedia 1.1/Teacherpedia/ci4/system/CodeIgniter.php(308): CodeIgniter\CodeIgniter->handleRequest(NULL, Object(Config\Cache), false)
#6 /Users/markpearson/Google Drive/Documents/Projects/My Websites/Teacherpedia/4.0 CI teacherpedia 1.1/Teacherpedia/public_html/index.php(45): CodeIgniter\CodeIgniter->run()
#7 {main}
CRITICAL - 2020-07-07 11:12:14 --> Invalid file: resources/keystage1-ks1.php
#0 /Users/markpearson/Google Drive/Documents/Projects/My Websites/Teacherpedia/4.0 CI teacherpedia 1.1/Teacherpedia/ci4/system/View/View.php(228): CodeIgniter\Exceptions\FrameworkException::forInvalidFile('resources/keyst...')
#1 /Users/markpearson/Google Drive/Documents/Projects/My Websites/Teacherpedia/4.0 CI teacherpedia 1.1/Teacherpedia/ci4/system/Common.php(1087): CodeIgniter\View\View->render('resources/keyst...', Array, true)
#2 /Users/markpearson/Google Drive/Documents/Projects/My Websites/Teacherpedia/4.0 CI teacherpedia 1.1/Teacherpedia/ci4/app/Controllers/Resources.php(21): view('resources/keyst...', Array)
#3 /Users/markpearson/Google Drive/Documents/Projects/My Websites/Teacherpedia/4.0 CI teacherpedia 1.1/Teacherpedia/ci4/system/CodeIgniter.php(914): App\Controllers\Resources->view('keystage1-ks1')
#4 /Users/markpearson/Google Drive/Documents/Projects/My Websites/Teacherpedia/4.0 CI teacherpedia 1.1/Teacherpedia/ci4/system/CodeIgniter.php(400): CodeIgniter\CodeIgniter->runController(Object(App\Controllers\Resources))
#5 /Users/markpearson/Google Drive/Documents/Projects/My Websites/Teacherpedia/4.0 CI teacherpedia 1.1/Teacherpedia/ci4/system/CodeIgniter.php(308): CodeIgniter\CodeIgniter->handleRequest(NULL, Object(Config\Cache), false)
#6 /Users/markpearson/Google Drive/Documents/Projects/My Websites/Teacherpedia/4.0 CI teacherpedia 1.1/Teacherpedia/public_html/index.php(45): CodeIgniter\CodeIgniter->run()
#7 {main}
CRITICAL - 2020-07-07 11:12:16 --> Invalid file: resources/keystage2-ks2.php
#0 /Users/markpearson/Google Drive/Documents/Projects/My Websites/Teacherpedia/4.0 CI teacherpedia 1.1/Teacherpedia/ci4/system/View/View.php(228): CodeIgniter\Exceptions\FrameworkException::forInvalidFile('resources/keyst...')
#1 /Users/markpearson/Google Drive/Documents/Projects/My Websites/Teacherpedia/4.0 CI teacherpedia 1.1/Teacherpedia/ci4/system/Common.php(1087): CodeIgniter\View\View->render('resources/keyst...', Array, true)
#2 /Users/markpearson/Google Drive/Documents/Projects/My Websites/Teacherpedia/4.0 CI teacherpedia 1.1/Teacherpedia/ci4/app/Controllers/Resources.php(21): view('resources/keyst...', Array)
#3 /Users/markpearson/Google Drive/Documents/Projects/My Websites/Teacherpedia/4.0 CI teacherpedia 1.1/Teacherpedia/ci4/system/CodeIgniter.php(914): App\Controllers\Resources->view('keystage2-ks2')
#4 /Users/markpearson/Google Drive/Documents/Projects/My Websites/Teacherpedia/4.0 CI teacherpedia 1.1/Teacherpedia/ci4/system/CodeIgniter.php(400): CodeIgniter\CodeIgniter->runController(Object(App\Controllers\Resources))
#5 /Users/markpearson/Google Drive/Documents/Projects/My Websites/Teacherpedia/4.0 CI teacherpedia 1.1/Teacherpedia/ci4/system/CodeIgniter.php(308): CodeIgniter\CodeIgniter->handleRequest(NULL, Object(Config\Cache), false)
#6 /Users/markpearson/Google Drive/Documents/Projects/My Websites/Teacherpedia/4.0 CI teacherpedia 1.1/Teacherpedia/public_html/index.php(45): CodeIgniter\CodeIgniter->run()
#7 {main}
CRITICAL - 2020-07-07 11:12:26 --> Invalid file: resources/keystage2-ks2.php
#0 /Users/markpearson/Google Drive/Documents/Projects/My Websites/Teacherpedia/4.0 CI teacherpedia 1.1/Teacherpedia/ci4/system/View/View.php(228): CodeIgniter\Exceptions\FrameworkException::forInvalidFile('resources/keyst...')
#1 /Users/markpearson/Google Drive/Documents/Projects/My Websites/Teacherpedia/4.0 CI teacherpedia 1.1/Teacherpedia/ci4/system/Common.php(1087): CodeIgniter\View\View->render('resources/keyst...', Array, true)
#2 /Users/markpearson/Google Drive/Documents/Projects/My Websites/Teacherpedia/4.0 CI teacherpedia 1.1/Teacherpedia/ci4/app/Controllers/Resources.php(21): view('resources/keyst...', Array)
#3 /Users/markpearson/Google Drive/Documents/Projects/My Websites/Teacherpedia/4.0 CI teacherpedia 1.1/Teacherpedia/ci4/system/CodeIgniter.php(914): App\Controllers\Resources->view('keystage2-ks2')
#4 /Users/markpearson/Google Drive/Documents/Projects/My Websites/Teacherpedia/4.0 CI teacherpedia 1.1/Teacherpedia/ci4/system/CodeIgniter.php(400): CodeIgniter\CodeIgniter->runController(Object(App\Controllers\Resources))
#5 /Users/markpearson/Google Drive/Documents/Projects/My Websites/Teacherpedia/4.0 CI teacherpedia 1.1/Teacherpedia/ci4/system/CodeIgniter.php(308): CodeIgniter\CodeIgniter->handleRequest(NULL, Object(Config\Cache), false)
#6 /Users/markpearson/Google Drive/Documents/Projects/My Websites/Teacherpedia/4.0 CI teacherpedia 1.1/Teacherpedia/public_html/index.php(45): CodeIgniter\CodeIgniter->run()
#7 {main}
CRITICAL - 2020-07-07 11:12:34 --> Invalid file: resources/EYFS.php
#0 /Users/markpearson/Google Drive/Documents/Projects/My Websites/Teacherpedia/4.0 CI teacherpedia 1.1/Teacherpedia/ci4/system/View/View.php(228): CodeIgniter\Exceptions\FrameworkException::forInvalidFile('resources/EYFS....')
#1 /Users/markpearson/Google Drive/Documents/Projects/My Websites/Teacherpedia/4.0 CI teacherpedia 1.1/Teacherpedia/ci4/system/Common.php(1087): CodeIgniter\View\View->render('resources/EYFS', Array, true)
#2 /Users/markpearson/Google Drive/Documents/Projects/My Websites/Teacherpedia/4.0 CI teacherpedia 1.1/Teacherpedia/ci4/app/Controllers/Resources.php(21): view('resources/EYFS', Array)
#3 /Users/markpearson/Google Drive/Documents/Projects/My Websites/Teacherpedia/4.0 CI teacherpedia 1.1/Teacherpedia/ci4/system/CodeIgniter.php(914): App\Controllers\Resources->view('EYFS')
#4 /Users/markpearson/Google Drive/Documents/Projects/My Websites/Teacherpedia/4.0 CI teacherpedia 1.1/Teacherpedia/ci4/system/CodeIgniter.php(400): CodeIgniter\CodeIgniter->runController(Object(App\Controllers\Resources))
#5 /Users/markpearson/Google Drive/Documents/Projects/My Websites/Teacherpedia/4.0 CI teacherpedia 1.1/Teacherpedia/ci4/system/CodeIgniter.php(308): CodeIgniter\CodeIgniter->handleRequest(NULL, Object(Config\Cache), false)
#6 /Users/markpearson/Google Drive/Documents/Projects/My Websites/Teacherpedia/4.0 CI teacherpedia 1.1/Teacherpedia/public_html/index.php(45): CodeIgniter\CodeIgniter->run()
#7 {main}
CRITICAL - 2020-07-07 11:13:36 --> syntax error, unexpected 'if' (T_IF)
#0 /Users/markpearson/Google Drive/Documents/Projects/My Websites/Teacherpedia/4.0 CI teacherpedia 1.1/Teacherpedia/ci4/system/CodeIgniter.php(360): CodeIgniter\CodeIgniter->tryToRouteIt(NULL)
#1 /Users/markpearson/Google Drive/Documents/Projects/My Websites/Teacherpedia/4.0 CI teacherpedia 1.1/Teacherpedia/ci4/system/CodeIgniter.php(308): CodeIgniter\CodeIgniter->handleRequest(NULL, Object(Config\Cache), false)
#2 /Users/markpearson/Google Drive/Documents/Projects/My Websites/Teacherpedia/4.0 CI teacherpedia 1.1/Teacherpedia/public_html/index.php(45): CodeIgniter\CodeIgniter->run()
#3 {main}
CRITICAL - 2020-07-07 11:13:38 --> syntax error, unexpected 'if' (T_IF)
#0 /Users/markpearson/Google Drive/Documents/Projects/My Websites/Teacherpedia/4.0 CI teacherpedia 1.1/Teacherpedia/ci4/system/CodeIgniter.php(360): CodeIgniter\CodeIgniter->tryToRouteIt(NULL)
#1 /Users/markpearson/Google Drive/Documents/Projects/My Websites/Teacherpedia/4.0 CI teacherpedia 1.1/Teacherpedia/ci4/system/CodeIgniter.php(308): CodeIgniter\CodeIgniter->handleRequest(NULL, Object(Config\Cache), false)
#2 /Users/markpearson/Google Drive/Documents/Projects/My Websites/Teacherpedia/4.0 CI teacherpedia 1.1/Teacherpedia/public_html/index.php(45): CodeIgniter\CodeIgniter->run()
#3 {main}
CRITICAL - 2020-07-07 11:13:39 --> syntax error, unexpected 'if' (T_IF)
#0 /Users/markpearson/Google Drive/Documents/Projects/My Websites/Teacherpedia/4.0 CI teacherpedia 1.1/Teacherpedia/ci4/system/CodeIgniter.php(360): CodeIgniter\CodeIgniter->tryToRouteIt(NULL)
#1 /Users/markpearson/Google Drive/Documents/Projects/My Websites/Teacherpedia/4.0 CI teacherpedia 1.1/Teacherpedia/ci4/system/CodeIgniter.php(308): CodeIgniter\CodeIgniter->handleRequest(NULL, Object(Config\Cache), false)
#2 /Users/markpearson/Google Drive/Documents/Projects/My Websites/Teacherpedia/4.0 CI teacherpedia 1.1/Teacherpedia/public_html/index.php(45): CodeIgniter\CodeIgniter->run()
#3 {main}
CRITICAL - 2020-07-07 11:13:50 --> Invalid file: resources/resources.php
#0 /Users/markpearson/Google Drive/Documents/Projects/My Websites/Teacherpedia/4.0 CI teacherpedia 1.1/Teacherpedia/ci4/system/View/View.php(228): CodeIgniter\Exceptions\FrameworkException::forInvalidFile('resources/resou...')
#1 /Users/markpearson/Google Drive/Documents/Projects/My Websites/Teacherpedia/4.0 CI teacherpedia 1.1/Teacherpedia/ci4/system/Common.php(1087): CodeIgniter\View\View->render('resources/resou...', Array, true)
#2 /Users/markpearson/Google Drive/Documents/Projects/My Websites/Teacherpedia/4.0 CI teacherpedia 1.1/Teacherpedia/ci4/app/Controllers/Resources.php(21): view('resources/resou...', Array)
#3 /Users/markpearson/Google Drive/Documents/Projects/My Websites/Teacherpedia/4.0 CI teacherpedia 1.1/Teacherpedia/ci4/system/CodeIgniter.php(914): App\Controllers\Resources->view('resources', 'subjects')
#4 /Users/markpearson/Google Drive/Documents/Projects/My Websites/Teacherpedia/4.0 CI teacherpedia 1.1/Teacherpedia/ci4/system/CodeIgniter.php(400): CodeIgniter\CodeIgniter->runController(Object(App\Controllers\Resources))
#5 /Users/markpearson/Google Drive/Documents/Projects/My Websites/Teacherpedia/4.0 CI teacherpedia 1.1/Teacherpedia/ci4/system/CodeIgniter.php(308): CodeIgniter\CodeIgniter->handleRequest(NULL, Object(Config\Cache), false)
#6 /Users/markpearson/Google Drive/Documents/Projects/My Websites/Teacherpedia/4.0 CI teacherpedia 1.1/Teacherpedia/public_html/index.php(45): CodeIgniter\CodeIgniter->run()
#7 {main}
CRITICAL - 2020-07-07 11:24:13 --> Invalid file: resources/all_resources.php
#0 /Users/markpearson/Google Drive/Documents/Projects/My Websites/Teacherpedia/4.0 CI teacherpedia 1.1/Teacherpedia/ci4/system/View/View.php(228): CodeIgniter\Exceptions\FrameworkException::forInvalidFile('resources/all_r...')
#1 /Users/markpearson/Google Drive/Documents/Projects/My Websites/Teacherpedia/4.0 CI teacherpedia 1.1/Teacherpedia/ci4/system/Common.php(1087): CodeIgniter\View\View->render('resources/all_r...', Array, true)
#2 /Users/markpearson/Google Drive/Documents/Projects/My Websites/Teacherpedia/4.0 CI teacherpedia 1.1/Teacherpedia/ci4/app/Controllers/Resources.php(21): view('resources/all_r...', Array)
#3 /Users/markpearson/Google Drive/Documents/Projects/My Websites/Teacherpedia/4.0 CI teacherpedia 1.1/Teacherpedia/ci4/system/CodeIgniter.php(914): App\Controllers\Resources->view('all_resources')
#4 /Users/markpearson/Google Drive/Documents/Projects/My Websites/Teacherpedia/4.0 CI teacherpedia 1.1/Teacherpedia/ci4/system/CodeIgniter.php(400): CodeIgniter\CodeIgniter->runController(Object(App\Controllers\Resources))
#5 /Users/markpearson/Google Drive/Documents/Projects/My Websites/Teacherpedia/4.0 CI teacherpedia 1.1/Teacherpedia/ci4/system/CodeIgniter.php(308): CodeIgniter\CodeIgniter->handleRequest(NULL, Object(Config\Cache), false)
#6 /Users/markpearson/Google Drive/Documents/Projects/My Websites/Teacherpedia/4.0 CI teacherpedia 1.1/Teacherpedia/public_html/index.php(45): CodeIgniter\CodeIgniter->run()
#7 {main}
CRITICAL - 2020-07-07 11:24:53 --> Invalid file: resources/all_resources.php
#0 /Users/markpearson/Google Drive/Documents/Projects/My Websites/Teacherpedia/4.0 CI teacherpedia 1.1/Teacherpedia/ci4/system/View/View.php(228): CodeIgniter\Exceptions\FrameworkException::forInvalidFile('resources/all_r...')
#1 /Users/markpearson/Google Drive/Documents/Projects/My Websites/Teacherpedia/4.0 CI teacherpedia 1.1/Teacherpedia/ci4/system/Common.php(1087): CodeIgniter\View\View->render('resources/all_r...', Array, true)
#2 /Users/markpearson/Google Drive/Documents/Projects/My Websites/Teacherpedia/4.0 CI teacherpedia 1.1/Teacherpedia/ci4/app/Controllers/Resources.php(21): view('resources/all_r...', Array)
#3 /Users/markpearson/Google Drive/Documents/Projects/My Websites/Teacherpedia/4.0 CI teacherpedia 1.1/Teacherpedia/ci4/system/CodeIgniter.php(914): App\Controllers\Resources->view('all_resources')
#4 /Users/markpearson/Google Drive/Documents/Projects/My Websites/Teacherpedia/4.0 CI teacherpedia 1.1/Teacherpedia/ci4/system/CodeIgniter.php(400): CodeIgniter\CodeIgniter->runController(Object(App\Controllers\Resources))
#5 /Users/markpearson/Google Drive/Documents/Projects/My Websites/Teacherpedia/4.0 CI teacherpedia 1.1/Teacherpedia/ci4/system/CodeIgniter.php(308): CodeIgniter\CodeIgniter->handleRequest(NULL, Object(Config\Cache), false)
#6 /Users/markpearson/Google Drive/Documents/Projects/My Websites/Teacherpedia/4.0 CI teacherpedia 1.1/Teacherpedia/public_html/index.php(45): CodeIgniter\CodeIgniter->run()
#7 {main}
CRITICAL - 2020-07-07 11:24:53 --> Invalid file: resources/all_resources.php
#0 /Users/markpearson/Google Drive/Documents/Projects/My Websites/Teacherpedia/4.0 CI teacherpedia 1.1/Teacherpedia/ci4/system/View/View.php(228): CodeIgniter\Exceptions\FrameworkException::forInvalidFile('resources/all_r...')
#1 /Users/markpearson/Google Drive/Documents/Projects/My Websites/Teacherpedia/4.0 CI teacherpedia 1.1/Teacherpedia/ci4/system/Common.php(1087): CodeIgniter\View\View->render('resources/all_r...', Array, true)
#2 /Users/markpearson/Google Drive/Documents/Projects/My Websites/Teacherpedia/4.0 CI teacherpedia 1.1/Teacherpedia/ci4/app/Controllers/Resources.php(21): view('resources/all_r...', Array)
#3 /Users/markpearson/Google Drive/Documents/Projects/My Websites/Teacherpedia/4.0 CI teacherpedia 1.1/Teacherpedia/ci4/system/CodeIgniter.php(914): App\Controllers\Resources->view('all_resources')
#4 /Users/markpearson/Google Drive/Documents/Projects/My Websites/Teacherpedia/4.0 CI teacherpedia 1.1/Teacherpedia/ci4/system/CodeIgniter.php(400): CodeIgniter\CodeIgniter->runController(Object(App\Controllers\Resources))
#5 /Users/markpearson/Google Drive/Documents/Projects/My Websites/Teacherpedia/4.0 CI teacherpedia 1.1/Teacherpedia/ci4/system/CodeIgniter.php(308): CodeIgniter\CodeIgniter->handleRequest(NULL, Object(Config\Cache), false)
#6 /Users/markpearson/Google Drive/Documents/Projects/My Websites/Teacherpedia/4.0 CI teacherpedia 1.1/Teacherpedia/public_html/index.php(45): CodeIgniter\CodeIgniter->run()
#7 {main}
CRITICAL - 2020-07-07 11:25:06 --> Trying to get property 'resource_name' of non-object
#0 /Users/markpearson/Google Drive/Documents/Projects/My Websites/Teacherpedia/4.0 CI teacherpedia 1.1/Teacherpedia/ci4/app/Controllers/Resources.php(74): CodeIgniter\Debug\Exceptions->errorHandler(8, 'Trying to get p...', '/Users/markpear...', 74, Array)
#1 /Users/markpearson/Google Drive/Documents/Projects/My Websites/Teacherpedia/4.0 CI teacherpedia 1.1/Teacherpedia/ci4/system/CodeIgniter.php(914): App\Controllers\Resources->load()
#2 /Users/markpearson/Google Drive/Documents/Projects/My Websites/Teacherpedia/4.0 CI teacherpedia 1.1/Teacherpedia/ci4/system/CodeIgniter.php(400): CodeIgniter\CodeIgniter->runController(Object(App\Controllers\Resources))
#3 /Users/markpearson/Google Drive/Documents/Projects/My Websites/Teacherpedia/4.0 CI teacherpedia 1.1/Teacherpedia/ci4/system/CodeIgniter.php(308): CodeIgniter\CodeIgniter->handleRequest(NULL, Object(Config\Cache), false)
#4 /Users/markpearson/Google Drive/Documents/Projects/My Websites/Teacherpedia/4.0 CI teacherpedia 1.1/Teacherpedia/public_html/index.php(45): CodeIgniter\CodeIgniter->run()
#5 {main}
CRITICAL - 2020-07-07 11:38:54 --> Invalid file: resources/keystage.php
#0 /Users/markpearson/Google Drive/Documents/Projects/My Websites/Teacherpedia/4.0 CI teacherpedia 1.1/Teacherpedia/ci4/system/View/View.php(228): CodeIgniter\Exceptions\FrameworkException::forInvalidFile('resources/keyst...')
#1 /Users/markpearson/Google Drive/Documents/Projects/My Websites/Teacherpedia/4.0 CI teacherpedia 1.1/Teacherpedia/ci4/system/Common.php(1087): CodeIgniter\View\View->render('resources/keyst...', Array, true)
#2 /Users/markpearson/Google Drive/Documents/Projects/My Websites/Teacherpedia/4.0 CI teacherpedia 1.1/Teacherpedia/ci4/app/Controllers/Resources.php(21): view('resources/keyst...', Array)
#3 /Users/markpearson/Google Drive/Documents/Projects/My Websites/Teacherpedia/4.0 CI teacherpedia 1.1/Teacherpedia/ci4/system/CodeIgniter.php(914): App\Controllers\Resources->view('keystage')
#4 /Users/markpearson/Google Drive/Documents/Projects/My Websites/Teacherpedia/4.0 CI teacherpedia 1.1/Teacherpedia/ci4/system/CodeIgniter.php(400): CodeIgniter\CodeIgniter->runController(Object(App\Controllers\Resources))
#5 /Users/markpearson/Google Drive/Documents/Projects/My Websites/Teacherpedia/4.0 CI teacherpedia 1.1/Teacherpedia/ci4/system/CodeIgniter.php(308): CodeIgniter\CodeIgniter->handleRequest(NULL, Object(Config\Cache), false)
#6 /Users/markpearson/Google Drive/Documents/Projects/My Websites/Teacherpedia/4.0 CI teacherpedia 1.1/Teacherpedia/public_html/index.php(45): CodeIgniter\CodeIgniter->run()
#7 {main}
CRITICAL - 2020-07-07 12:23:52 --> Undefined property: CodeIgniter\View\View::$uri
#0 /Users/markpearson/Google Drive/Documents/Projects/My Websites/Teacherpedia/4.0 CI teacherpedia 1.1/Teacherpedia/ci4/app/Views/index.php(154): CodeIgniter\Debug\Exceptions->errorHandler(8, 'Undefined prope...', '/Users/markpear...', 154, Array)
#1 /Users/markpearson/Google Drive/Documents/Projects/My Websites/Teacherpedia/4.0 CI teacherpedia 1.1/Teacherpedia/ci4/system/View/View.php(246): include('/Users/markpear...')
#2 /Users/markpearson/Google Drive/Documents/Projects/My Websites/Teacherpedia/4.0 CI teacherpedia 1.1/Teacherpedia/ci4/system/Common.php(1087): CodeIgniter\View\View->render('index', Array, true)
#3 /Users/markpearson/Google Drive/Documents/Projects/My Websites/Teacherpedia/4.0 CI teacherpedia 1.1/Teacherpedia/ci4/app/Controllers/Resources.php(22): view('index', Array)
#4 /Users/markpearson/Google Drive/Documents/Projects/My Websites/Teacherpedia/4.0 CI teacherpedia 1.1/Teacherpedia/ci4/system/CodeIgniter.php(914): App\Controllers\Resources->view('subjects')
#5 /Users/markpearson/Google Drive/Documents/Projects/My Websites/Teacherpedia/4.0 CI teacherpedia 1.1/Teacherpedia/ci4/system/CodeIgniter.php(400): CodeIgniter\CodeIgniter->runController(Object(App\Controllers\Resources))
#6 /Users/markpearson/Google Drive/Documents/Projects/My Websites/Teacherpedia/4.0 CI teacherpedia 1.1/Teacherpedia/ci4/system/CodeIgniter.php(308): CodeIgniter\CodeIgniter->handleRequest(NULL, Object(Config\Cache), false)
#7 /Users/markpearson/Google Drive/Documents/Projects/My Websites/Teacherpedia/4.0 CI teacherpedia 1.1/Teacherpedia/public_html/index.php(45): CodeIgniter\CodeIgniter->run()
#8 {main}
CRITICAL - 2020-07-07 12:23:52 --> Undefined property: CodeIgniter\View\View::$uri
#0 /Users/markpearson/Google Drive/Documents/Projects/My Websites/Teacherpedia/4.0 CI teacherpedia 1.1/Teacherpedia/ci4/app/Views/index.php(154): CodeIgniter\Debug\Exceptions->errorHandler(8, 'Undefined prope...', '/Users/markpear...', 154, Array)
#1 /Users/markpearson/Google Drive/Documents/Projects/My Websites/Teacherpedia/4.0 CI teacherpedia 1.1/Teacherpedia/ci4/system/View/View.php(246): include('/Users/markpear...')
#2 /Users/markpearson/Google Drive/Documents/Projects/My Websites/Teacherpedia/4.0 CI teacherpedia 1.1/Teacherpedia/ci4/system/Common.php(1087): CodeIgniter\View\View->render('index', Array, true)
#3 /Users/markpearson/Google Drive/Documents/Projects/My Websites/Teacherpedia/4.0 CI teacherpedia 1.1/Teacherpedia/ci4/app/Controllers/Resources.php(22): view('index', Array)
#4 /Users/markpearson/Google Drive/Documents/Projects/My Websites/Teacherpedia/4.0 CI teacherpedia 1.1/Teacherpedia/ci4/system/CodeIgniter.php(914): App\Controllers\Resources->view('subjects')
#5 /Users/markpearson/Google Drive/Documents/Projects/My Websites/Teacherpedia/4.0 CI teacherpedia 1.1/Teacherpedia/ci4/system/CodeIgniter.php(400): CodeIgniter\CodeIgniter->runController(Object(App\Controllers\Resources))
#6 /Users/markpearson/Google Drive/Documents/Projects/My Websites/Teacherpedia/4.0 CI teacherpedia 1.1/Teacherpedia/ci4/system/CodeIgniter.php(308): CodeIgniter\CodeIgniter->handleRequest(NULL, Object(Config\Cache), false)
#7 /Users/markpearson/Google Drive/Documents/Projects/My Websites/Teacherpedia/4.0 CI teacherpedia 1.1/Teacherpedia/public_html/index.php(45): CodeIgniter\CodeIgniter->run()
#8 {main}
CRITICAL - 2020-07-07 12:23:53 --> Undefined property: CodeIgniter\View\View::$uri
#0 /Users/markpearson/Google Drive/Documents/Projects/My Websites/Teacherpedia/4.0 CI teacherpedia 1.1/Teacherpedia/ci4/app/Views/index.php(154): CodeIgniter\Debug\Exceptions->errorHandler(8, 'Undefined prope...', '/Users/markpear...', 154, Array)
#1 /Users/markpearson/Google Drive/Documents/Projects/My Websites/Teacherpedia/4.0 CI teacherpedia 1.1/Teacherpedia/ci4/system/View/View.php(246): include('/Users/markpear...')
#2 /Users/markpearson/Google Drive/Documents/Projects/My Websites/Teacherpedia/4.0 CI teacherpedia 1.1/Teacherpedia/ci4/system/Common.php(1087): CodeIgniter\View\View->render('index', Array, true)
#3 /Users/markpearson/Google Drive/Documents/Projects/My Websites/Teacherpedia/4.0 CI teacherpedia 1.1/Teacherpedia/ci4/app/Controllers/Resources.php(22): view('index', Array)
#4 /Users/markpearson/Google Drive/Documents/Projects/My Websites/Teacherpedia/4.0 CI teacherpedia 1.1/Teacherpedia/ci4/system/CodeIgniter.php(914): App\Controllers\Resources->view('keystages', '$1')
#5 /Users/markpearson/Google Drive/Documents/Projects/My Websites/Teacherpedia/4.0 CI teacherpedia 1.1/Teacherpedia/ci4/system/CodeIgniter.php(400): CodeIgniter\CodeIgniter->runController(Object(App\Controllers\Resources))
#6 /Users/markpearson/Google Drive/Documents/Projects/My Websites/Teacherpedia/4.0 CI teacherpedia 1.1/Teacherpedia/ci4/system/CodeIgniter.php(308): CodeIgniter\CodeIgniter->handleRequest(NULL, Object(Config\Cache), false)
#7 /Users/markpearson/Google Drive/Documents/Projects/My Websites/Teacherpedia/4.0 CI teacherpedia 1.1/Teacherpedia/public_html/index.php(45): CodeIgniter\CodeIgniter->run()
#8 {main}
CRITICAL - 2020-07-07 12:23:55 --> Undefined property: CodeIgniter\View\View::$uri
#0 /Users/markpearson/Google Drive/Documents/Projects/My Websites/Teacherpedia/4.0 CI teacherpedia 1.1/Teacherpedia/ci4/app/Views/index.php(154): CodeIgniter\Debug\Exceptions->errorHandler(8, 'Undefined prope...', '/Users/markpear...', 154, Array)
#1 /Users/markpearson/Google Drive/Documents/Projects/My Websites/Teacherpedia/4.0 CI teacherpedia 1.1/Teacherpedia/ci4/system/View/View.php(246): include('/Users/markpear...')
#2 /Users/markpearson/Google Drive/Documents/Projects/My Websites/Teacherpedia/4.0 CI teacherpedia 1.1/Teacherpedia/ci4/system/Common.php(1087): CodeIgniter\View\View->render('index', Array, true)
#3 /Users/markpearson/Google Drive/Documents/Projects/My Websites/Teacherpedia/4.0 CI teacherpedia 1.1/Teacherpedia/ci4/app/Controllers/Home.php(23): view('index', Array)
#4 /Users/markpearson/Google Drive/Documents/Projects/My Websites/Teacherpedia/4.0 CI teacherpedia 1.1/Teacherpedia/ci4/system/CodeIgniter.php(914): App\Controllers\Home->index()
#5 /Users/markpearson/Google Drive/Documents/Projects/My Websites/Teacherpedia/4.0 CI teacherpedia 1.1/Teacherpedia/ci4/system/CodeIgniter.php(400): CodeIgniter\CodeIgniter->runController(Object(App\Controllers\Home))
#6 /Users/markpearson/Google Drive/Documents/Projects/My Websites/Teacherpedia/4.0 CI teacherpedia 1.1/Teacherpedia/ci4/system/CodeIgniter.php(308): CodeIgniter\CodeIgniter->handleRequest(NULL, Object(Config\Cache), false)
#7 /Users/markpearson/Google Drive/Documents/Projects/My Websites/Teacherpedia/4.0 CI teacherpedia 1.1/Teacherpedia/public_html/index.php(45): CodeIgniter\CodeIgniter->run()
#8 {main}
CRITICAL - 2020-07-07 12:28:43 --> Undefined variable: breadcrumbs
#0 /Users/markpearson/Google Drive/Documents/Projects/My Websites/Teacherpedia/4.0 CI teacherpedia 1.1/Teacherpedia/ci4/app/Views/index.php(154): CodeIgniter\Debug\Exceptions->errorHandler(8, 'Undefined varia...', '/Users/markpear...', 154, Array)
#1 /Users/markpearson/Google Drive/Documents/Projects/My Websites/Teacherpedia/4.0 CI teacherpedia 1.1/Teacherpedia/ci4/system/View/View.php(246): include('/Users/markpear...')
#2 /Users/markpearson/Google Drive/Documents/Projects/My Websites/Teacherpedia/4.0 CI teacherpedia 1.1/Teacherpedia/ci4/system/Common.php(1087): CodeIgniter\View\View->render('index', Array, true)
#3 /Users/markpearson/Google Drive/Documents/Projects/My Websites/Teacherpedia/4.0 CI teacherpedia 1.1/Teacherpedia/ci4/app/Controllers/Home.php(23): view('index', Array)
#4 /Users/markpearson/Google Drive/Documents/Projects/My Websites/Teacherpedia/4.0 CI teacherpedia 1.1/Teacherpedia/ci4/system/CodeIgniter.php(914): App\Controllers\Home->index()
#5 /Users/markpearson/Google Drive/Documents/Projects/My Websites/Teacherpedia/4.0 CI teacherpedia 1.1/Teacherpedia/ci4/system/CodeIgniter.php(400): CodeIgniter\CodeIgniter->runController(Object(App\Controllers\Home))
#6 /Users/markpearson/Google Drive/Documents/Projects/My Websites/Teacherpedia/4.0 CI teacherpedia 1.1/Teacherpedia/ci4/system/CodeIgniter.php(308): CodeIgniter\CodeIgniter->handleRequest(NULL, Object(Config\Cache), false)
#7 /Users/markpearson/Google Drive/Documents/Projects/My Websites/Teacherpedia/4.0 CI teacherpedia 1.1/Teacherpedia/public_html/index.php(45): CodeIgniter\CodeIgniter->run()
#8 {main}
CRITICAL - 2020-07-07 12:29:27 --> Undefined variable: breadcrumbs
#0 /Users/markpearson/Google Drive/Documents/Projects/My Websites/Teacherpedia/4.0 CI teacherpedia 1.1/Teacherpedia/ci4/app/Views/index.php(154): CodeIgniter\Debug\Exceptions->errorHandler(8, 'Undefined varia...', '/Users/markpear...', 154, Array)
#1 /Users/markpearson/Google Drive/Documents/Projects/My Websites/Teacherpedia/4.0 CI teacherpedia 1.1/Teacherpedia/ci4/system/View/View.php(246): include('/Users/markpear...')
#2 /Users/markpearson/Google Drive/Documents/Projects/My Websites/Teacherpedia/4.0 CI teacherpedia 1.1/Teacherpedia/ci4/system/Common.php(1087): CodeIgniter\View\View->render('index', Array, true)
#3 /Users/markpearson/Google Drive/Documents/Projects/My Websites/Teacherpedia/4.0 CI teacherpedia 1.1/Teacherpedia/ci4/app/Controllers/Home.php(23): view('index', Array)
#4 /Users/markpearson/Google Drive/Documents/Projects/My Websites/Teacherpedia/4.0 CI teacherpedia 1.1/Teacherpedia/ci4/system/CodeIgniter.php(914): App\Controllers\Home->index()
#5 /Users/markpearson/Google Drive/Documents/Projects/My Websites/Teacherpedia/4.0 CI teacherpedia 1.1/Teacherpedia/ci4/system/CodeIgniter.php(400): CodeIgniter\CodeIgniter->runController(Object(App\Controllers\Home))
#6 /Users/markpearson/Google Drive/Documents/Projects/My Websites/Teacherpedia/4.0 CI teacherpedia 1.1/Teacherpedia/ci4/system/CodeIgniter.php(308): CodeIgniter\CodeIgniter->handleRequest(NULL, Object(Config\Cache), false)
#7 /Users/markpearson/Google Drive/Documents/Projects/My Websites/Teacherpedia/4.0 CI teacherpedia 1.1/Teacherpedia/public_html/index.php(45): CodeIgniter\CodeIgniter->run()
#8 {main}
CRITICAL - 2020-07-07 12:29:34 --> Undefined variable: breadcrumbs
#0 /Users/markpearson/Google Drive/Documents/Projects/My Websites/Teacherpedia/4.0 CI teacherpedia 1.1/Teacherpedia/ci4/app/Views/resources/keystages.php(16): CodeIgniter\Debug\Exceptions->errorHandler(8, 'Undefined varia...', '/Users/markpear...', 16, Array)
#1 /Users/markpearson/Google Drive/Documents/Projects/My Websites/Teacherpedia/4.0 CI teacherpedia 1.1/Teacherpedia/ci4/system/View/View.php(246): include('/Users/markpear...')
#2 /Users/markpearson/Google Drive/Documents/Projects/My Websites/Teacherpedia/4.0 CI teacherpedia 1.1/Teacherpedia/ci4/system/Common.php(1087): CodeIgniter\View\View->render('resources/keyst...', Array, true)
#3 /Users/markpearson/Google Drive/Documents/Projects/My Websites/Teacherpedia/4.0 CI teacherpedia 1.1/Teacherpedia/ci4/app/Controllers/Resources.php(23): view('resources/keyst...', Array)
#4 /Users/markpearson/Google Drive/Documents/Projects/My Websites/Teacherpedia/4.0 CI teacherpedia 1.1/Teacherpedia/ci4/system/CodeIgniter.php(914): App\Controllers\Resources->view('keystages', '$1')
#5 /Users/markpearson/Google Drive/Documents/Projects/My Websites/Teacherpedia/4.0 CI teacherpedia 1.1/Teacherpedia/ci4/system/CodeIgniter.php(400): CodeIgniter\CodeIgniter->runController(Object(App\Controllers\Resources))
#6 /Users/markpearson/Google Drive/Documents/Projects/My Websites/Teacherpedia/4.0 CI teacherpedia 1.1/Teacherpedia/ci4/system/CodeIgniter.php(308): CodeIgniter\CodeIgniter->handleRequest(NULL, Object(Config\Cache), false)
#7 /Users/markpearson/Google Drive/Documents/Projects/My Websites/Teacherpedia/4.0 CI teacherpedia 1.1/Teacherpedia/public_html/index.php(45): CodeIgniter\CodeIgniter->run()
#8 {main}
CRITICAL - 2020-07-07 12:36:23 --> Undefined property: CodeIgniter\View\View::$breadcrumbs
#0 /Users/markpearson/Google Drive/Documents/Projects/My Websites/Teacherpedia/4.0 CI teacherpedia 1.1/Teacherpedia/ci4/app/Views/resources/keystages.php(16): CodeIgniter\Debug\Exceptions->errorHandler(8, 'Undefined prope...', '/Users/markpear...', 16, Array)
#1 /Users/markpearson/Google Drive/Documents/Projects/My Websites/Teacherpedia/4.0 CI teacherpedia 1.1/Teacherpedia/ci4/system/View/View.php(246): include('/Users/markpear...')
#2 /Users/markpearson/Google Drive/Documents/Projects/My Websites/Teacherpedia/4.0 CI teacherpedia 1.1/Teacherpedia/ci4/system/Common.php(1087): CodeIgniter\View\View->render('resources/keyst...', Array, true)
#3 /Users/markpearson/Google Drive/Documents/Projects/My Websites/Teacherpedia/4.0 CI teacherpedia 1.1/Teacherpedia/ci4/app/Controllers/Resources.php(23): view('resources/keyst...', Array)
#4 /Users/markpearson/Google Drive/Documents/Projects/My Websites/Teacherpedia/4.0 CI teacherpedia 1.1/Teacherpedia/ci4/system/CodeIgniter.php(914): App\Controllers\Resources->view('keystages', '$1')
#5 /Users/markpearson/Google Drive/Documents/Projects/My Websites/Teacherpedia/4.0 CI teacherpedia 1.1/Teacherpedia/ci4/system/CodeIgniter.php(400): CodeIgniter\CodeIgniter->runController(Object(App\Controllers\Resources))
#6 /Users/markpearson/Google Drive/Documents/Projects/My Websites/Teacherpedia/4.0 CI teacherpedia 1.1/Teacherpedia/ci4/system/CodeIgniter.php(308): CodeIgniter\CodeIgniter->handleRequest(NULL, Object(Config\Cache), false)
#7 /Users/markpearson/Google Drive/Documents/Projects/My Websites/Teacherpedia/4.0 CI teacherpedia 1.1/Teacherpedia/public_html/index.php(45): CodeIgniter\CodeIgniter->run()
#8 {main}
CRITICAL - 2020-07-07 12:36:49 --> Undefined property: CodeIgniter\View\View::$breadcrumbs
#0 /Users/markpearson/Google Drive/Documents/Projects/My Websites/Teacherpedia/4.0 CI teacherpedia 1.1/Teacherpedia/ci4/app/Views/resources/keystages.php(16): CodeIgniter\Debug\Exceptions->errorHandler(8, 'Undefined prope...', '/Users/markpear...', 16, Array)
#1 /Users/markpearson/Google Drive/Documents/Projects/My Websites/Teacherpedia/4.0 CI teacherpedia 1.1/Teacherpedia/ci4/system/View/View.php(246): include('/Users/markpear...')
#2 /Users/markpearson/Google Drive/Documents/Projects/My Websites/Teacherpedia/4.0 CI teacherpedia 1.1/Teacherpedia/ci4/system/Common.php(1087): CodeIgniter\View\View->render('resources/keyst...', Array, true)
#3 /Users/markpearson/Google Drive/Documents/Projects/My Websites/Teacherpedia/4.0 CI teacherpedia 1.1/Teacherpedia/ci4/app/Controllers/Resources.php(23): view('resources/keyst...', Array)
#4 /Users/markpearson/Google Drive/Documents/Projects/My Websites/Teacherpedia/4.0 CI teacherpedia 1.1/Teacherpedia/ci4/system/CodeIgniter.php(914): App\Controllers\Resources->view('keystages', '$1')
#5 /Users/markpearson/Google Drive/Documents/Projects/My Websites/Teacherpedia/4.0 CI teacherpedia 1.1/Teacherpedia/ci4/system/CodeIgniter.php(400): CodeIgniter\CodeIgniter->runController(Object(App\Controllers\Resources))
#6 /Users/markpearson/Google Drive/Documents/Projects/My Websites/Teacherpedia/4.0 CI teacherpedia 1.1/Teacherpedia/ci4/system/CodeIgniter.php(308): CodeIgniter\CodeIgniter->handleRequest(NULL, Object(Config\Cache), false)
#7 /Users/markpearson/Google Drive/Documents/Projects/My Websites/Teacherpedia/4.0 CI teacherpedia 1.1/Teacherpedia/public_html/index.php(45): CodeIgniter\CodeIgniter->run()
#8 {main}
CRITICAL - 2020-07-07 12:37:03 --> Undefined variable: breadcrumbs
#0 /Users/markpearson/Google Drive/Documents/Projects/My Websites/Teacherpedia/4.0 CI teacherpedia 1.1/Teacherpedia/ci4/app/Views/resources/keystages.php(16): CodeIgniter\Debug\Exceptions->errorHandler(8, 'Undefined varia...', '/Users/markpear...', 16, Array)
#1 /Users/markpearson/Google Drive/Documents/Projects/My Websites/Teacherpedia/4.0 CI teacherpedia 1.1/Teacherpedia/ci4/system/View/View.php(246): include('/Users/markpear...')
#2 /Users/markpearson/Google Drive/Documents/Projects/My Websites/Teacherpedia/4.0 CI teacherpedia 1.1/Teacherpedia/ci4/system/Common.php(1087): CodeIgniter\View\View->render('resources/keyst...', Array, true)
#3 /Users/markpearson/Google Drive/Documents/Projects/My Websites/Teacherpedia/4.0 CI teacherpedia 1.1/Teacherpedia/ci4/app/Controllers/Resources.php(23): view('resources/keyst...', Array)
#4 /Users/markpearson/Google Drive/Documents/Projects/My Websites/Teacherpedia/4.0 CI teacherpedia 1.1/Teacherpedia/ci4/system/CodeIgniter.php(914): App\Controllers\Resources->view('keystages', '$1')
#5 /Users/markpearson/Google Drive/Documents/Projects/My Websites/Teacherpedia/4.0 CI teacherpedia 1.1/Teacherpedia/ci4/system/CodeIgniter.php(400): CodeIgniter\CodeIgniter->runController(Object(App\Controllers\Resources))
#6 /Users/markpearson/Google Drive/Documents/Projects/My Websites/Teacherpedia/4.0 CI teacherpedia 1.1/Teacherpedia/ci4/system/CodeIgniter.php(308): CodeIgniter\CodeIgniter->handleRequest(NULL, Object(Config\Cache), false)
#7 /Users/markpearson/Google Drive/Documents/Projects/My Websites/Teacherpedia/4.0 CI teacherpedia 1.1/Teacherpedia/public_html/index.php(45): CodeIgniter\CodeIgniter->run()
#8 {main}
CRITICAL - 2020-07-07 12:37:05 --> Undefined variable: breadcrumbs
#0 /Users/markpearson/Google Drive/Documents/Projects/My Websites/Teacherpedia/4.0 CI teacherpedia 1.1/Teacherpedia/ci4/app/Views/resources/keystages.php(16): CodeIgniter\Debug\Exceptions->errorHandler(8, 'Undefined varia...', '/Users/markpear...', 16, Array)
#1 /Users/markpearson/Google Drive/Documents/Projects/My Websites/Teacherpedia/4.0 CI teacherpedia 1.1/Teacherpedia/ci4/system/View/View.php(246): include('/Users/markpear...')
#2 /Users/markpearson/Google Drive/Documents/Projects/My Websites/Teacherpedia/4.0 CI teacherpedia 1.1/Teacherpedia/ci4/system/Common.php(1087): CodeIgniter\View\View->render('resources/keyst...', Array, true)
#3 /Users/markpearson/Google Drive/Documents/Projects/My Websites/Teacherpedia/4.0 CI teacherpedia 1.1/Teacherpedia/ci4/app/Controllers/Resources.php(23): view('resources/keyst...', Array)
#4 /Users/markpearson/Google Drive/Documents/Projects/My Websites/Teacherpedia/4.0 CI teacherpedia 1.1/Teacherpedia/ci4/system/CodeIgniter.php(914): App\Controllers\Resources->view('keystages', '$1')
#5 /Users/markpearson/Google Drive/Documents/Projects/My Websites/Teacherpedia/4.0 CI teacherpedia 1.1/Teacherpedia/ci4/system/CodeIgniter.php(400): CodeIgniter\CodeIgniter->runController(Object(App\Controllers\Resources))
#6 /Users/markpearson/Google Drive/Documents/Projects/My Websites/Teacherpedia/4.0 CI teacherpedia 1.1/Teacherpedia/ci4/system/CodeIgniter.php(308): CodeIgniter\CodeIgniter->handleRequest(NULL, Object(Config\Cache), false)
#7 /Users/markpearson/Google Drive/Documents/Projects/My Websites/Teacherpedia/4.0 CI teacherpedia 1.1/Teacherpedia/public_html/index.php(45): CodeIgniter\CodeIgniter->run()
#8 {main}
CRITICAL - 2020-07-07 12:37:27 --> Undefined variable: segments
#0 /Users/markpearson/Google Drive/Documents/Projects/My Websites/Teacherpedia/4.0 CI teacherpedia 1.1/Teacherpedia/ci4/app/Views/resources/keystages.php(18): CodeIgniter\Debug\Exceptions->errorHandler(8, 'Undefined varia...', '/Users/markpear...', 18, Array)
#1 /Users/markpearson/Google Drive/Documents/Projects/My Websites/Teacherpedia/4.0 CI teacherpedia 1.1/Teacherpedia/ci4/system/View/View.php(246): include('/Users/markpear...')
#2 /Users/markpearson/Google Drive/Documents/Projects/My Websites/Teacherpedia/4.0 CI teacherpedia 1.1/Teacherpedia/ci4/system/Common.php(1087): CodeIgniter\View\View->render('resources/keyst...', Array, true)
#3 /Users/markpearson/Google Drive/Documents/Projects/My Websites/Teacherpedia/4.0 CI teacherpedia 1.1/Teacherpedia/ci4/app/Controllers/Resources.php(23): view('resources/keyst...', Array)
#4 /Users/markpearson/Google Drive/Documents/Projects/My Websites/Teacherpedia/4.0 CI teacherpedia 1.1/Teacherpedia/ci4/system/CodeIgniter.php(914): App\Controllers\Resources->view('keystages', '$1')
#5 /Users/markpearson/Google Drive/Documents/Projects/My Websites/Teacherpedia/4.0 CI teacherpedia 1.1/Teacherpedia/ci4/system/CodeIgniter.php(400): CodeIgniter\CodeIgniter->runController(Object(App\Controllers\Resources))
#6 /Users/markpearson/Google Drive/Documents/Projects/My Websites/Teacherpedia/4.0 CI teacherpedia 1.1/Teacherpedia/ci4/system/CodeIgniter.php(308): CodeIgniter\CodeIgniter->handleRequest(NULL, Object(Config\Cache), false)
#7 /Users/markpearson/Google Drive/Documents/Projects/My Websites/Teacherpedia/4.0 CI teacherpedia 1.1/Teacherpedia/public_html/index.php(45): CodeIgniter\CodeIgniter->run()
#8 {main}
CRITICAL - 2020-07-07 12:48:15 --> Undefined variable: breadcrumbs
#0 /Users/markpearson/Google Drive/Documents/Projects/My Websites/Teacherpedia/4.0 CI teacherpedia 1.1/Teacherpedia/ci4/app/Views/resources/resources_head.php(17): CodeIgniter\Debug\Exceptions->errorHandler(8, 'Undefined varia...', '/Users/markpear...', 17, Array)
#1 /Users/markpearson/Google Drive/Documents/Projects/My Websites/Teacherpedia/4.0 CI teacherpedia 1.1/Teacherpedia/ci4/app/Views/resources/results.php(16): include('/Users/markpear...')
#2 /Users/markpearson/Google Drive/Documents/Projects/My Websites/Teacherpedia/4.0 CI teacherpedia 1.1/Teacherpedia/ci4/system/View/View.php(246): include('/Users/markpear...')
#3 /Users/markpearson/Google Drive/Documents/Projects/My Websites/Teacherpedia/4.0 CI teacherpedia 1.1/Teacherpedia/ci4/system/Common.php(1087): CodeIgniter\View\View->render('resources/resul...', Array, true)
#4 /Users/markpearson/Google Drive/Documents/Projects/My Websites/Teacherpedia/4.0 CI teacherpedia 1.1/Teacherpedia/ci4/app/Controllers/Resources.php(63): view('resources/resul...', Array)
#5 /Users/markpearson/Google Drive/Documents/Projects/My Websites/Teacherpedia/4.0 CI teacherpedia 1.1/Teacherpedia/ci4/system/CodeIgniter.php(914): App\Controllers\Resources->subjects('results', 'numeracy')
#6 /Users/markpearson/Google Drive/Documents/Projects/My Websites/Teacherpedia/4.0 CI teacherpedia 1.1/Teacherpedia/ci4/system/CodeIgniter.php(400): CodeIgniter\CodeIgniter->runController(Object(App\Controllers\Resources))
#7 /Users/markpearson/Google Drive/Documents/Projects/My Websites/Teacherpedia/4.0 CI teacherpedia 1.1/Teacherpedia/ci4/system/CodeIgniter.php(308): CodeIgniter\CodeIgniter->handleRequest(NULL, Object(Config\Cache), false)
#8 /Users/markpearson/Google Drive/Documents/Projects/My Websites/Teacherpedia/4.0 CI teacherpedia 1.1/Teacherpedia/public_html/index.php(45): CodeIgniter\CodeIgniter->run()
#9 {main}
CRITICAL - 2020-07-07 13:16:59 --> Undefined variable: breadcrumbs
#0 /Users/markpearson/Google Drive/Documents/Projects/My Websites/Teacherpedia/4.0 CI teacherpedia 1.1/Teacherpedia/ci4/app/Views/resources/resources_head.php(17): CodeIgniter\Debug\Exceptions->errorHandler(8, 'Undefined varia...', '/Users/markpear...', 17, Array)
#1 /Users/markpearson/Google Drive/Documents/Projects/My Websites/Teacherpedia/4.0 CI teacherpedia 1.1/Teacherpedia/ci4/app/Views/resources/results.php(16): include('/Users/markpear...')
#2 /Users/markpearson/Google Drive/Documents/Projects/My Websites/Teacherpedia/4.0 CI teacherpedia 1.1/Teacherpedia/ci4/system/View/View.php(246): include('/Users/markpear...')
#3 /Users/markpearson/Google Drive/Documents/Projects/My Websites/Teacherpedia/4.0 CI teacherpedia 1.1/Teacherpedia/ci4/system/Common.php(1087): CodeIgniter\View\View->render('resources/resul...', Array, true)
#4 /Users/markpearson/Google Drive/Documents/Projects/My Websites/Teacherpedia/4.0 CI teacherpedia 1.1/Teacherpedia/ci4/app/Controllers/Resources.php(63): view('resources/resul...', Array)
#5 /Users/markpearson/Google Drive/Documents/Projects/My Websites/Teacherpedia/4.0 CI teacherpedia 1.1/Teacherpedia/ci4/system/CodeIgniter.php(914): App\Controllers\Resources->subjects('results', 'numeracy')
#6 /Users/markpearson/Google Drive/Documents/Projects/My Websites/Teacherpedia/4.0 CI teacherpedia 1.1/Teacherpedia/ci4/system/CodeIgniter.php(400): CodeIgniter\CodeIgniter->runController(Object(App\Controllers\Resources))
#7 /Users/markpearson/Google Drive/Documents/Projects/My Websites/Teacherpedia/4.0 CI teacherpedia 1.1/Teacherpedia/ci4/system/CodeIgniter.php(308): CodeIgniter\CodeIgniter->handleRequest(NULL, Object(Config\Cache), false)
#8 /Users/markpearson/Google Drive/Documents/Projects/My Websites/Teacherpedia/4.0 CI teacherpedia 1.1/Teacherpedia/public_html/index.php(45): CodeIgniter\CodeIgniter->run()
#9 {main}
CRITICAL - 2020-07-07 13:17:01 --> Undefined variable: breadcrumbs
#0 /Users/markpearson/Google Drive/Documents/Projects/My Websites/Teacherpedia/4.0 CI teacherpedia 1.1/Teacherpedia/ci4/app/Views/resources/resources_head.php(17): CodeIgniter\Debug\Exceptions->errorHandler(8, 'Undefined varia...', '/Users/markpear...', 17, Array)
#1 /Users/markpearson/Google Drive/Documents/Projects/My Websites/Teacherpedia/4.0 CI teacherpedia 1.1/Teacherpedia/ci4/app/Views/resources/results.php(16): include('/Users/markpear...')
#2 /Users/markpearson/Google Drive/Documents/Projects/My Websites/Teacherpedia/4.0 CI teacherpedia 1.1/Teacherpedia/ci4/system/View/View.php(246): include('/Users/markpear...')
#3 /Users/markpearson/Google Drive/Documents/Projects/My Websites/Teacherpedia/4.0 CI teacherpedia 1.1/Teacherpedia/ci4/system/Common.php(1087): CodeIgniter\View\View->render('resources/resul...', Array, true)
#4 /Users/markpearson/Google Drive/Documents/Projects/My Websites/Teacherpedia/4.0 CI teacherpedia 1.1/Teacherpedia/ci4/app/Controllers/Resources.php(63): view('resources/resul...', Array)
#5 /Users/markpearson/Google Drive/Documents/Projects/My Websites/Teacherpedia/4.0 CI teacherpedia 1.1/Teacherpedia/ci4/system/CodeIgniter.php(914): App\Controllers\Resources->subjects('results', 'numeracy')
#6 /Users/markpearson/Google Drive/Documents/Projects/My Websites/Teacherpedia/4.0 CI teacherpedia 1.1/Teacherpedia/ci4/system/CodeIgniter.php(400): CodeIgniter\CodeIgniter->runController(Object(App\Controllers\Resources))
#7 /Users/markpearson/Google Drive/Documents/Projects/My Websites/Teacherpedia/4.0 CI teacherpedia 1.1/Teacherpedia/ci4/system/CodeIgniter.php(308): CodeIgniter\CodeIgniter->handleRequest(NULL, Object(Config\Cache), false)
#8 /Users/markpearson/Google Drive/Documents/Projects/My Websites/Teacherpedia/4.0 CI teacherpedia 1.1/Teacherpedia/public_html/index.php(45): CodeIgniter\CodeIgniter->run()
#9 {main}
CRITICAL - 2020-07-07 13:33:14 --> syntax error, unexpected '}', expecting ',' or ';'
#0 /Users/markpearson/Google Drive/Documents/Projects/My Websites/Teacherpedia/4.0 CI teacherpedia 1.1/Teacherpedia/ci4/app/Views/resources/keystages.php(1): include()
#1 /Users/markpearson/Google Drive/Documents/Projects/My Websites/Teacherpedia/4.0 CI teacherpedia 1.1/Teacherpedia/ci4/system/View/View.php(246): include('/Users/markpear...')
#2 /Users/markpearson/Google Drive/Documents/Projects/My Websites/Teacherpedia/4.0 CI teacherpedia 1.1/Teacherpedia/ci4/system/Common.php(1087): CodeIgniter\View\View->render('resources/keyst...', Array, true)
#3 /Users/markpearson/Google Drive/Documents/Projects/My Websites/Teacherpedia/4.0 CI teacherpedia 1.1/Teacherpedia/ci4/app/Controllers/Resources.php(23): view('resources/keyst...', Array)
#4 /Users/markpearson/Google Drive/Documents/Projects/My Websites/Teacherpedia/4.0 CI teacherpedia 1.1/Teacherpedia/ci4/system/CodeIgniter.php(914): App\Controllers\Resources->view('keystages', 'keystage2-ks2', 'keystage')
#5 /Users/markpearson/Google Drive/Documents/Projects/My Websites/Teacherpedia/4.0 CI teacherpedia 1.1/Teacherpedia/ci4/system/CodeIgniter.php(400): CodeIgniter\CodeIgniter->runController(Object(App\Controllers\Resources))
#6 /Users/markpearson/Google Drive/Documents/Projects/My Websites/Teacherpedia/4.0 CI teacherpedia 1.1/Teacherpedia/ci4/system/CodeIgniter.php(308): CodeIgniter\CodeIgniter->handleRequest(NULL, Object(Config\Cache), false)
#7 /Users/markpearson/Google Drive/Documents/Projects/My Websites/Teacherpedia/4.0 CI teacherpedia 1.1/Teacherpedia/public_html/index.php(45): CodeIgniter\CodeIgniter->run()
#8 {main}
CRITICAL - 2020-07-07 13:35:35 --> Undefined variable: link
#0 /Users/markpearson/Google Drive/Documents/Projects/My Websites/Teacherpedia/4.0 CI teacherpedia 1.1/Teacherpedia/ci4/app/Views/resources/breadcrumbs.php(8): CodeIgniter\Debug\Exceptions->errorHandler(8, 'Undefined varia...', '/Users/markpear...', 8, Array)
#1 /Users/markpearson/Google Drive/Documents/Projects/My Websites/Teacherpedia/4.0 CI teacherpedia 1.1/Teacherpedia/ci4/app/Views/resources/resources_head.php(15): include('/Users/markpear...')
#2 /Users/markpearson/Google Drive/Documents/Projects/My Websites/Teacherpedia/4.0 CI teacherpedia 1.1/Teacherpedia/ci4/app/Views/resources/subjects.php(1): include('/Users/markpear...')
#3 /Users/markpearson/Google Drive/Documents/Projects/My Websites/Teacherpedia/4.0 CI teacherpedia 1.1/Teacherpedia/ci4/system/View/View.php(246): include('/Users/markpear...')
#4 /Users/markpearson/Google Drive/Documents/Projects/My Websites/Teacherpedia/4.0 CI teacherpedia 1.1/Teacherpedia/ci4/system/Common.php(1087): CodeIgniter\View\View->render('resources/subje...', Array, true)
#5 /Users/markpearson/Google Drive/Documents/Projects/My Websites/Teacherpedia/4.0 CI teacherpedia 1.1/Teacherpedia/ci4/app/Controllers/Resources.php(23): view('resources/subje...', Array)
#6 /Users/markpearson/Google Drive/Documents/Projects/My Websites/Teacherpedia/4.0 CI teacherpedia 1.1/Teacherpedia/ci4/system/CodeIgniter.php(914): App\Controllers\Resources->view('subjects')
#7 /Users/markpearson/Google Drive/Documents/Projects/My Websites/Teacherpedia/4.0 CI teacherpedia 1.1/Teacherpedia/ci4/system/CodeIgniter.php(400): CodeIgniter\CodeIgniter->runController(Object(App\Controllers\Resources))
#8 /Users/markpearson/Google Drive/Documents/Projects/My Websites/Teacherpedia/4.0 CI teacherpedia 1.1/Teacherpedia/ci4/system/CodeIgniter.php(308): CodeIgniter\CodeIgniter->handleRequest(NULL, Object(Config\Cache), false)
#9 /Users/markpearson/Google Drive/Documents/Projects/My Websites/Teacherpedia/4.0 CI teacherpedia 1.1/Teacherpedia/public_html/index.php(45): CodeIgniter\CodeIgniter->run()
#10 {main}
CRITICAL - 2020-07-07 13:40:08 --> syntax error, unexpected '/'
#0 /Users/markpearson/Google Drive/Documents/Projects/My Websites/Teacherpedia/4.0 CI teacherpedia 1.1/Teacherpedia/ci4/app/Views/resources/subjects.php(1): include()
#1 /Users/markpearson/Google Drive/Documents/Projects/My Websites/Teacherpedia/4.0 CI teacherpedia 1.1/Teacherpedia/ci4/system/View/View.php(246): include('/Users/markpear...')
#2 /Users/markpearson/Google Drive/Documents/Projects/My Websites/Teacherpedia/4.0 CI teacherpedia 1.1/Teacherpedia/ci4/system/Common.php(1087): CodeIgniter\View\View->render('resources/subje...', Array, true)
#3 /Users/markpearson/Google Drive/Documents/Projects/My Websites/Teacherpedia/4.0 CI teacherpedia 1.1/Teacherpedia/ci4/app/Controllers/Resources.php(23): view('resources/subje...', Array)
#4 /Users/markpearson/Google Drive/Documents/Projects/My Websites/Teacherpedia/4.0 CI teacherpedia 1.1/Teacherpedia/ci4/system/CodeIgniter.php(914): App\Controllers\Resources->view('subjects')
#5 /Users/markpearson/Google Drive/Documents/Projects/My Websites/Teacherpedia/4.0 CI teacherpedia 1.1/Teacherpedia/ci4/system/CodeIgniter.php(400): CodeIgniter\CodeIgniter->runController(Object(App\Controllers\Resources))
#6 /Users/markpearson/Google Drive/Documents/Projects/My Websites/Teacherpedia/4.0 CI teacherpedia 1.1/Teacherpedia/ci4/system/CodeIgniter.php(308): CodeIgniter\CodeIgniter->handleRequest(NULL, Object(Config\Cache), false)
#7 /Users/markpearson/Google Drive/Documents/Projects/My Websites/Teacherpedia/4.0 CI teacherpedia 1.1/Teacherpedia/public_html/index.php(45): CodeIgniter\CodeIgniter->run()
#8 {main}
CRITICAL - 2020-07-07 13:47:12 --> syntax error, unexpected '}'
#0 /Users/markpearson/Google Drive/Documents/Projects/My Websites/Teacherpedia/4.0 CI teacherpedia 1.1/Teacherpedia/ci4/app/Views/resources/subjects.php(1): include()
#1 /Users/markpearson/Google Drive/Documents/Projects/My Websites/Teacherpedia/4.0 CI teacherpedia 1.1/Teacherpedia/ci4/system/View/View.php(246): include('/Users/markpear...')
#2 /Users/markpearson/Google Drive/Documents/Projects/My Websites/Teacherpedia/4.0 CI teacherpedia 1.1/Teacherpedia/ci4/system/Common.php(1087): CodeIgniter\View\View->render('resources/subje...', Array, true)
#3 /Users/markpearson/Google Drive/Documents/Projects/My Websites/Teacherpedia/4.0 CI teacherpedia 1.1/Teacherpedia/ci4/app/Controllers/Resources.php(23): view('resources/subje...', Array)
#4 /Users/markpearson/Google Drive/Documents/Projects/My Websites/Teacherpedia/4.0 CI teacherpedia 1.1/Teacherpedia/ci4/system/CodeIgniter.php(914): App\Controllers\Resources->view('subjects')
#5 /Users/markpearson/Google Drive/Documents/Projects/My Websites/Teacherpedia/4.0 CI teacherpedia 1.1/Teacherpedia/ci4/system/CodeIgniter.php(400): CodeIgniter\CodeIgniter->runController(Object(App\Controllers\Resources))
#6 /Users/markpearson/Google Drive/Documents/Projects/My Websites/Teacherpedia/4.0 CI teacherpedia 1.1/Teacherpedia/ci4/system/CodeIgniter.php(308): CodeIgniter\CodeIgniter->handleRequest(NULL, Object(Config\Cache), false)
#7 /Users/markpearson/Google Drive/Documents/Projects/My Websites/Teacherpedia/4.0 CI teacherpedia 1.1/Teacherpedia/public_html/index.php(45): CodeIgniter\CodeIgniter->run()
#8 {main}
CRITICAL - 2020-07-07 13:52:42 --> Undefined variable: trail
#0 /Users/markpearson/Google Drive/Documents/Projects/My Websites/Teacherpedia/4.0 CI teacherpedia 1.1/Teacherpedia/ci4/app/Views/resources/breadcrumbs.php(9): CodeIgniter\Debug\Exceptions->errorHandler(8, 'Undefined varia...', '/Users/markpear...', 9, Array)
#1 /Users/markpearson/Google Drive/Documents/Projects/My Websites/Teacherpedia/4.0 CI teacherpedia 1.1/Teacherpedia/ci4/app/Views/resources/resources_head.php(15): include('/Users/markpear...')
#2 /Users/markpearson/Google Drive/Documents/Projects/My Websites/Teacherpedia/4.0 CI teacherpedia 1.1/Teacherpedia/ci4/app/Views/resources/subjects.php(1): include('/Users/markpear...')
#3 /Users/markpearson/Google Drive/Documents/Projects/My Websites/Teacherpedia/4.0 CI teacherpedia 1.1/Teacherpedia/ci4/system/View/View.php(246): include('/Users/markpear...')
#4 /Users/markpearson/Google Drive/Documents/Projects/My Websites/Teacherpedia/4.0 CI teacherpedia 1.1/Teacherpedia/ci4/system/Common.php(1087): CodeIgniter\View\View->render('resources/subje...', Array, true)
#5 /Users/markpearson/Google Drive/Documents/Projects/My Websites/Teacherpedia/4.0 CI teacherpedia 1.1/Teacherpedia/ci4/app/Controllers/Resources.php(23): view('resources/subje...', Array)
#6 /Users/markpearson/Google Drive/Documents/Projects/My Websites/Teacherpedia/4.0 CI teacherpedia 1.1/Teacherpedia/ci4/system/CodeIgniter.php(914): App\Controllers\Resources->view('subjects')
#7 /Users/markpearson/Google Drive/Documents/Projects/My Websites/Teacherpedia/4.0 CI teacherpedia 1.1/Teacherpedia/ci4/system/CodeIgniter.php(400): CodeIgniter\CodeIgniter->runController(Object(App\Controllers\Resources))
#8 /Users/markpearson/Google Drive/Documents/Projects/My Websites/Teacherpedia/4.0 CI teacherpedia 1.1/Teacherpedia/ci4/system/CodeIgniter.php(308): CodeIgniter\CodeIgniter->handleRequest(NULL, Object(Config\Cache), false)
#9 /Users/markpearson/Google Drive/Documents/Projects/My Websites/Teacherpedia/4.0 CI teacherpedia 1.1/Teacherpedia/public_html/index.php(45): CodeIgniter\CodeIgniter->run()
#10 {main}
CRITICAL - 2020-07-07 15:27:13 --> syntax error, unexpected '+', expecting :: (T_PAAMAYIM_NEKUDOTAYIM)
#0 /Users/markpearson/Google Drive/Documents/Projects/My Websites/Teacherpedia/4.0 CI teacherpedia 1.1/Teacherpedia/ci4/app/Views/resources/subjects.php(1): include()
#1 /Users/markpearson/Google Drive/Documents/Projects/My Websites/Teacherpedia/4.0 CI teacherpedia 1.1/Teacherpedia/ci4/system/View/View.php(246): include('/Users/markpear...')
#2 /Users/markpearson/Google Drive/Documents/Projects/My Websites/Teacherpedia/4.0 CI teacherpedia 1.1/Teacherpedia/ci4/system/Common.php(1087): CodeIgniter\View\View->render('resources/subje...', Array, true)
#3 /Users/markpearson/Google Drive/Documents/Projects/My Websites/Teacherpedia/4.0 CI teacherpedia 1.1/Teacherpedia/ci4/app/Controllers/Resources.php(23): view('resources/subje...', Array)
#4 /Users/markpearson/Google Drive/Documents/Projects/My Websites/Teacherpedia/4.0 CI teacherpedia 1.1/Teacherpedia/ci4/system/CodeIgniter.php(914): App\Controllers\Resources->view('subjects')
#5 /Users/markpearson/Google Drive/Documents/Projects/My Websites/Teacherpedia/4.0 CI teacherpedia 1.1/Teacherpedia/ci4/system/CodeIgniter.php(400): CodeIgniter\CodeIgniter->runController(Object(App\Controllers\Resources))
#6 /Users/markpearson/Google Drive/Documents/Projects/My Websites/Teacherpedia/4.0 CI teacherpedia 1.1/Teacherpedia/ci4/system/CodeIgniter.php(308): CodeIgniter\CodeIgniter->handleRequest(NULL, Object(Config\Cache), false)
#7 /Users/markpearson/Google Drive/Documents/Projects/My Websites/Teacherpedia/4.0 CI teacherpedia 1.1/Teacherpedia/public_html/index.php(45): CodeIgniter\CodeIgniter->run()
#8 {main}
CRITICAL - 2020-07-07 15:31:17 --> Undefined variable: SEGMENT
#0 /Users/markpearson/Google Drive/Documents/Projects/My Websites/Teacherpedia/4.0 CI teacherpedia 1.1/Teacherpedia/ci4/app/Views/resources/breadcrumbs.php(15): CodeIgniter\Debug\Exceptions->errorHandler(8, 'Undefined varia...', '/Users/markpear...', 15, Array)
#1 /Users/markpearson/Google Drive/Documents/Projects/My Websites/Teacherpedia/4.0 CI teacherpedia 1.1/Teacherpedia/ci4/app/Views/resources/resources_head.php(15): include('/Users/markpear...')
#2 /Users/markpearson/Google Drive/Documents/Projects/My Websites/Teacherpedia/4.0 CI teacherpedia 1.1/Teacherpedia/ci4/app/Views/resources/keystages.php(1): include('/Users/markpear...')
#3 /Users/markpearson/Google Drive/Documents/Projects/My Websites/Teacherpedia/4.0 CI teacherpedia 1.1/Teacherpedia/ci4/system/View/View.php(246): include('/Users/markpear...')
#4 /Users/markpearson/Google Drive/Documents/Projects/My Websites/Teacherpedia/4.0 CI teacherpedia 1.1/Teacherpedia/ci4/system/Common.php(1087): CodeIgniter\View\View->render('resources/keyst...', Array, true)
#5 /Users/markpearson/Google Drive/Documents/Projects/My Websites/Teacherpedia/4.0 CI teacherpedia 1.1/Teacherpedia/ci4/app/Controllers/Resources.php(21): view('resources/keyst...', Array)
#6 /Users/markpearson/Google Drive/Documents/Projects/My Websites/Teacherpedia/4.0 CI teacherpedia 1.1/Teacherpedia/ci4/system/CodeIgniter.php(914): App\Controllers\Resources->view('keystages', '$1')
#7 /Users/markpearson/Google Drive/Documents/Projects/My Websites/Teacherpedia/4.0 CI teacherpedia 1.1/Teacherpedia/ci4/system/CodeIgniter.php(400): CodeIgniter\CodeIgniter->runController(Object(App\Controllers\Resources))
#8 /Users/markpearson/Google Drive/Documents/Projects/My Websites/Teacherpedia/4.0 CI teacherpedia 1.1/Teacherpedia/ci4/system/CodeIgniter.php(308): CodeIgniter\CodeIgniter->handleRequest(NULL, Object(Config\Cache), false)
#9 /Users/markpearson/Google Drive/Documents/Projects/My Websites/Teacherpedia/4.0 CI teacherpedia 1.1/Teacherpedia/public_html/index.php(45): CodeIgniter\CodeIgniter->run()
#10 {main}
CRITICAL - 2020-07-07 16:04:09 --> Undefined variable: url
#0 /Users/markpearson/Google Drive/Documents/Projects/My Websites/Teacherpedia/4.0 CI teacherpedia 1.1/Teacherpedia/ci4/app/Views/resources/breadcrumbs.php(10): CodeIgniter\Debug\Exceptions->errorHandler(8, 'Undefined varia...', '/Users/markpear...', 10, Array)
#1 /Users/markpearson/Google Drive/Documents/Projects/My Websites/Teacherpedia/4.0 CI teacherpedia 1.1/Teacherpedia/ci4/app/Views/resources/resources_head.php(15): include('/Users/markpear...')
#2 /Users/markpearson/Google Drive/Documents/Projects/My Websites/Teacherpedia/4.0 CI teacherpedia 1.1/Teacherpedia/ci4/app/Views/resources/subjects.php(1): include('/Users/markpear...')
#3 /Users/markpearson/Google Drive/Documents/Projects/My Websites/Teacherpedia/4.0 CI teacherpedia 1.1/Teacherpedia/ci4/system/View/View.php(246): include('/Users/markpear...')
#4 /Users/markpearson/Google Drive/Documents/Projects/My Websites/Teacherpedia/4.0 CI teacherpedia 1.1/Teacherpedia/ci4/system/Common.php(1087): CodeIgniter\View\View->render('resources/subje...', Array, true)
#5 /Users/markpearson/Google Drive/Documents/Projects/My Websites/Teacherpedia/4.0 CI teacherpedia 1.1/Teacherpedia/ci4/app/Controllers/Resources.php(21): view('resources/subje...', Array)
#6 /Users/markpearson/Google Drive/Documents/Projects/My Websites/Teacherpedia/4.0 CI teacherpedia 1.1/Teacherpedia/ci4/system/CodeIgniter.php(914): App\Controllers\Resources->view('subjects')
#7 /Users/markpearson/Google Drive/Documents/Projects/My Websites/Teacherpedia/4.0 CI teacherpedia 1.1/Teacherpedia/ci4/system/CodeIgniter.php(400): CodeIgniter\CodeIgniter->runController(Object(App\Controllers\Resources))
#8 /Users/markpearson/Google Drive/Documents/Projects/My Websites/Teacherpedia/4.0 CI teacherpedia 1.1/Teacherpedia/ci4/system/CodeIgniter.php(308): CodeIgniter\CodeIgniter->handleRequest(NULL, Object(Config\Cache), false)
#9 /Users/markpearson/Google Drive/Documents/Projects/My Websites/Teacherpedia/4.0 CI teacherpedia 1.1/Teacherpedia/public_html/index.php(45): CodeIgniter\CodeIgniter->run()
#10 {main}
CRITICAL - 2020-07-07 16:04:31 --> Undefined variable: url
#0 /Users/markpearson/Google Drive/Documents/Projects/My Websites/Teacherpedia/4.0 CI teacherpedia 1.1/Teacherpedia/ci4/app/Views/resources/breadcrumbs.php(11): CodeIgniter\Debug\Exceptions->errorHandler(8, 'Undefined varia...', '/Users/markpear...', 11, Array)
#1 /Users/markpearson/Google Drive/Documents/Projects/My Websites/Teacherpedia/4.0 CI teacherpedia 1.1/Teacherpedia/ci4/app/Views/resources/resources_head.php(15): include('/Users/markpear...')
#2 /Users/markpearson/Google Drive/Documents/Projects/My Websites/Teacherpedia/4.0 CI teacherpedia 1.1/Teacherpedia/ci4/app/Views/resources/subjects.php(1): include('/Users/markpear...')
#3 /Users/markpearson/Google Drive/Documents/Projects/My Websites/Teacherpedia/4.0 CI teacherpedia 1.1/Teacherpedia/ci4/system/View/View.php(246): include('/Users/markpear...')
#4 /Users/markpearson/Google Drive/Documents/Projects/My Websites/Teacherpedia/4.0 CI teacherpedia 1.1/Teacherpedia/ci4/system/Common.php(1087): CodeIgniter\View\View->render('resources/subje...', Array, true)
#5 /Users/markpearson/Google Drive/Documents/Projects/My Websites/Teacherpedia/4.0 CI teacherpedia 1.1/Teacherpedia/ci4/app/Controllers/Resources.php(21): view('resources/subje...', Array)
#6 /Users/markpearson/Google Drive/Documents/Projects/My Websites/Teacherpedia/4.0 CI teacherpedia 1.1/Teacherpedia/ci4/system/CodeIgniter.php(914): App\Controllers\Resources->view('subjects')
#7 /Users/markpearson/Google Drive/Documents/Projects/My Websites/Teacherpedia/4.0 CI teacherpedia 1.1/Teacherpedia/ci4/system/CodeIgniter.php(400): CodeIgniter\CodeIgniter->runController(Object(App\Controllers\Resources))
#8 /Users/markpearson/Google Drive/Documents/Projects/My Websites/Teacherpedia/4.0 CI teacherpedia 1.1/Teacherpedia/ci4/system/CodeIgniter.php(308): CodeIgniter\CodeIgniter->handleRequest(NULL, Object(Config\Cache), false)
#9 /Users/markpearson/Google Drive/Documents/Projects/My Websites/Teacherpedia/4.0 CI teacherpedia 1.1/Teacherpedia/public_html/index.php(45): CodeIgniter\CodeIgniter->run()
#10 {main}
CRITICAL - 2020-07-07 16:06:16 --> Undefined property: CodeIgniter\View\View::$uri
#0 /Users/markpearson/Google Drive/Documents/Projects/My Websites/Teacherpedia/4.0 CI teacherpedia 1.1/Teacherpedia/ci4/app/Views/resources/breadcrumbs.php(7): CodeIgniter\Debug\Exceptions->errorHandler(8, 'Undefined prope...', '/Users/markpear...', 7, Array)
#1 /Users/markpearson/Google Drive/Documents/Projects/My Websites/Teacherpedia/4.0 CI teacherpedia 1.1/Teacherpedia/ci4/app/Views/resources/resources_head.php(15): include('/Users/markpear...')
#2 /Users/markpearson/Google Drive/Documents/Projects/My Websites/Teacherpedia/4.0 CI teacherpedia 1.1/Teacherpedia/ci4/app/Views/resources/subjects.php(1): include('/Users/markpear...')
#3 /Users/markpearson/Google Drive/Documents/Projects/My Websites/Teacherpedia/4.0 CI teacherpedia 1.1/Teacherpedia/ci4/system/View/View.php(246): include('/Users/markpear...')
#4 /Users/markpearson/Google Drive/Documents/Projects/My Websites/Teacherpedia/4.0 CI teacherpedia 1.1/Teacherpedia/ci4/system/Common.php(1087): CodeIgniter\View\View->render('resources/subje...', Array, true)
#5 /Users/markpearson/Google Drive/Documents/Projects/My Websites/Teacherpedia/4.0 CI teacherpedia 1.1/Teacherpedia/ci4/app/Controllers/Resources.php(21): view('resources/subje...', Array)
#6 /Users/markpearson/Google Drive/Documents/Projects/My Websites/Teacherpedia/4.0 CI teacherpedia 1.1/Teacherpedia/ci4/system/CodeIgniter.php(914): App\Controllers\Resources->view('subjects')
#7 /Users/markpearson/Google Drive/Documents/Projects/My Websites/Teacherpedia/4.0 CI teacherpedia 1.1/Teacherpedia/ci4/system/CodeIgniter.php(400): CodeIgniter\CodeIgniter->runController(Object(App\Controllers\Resources))
#8 /Users/markpearson/Google Drive/Documents/Projects/My Websites/Teacherpedia/4.0 CI teacherpedia 1.1/Teacherpedia/ci4/system/CodeIgniter.php(308): CodeIgniter\CodeIgniter->handleRequest(NULL, Object(Config\Cache), false)
#9 /Users/markpearson/Google Drive/Documents/Projects/My Websites/Teacherpedia/4.0 CI teacherpedia 1.1/Teacherpedia/public_html/index.php(45): CodeIgniter\CodeIgniter->run()
#10 {main}
CRITICAL - 2020-07-07 16:11:44 --> syntax error, unexpected '<'
#0 /Users/markpearson/Google Drive/Documents/Projects/My Websites/Teacherpedia/4.0 CI teacherpedia 1.1/Teacherpedia/ci4/app/Views/resources/keystages.php(1): include()
#1 /Users/markpearson/Google Drive/Documents/Projects/My Websites/Teacherpedia/4.0 CI teacherpedia 1.1/Teacherpedia/ci4/system/View/View.php(246): include('/Users/markpear...')
#2 /Users/markpearson/Google Drive/Documents/Projects/My Websites/Teacherpedia/4.0 CI teacherpedia 1.1/Teacherpedia/ci4/system/Common.php(1087): CodeIgniter\View\View->render('resources/keyst...', Array, true)
#3 /Users/markpearson/Google Drive/Documents/Projects/My Websites/Teacherpedia/4.0 CI teacherpedia 1.1/Teacherpedia/ci4/app/Controllers/Resources.php(21): view('resources/keyst...', Array)
#4 /Users/markpearson/Google Drive/Documents/Projects/My Websites/Teacherpedia/4.0 CI teacherpedia 1.1/Teacherpedia/ci4/system/CodeIgniter.php(914): App\Controllers\Resources->view('keystages', 'keystage2-ks2', 'keystage')
#5 /Users/markpearson/Google Drive/Documents/Projects/My Websites/Teacherpedia/4.0 CI teacherpedia 1.1/Teacherpedia/ci4/system/CodeIgniter.php(400): CodeIgniter\CodeIgniter->runController(Object(App\Controllers\Resources))
#6 /Users/markpearson/Google Drive/Documents/Projects/My Websites/Teacherpedia/4.0 CI teacherpedia 1.1/Teacherpedia/ci4/system/CodeIgniter.php(308): CodeIgniter\CodeIgniter->handleRequest(NULL, Object(Config\Cache), false)
#7 /Users/markpearson/Google Drive/Documents/Projects/My Websites/Teacherpedia/4.0 CI teacherpedia 1.1/Teacherpedia/public_html/index.php(45): CodeIgniter\CodeIgniter->run()
#8 {main}
