CRITICAL - 2020-09-06 07:43:21 --> Undefined variable: action
#0 /Users/markpearson/Google Drive/Documents/Projects/My Websites/Teacherpedia/4.0 CI teacherpedia 1.1/Teacherpedia/ci4/app/Views/index.php(1): CodeIgniter\Debug\Exceptions->errorHandler(8, 'Undefined varia...', '/Users/markpear...', 1, Array)
#1 /Users/markpearson/Google Drive/Documents/Projects/My Websites/Teacherpedia/4.0 CI teacherpedia 1.1/Teacherpedia/ci4/system/View/View.php(246): include('/Users/markpear...')
#2 /Users/markpearson/Google Drive/Documents/Projects/My Websites/Teacherpedia/4.0 CI teacherpedia 1.1/Teacherpedia/ci4/system/Common.php(1087): CodeIgniter\View\View->render('index', Array, true)
#3 /Users/markpearson/Google Drive/Documents/Projects/My Websites/Teacherpedia/4.0 CI teacherpedia 1.1/Teacherpedia/ci4/app/Controllers/Home.php(32): view('index', Array)
#4 /Users/markpearson/Google Drive/Documents/Projects/My Websites/Teacherpedia/4.0 CI teacherpedia 1.1/Teacherpedia/ci4/system/CodeIgniter.php(914): App\Controllers\Home->index()
#5 /Users/markpearson/Google Drive/Documents/Projects/My Websites/Teacherpedia/4.0 CI teacherpedia 1.1/Teacherpedia/ci4/system/CodeIgniter.php(400): CodeIgniter\CodeIgniter->runController(Object(App\Controllers\Home))
#6 /Users/markpearson/Google Drive/Documents/Projects/My Websites/Teacherpedia/4.0 CI teacherpedia 1.1/Teacherpedia/ci4/system/CodeIgniter.php(308): CodeIgniter\CodeIgniter->handleRequest(NULL, Object(Config\Cache), false)
#7 /Users/markpearson/Google Drive/Documents/Projects/My Websites/Teacherpedia/4.0 CI teacherpedia 1.1/Teacherpedia/public_html/index.php(45): CodeIgniter\CodeIgniter->run()
#8 {main}
CRITICAL - 2020-09-06 07:43:24 --> Undefined variable: action
#0 /Users/markpearson/Google Drive/Documents/Projects/My Websites/Teacherpedia/4.0 CI teacherpedia 1.1/Teacherpedia/ci4/app/Views/index.php(1): CodeIgniter\Debug\Exceptions->errorHandler(8, 'Undefined varia...', '/Users/markpear...', 1, Array)
#1 /Users/markpearson/Google Drive/Documents/Projects/My Websites/Teacherpedia/4.0 CI teacherpedia 1.1/Teacherpedia/ci4/system/View/View.php(246): include('/Users/markpear...')
#2 /Users/markpearson/Google Drive/Documents/Projects/My Websites/Teacherpedia/4.0 CI teacherpedia 1.1/Teacherpedia/ci4/system/Common.php(1087): CodeIgniter\View\View->render('index', Array, true)
#3 /Users/markpearson/Google Drive/Documents/Projects/My Websites/Teacherpedia/4.0 CI teacherpedia 1.1/Teacherpedia/ci4/app/Controllers/Home.php(32): view('index', Array)
#4 /Users/markpearson/Google Drive/Documents/Projects/My Websites/Teacherpedia/4.0 CI teacherpedia 1.1/Teacherpedia/ci4/system/CodeIgniter.php(914): App\Controllers\Home->index()
#5 /Users/markpearson/Google Drive/Documents/Projects/My Websites/Teacherpedia/4.0 CI teacherpedia 1.1/Teacherpedia/ci4/system/CodeIgniter.php(400): CodeIgniter\CodeIgniter->runController(Object(App\Controllers\Home))
#6 /Users/markpearson/Google Drive/Documents/Projects/My Websites/Teacherpedia/4.0 CI teacherpedia 1.1/Teacherpedia/ci4/system/CodeIgniter.php(308): CodeIgniter\CodeIgniter->handleRequest(NULL, Object(Config\Cache), false)
#7 /Users/markpearson/Google Drive/Documents/Projects/My Websites/Teacherpedia/4.0 CI teacherpedia 1.1/Teacherpedia/public_html/index.php(45): CodeIgniter\CodeIgniter->run()
#8 {main}
CRITICAL - 2020-09-06 07:43:25 --> Undefined variable: action
#0 /Users/markpearson/Google Drive/Documents/Projects/My Websites/Teacherpedia/4.0 CI teacherpedia 1.1/Teacherpedia/ci4/app/Views/index.php(1): CodeIgniter\Debug\Exceptions->errorHandler(8, 'Undefined varia...', '/Users/markpear...', 1, Array)
#1 /Users/markpearson/Google Drive/Documents/Projects/My Websites/Teacherpedia/4.0 CI teacherpedia 1.1/Teacherpedia/ci4/system/View/View.php(246): include('/Users/markpear...')
#2 /Users/markpearson/Google Drive/Documents/Projects/My Websites/Teacherpedia/4.0 CI teacherpedia 1.1/Teacherpedia/ci4/system/Common.php(1087): CodeIgniter\View\View->render('index', Array, true)
#3 /Users/markpearson/Google Drive/Documents/Projects/My Websites/Teacherpedia/4.0 CI teacherpedia 1.1/Teacherpedia/ci4/app/Controllers/Home.php(32): view('index', Array)
#4 /Users/markpearson/Google Drive/Documents/Projects/My Websites/Teacherpedia/4.0 CI teacherpedia 1.1/Teacherpedia/ci4/system/CodeIgniter.php(914): App\Controllers\Home->index()
#5 /Users/markpearson/Google Drive/Documents/Projects/My Websites/Teacherpedia/4.0 CI teacherpedia 1.1/Teacherpedia/ci4/system/CodeIgniter.php(400): CodeIgniter\CodeIgniter->runController(Object(App\Controllers\Home))
#6 /Users/markpearson/Google Drive/Documents/Projects/My Websites/Teacherpedia/4.0 CI teacherpedia 1.1/Teacherpedia/ci4/system/CodeIgniter.php(308): CodeIgniter\CodeIgniter->handleRequest(NULL, Object(Config\Cache), false)
#7 /Users/markpearson/Google Drive/Documents/Projects/My Websites/Teacherpedia/4.0 CI teacherpedia 1.1/Teacherpedia/public_html/index.php(45): CodeIgniter\CodeIgniter->run()
#8 {main}
CRITICAL - 2020-09-06 07:43:26 --> Undefined variable: action
#0 /Users/markpearson/Google Drive/Documents/Projects/My Websites/Teacherpedia/4.0 CI teacherpedia 1.1/Teacherpedia/ci4/app/Views/index.php(1): CodeIgniter\Debug\Exceptions->errorHandler(8, 'Undefined varia...', '/Users/markpear...', 1, Array)
#1 /Users/markpearson/Google Drive/Documents/Projects/My Websites/Teacherpedia/4.0 CI teacherpedia 1.1/Teacherpedia/ci4/system/View/View.php(246): include('/Users/markpear...')
#2 /Users/markpearson/Google Drive/Documents/Projects/My Websites/Teacherpedia/4.0 CI teacherpedia 1.1/Teacherpedia/ci4/system/Common.php(1087): CodeIgniter\View\View->render('index', Array, true)
#3 /Users/markpearson/Google Drive/Documents/Projects/My Websites/Teacherpedia/4.0 CI teacherpedia 1.1/Teacherpedia/ci4/app/Controllers/Home.php(32): view('index', Array)
#4 /Users/markpearson/Google Drive/Documents/Projects/My Websites/Teacherpedia/4.0 CI teacherpedia 1.1/Teacherpedia/ci4/system/CodeIgniter.php(914): App\Controllers\Home->index()
#5 /Users/markpearson/Google Drive/Documents/Projects/My Websites/Teacherpedia/4.0 CI teacherpedia 1.1/Teacherpedia/ci4/system/CodeIgniter.php(400): CodeIgniter\CodeIgniter->runController(Object(App\Controllers\Home))
#6 /Users/markpearson/Google Drive/Documents/Projects/My Websites/Teacherpedia/4.0 CI teacherpedia 1.1/Teacherpedia/ci4/system/CodeIgniter.php(308): CodeIgniter\CodeIgniter->handleRequest(NULL, Object(Config\Cache), false)
#7 /Users/markpearson/Google Drive/Documents/Projects/My Websites/Teacherpedia/4.0 CI teacherpedia 1.1/Teacherpedia/public_html/index.php(45): CodeIgniter\CodeIgniter->run()
#8 {main}
CRITICAL - 2020-09-06 07:43:42 --> Undefined variable: action
#0 /Users/markpearson/Google Drive/Documents/Projects/My Websites/Teacherpedia/4.0 CI teacherpedia 1.1/Teacherpedia/ci4/app/Views/index.php(1): CodeIgniter\Debug\Exceptions->errorHandler(8, 'Undefined varia...', '/Users/markpear...', 1, Array)
#1 /Users/markpearson/Google Drive/Documents/Projects/My Websites/Teacherpedia/4.0 CI teacherpedia 1.1/Teacherpedia/ci4/system/View/View.php(246): include('/Users/markpear...')
#2 /Users/markpearson/Google Drive/Documents/Projects/My Websites/Teacherpedia/4.0 CI teacherpedia 1.1/Teacherpedia/ci4/system/Common.php(1087): CodeIgniter\View\View->render('index', Array, true)
#3 /Users/markpearson/Google Drive/Documents/Projects/My Websites/Teacherpedia/4.0 CI teacherpedia 1.1/Teacherpedia/ci4/app/Controllers/Home.php(32): view('index', Array)
#4 /Users/markpearson/Google Drive/Documents/Projects/My Websites/Teacherpedia/4.0 CI teacherpedia 1.1/Teacherpedia/ci4/system/CodeIgniter.php(914): App\Controllers\Home->index()
#5 /Users/markpearson/Google Drive/Documents/Projects/My Websites/Teacherpedia/4.0 CI teacherpedia 1.1/Teacherpedia/ci4/system/CodeIgniter.php(400): CodeIgniter\CodeIgniter->runController(Object(App\Controllers\Home))
#6 /Users/markpearson/Google Drive/Documents/Projects/My Websites/Teacherpedia/4.0 CI teacherpedia 1.1/Teacherpedia/ci4/system/CodeIgniter.php(308): CodeIgniter\CodeIgniter->handleRequest(NULL, Object(Config\Cache), false)
#7 /Users/markpearson/Google Drive/Documents/Projects/My Websites/Teacherpedia/4.0 CI teacherpedia 1.1/Teacherpedia/public_html/index.php(45): CodeIgniter\CodeIgniter->run()
#8 {main}
CRITICAL - 2020-09-06 07:43:42 --> Undefined variable: action
#0 /Users/markpearson/Google Drive/Documents/Projects/My Websites/Teacherpedia/4.0 CI teacherpedia 1.1/Teacherpedia/ci4/app/Views/index.php(1): CodeIgniter\Debug\Exceptions->errorHandler(8, 'Undefined varia...', '/Users/markpear...', 1, Array)
#1 /Users/markpearson/Google Drive/Documents/Projects/My Websites/Teacherpedia/4.0 CI teacherpedia 1.1/Teacherpedia/ci4/system/View/View.php(246): include('/Users/markpear...')
#2 /Users/markpearson/Google Drive/Documents/Projects/My Websites/Teacherpedia/4.0 CI teacherpedia 1.1/Teacherpedia/ci4/system/Common.php(1087): CodeIgniter\View\View->render('index', Array, true)
#3 /Users/markpearson/Google Drive/Documents/Projects/My Websites/Teacherpedia/4.0 CI teacherpedia 1.1/Teacherpedia/ci4/app/Controllers/Home.php(32): view('index', Array)
#4 /Users/markpearson/Google Drive/Documents/Projects/My Websites/Teacherpedia/4.0 CI teacherpedia 1.1/Teacherpedia/ci4/system/CodeIgniter.php(914): App\Controllers\Home->index()
#5 /Users/markpearson/Google Drive/Documents/Projects/My Websites/Teacherpedia/4.0 CI teacherpedia 1.1/Teacherpedia/ci4/system/CodeIgniter.php(400): CodeIgniter\CodeIgniter->runController(Object(App\Controllers\Home))
#6 /Users/markpearson/Google Drive/Documents/Projects/My Websites/Teacherpedia/4.0 CI teacherpedia 1.1/Teacherpedia/ci4/system/CodeIgniter.php(308): CodeIgniter\CodeIgniter->handleRequest(NULL, Object(Config\Cache), false)
#7 /Users/markpearson/Google Drive/Documents/Projects/My Websites/Teacherpedia/4.0 CI teacherpedia 1.1/Teacherpedia/public_html/index.php(45): CodeIgniter\CodeIgniter->run()
#8 {main}
CRITICAL - 2020-09-06 07:52:08 --> include(year5table.html): failed to open stream: No such file or directory
#0 /Users/markpearson/Google Drive/Documents/Projects/My Websites/Teacherpedia/4.0 CI teacherpedia 1.1/Teacherpedia/resources/2020/06-07-90/07-13-44/index.php(18): CodeIgniter\Debug\Exceptions->errorHandler(2, 'include(year5ta...', '/Users/markpear...', 18, Array)
#1 /Users/markpearson/Google Drive/Documents/Projects/My Websites/Teacherpedia/4.0 CI teacherpedia 1.1/Teacherpedia/resources/2020/06-07-90/07-13-44/index.php(18): include()
#2 /Users/markpearson/Google Drive/Documents/Projects/My Websites/Teacherpedia/4.0 CI teacherpedia 1.1/Teacherpedia/ci4/system/View/View.php(246): include('/Users/markpear...')
#3 /Users/markpearson/Google Drive/Documents/Projects/My Websites/Teacherpedia/4.0 CI teacherpedia 1.1/Teacherpedia/ci4/system/Common.php(1087): CodeIgniter\View\View->render('../../../resour...', Array, true)
#4 /Users/markpearson/Google Drive/Documents/Projects/My Websites/Teacherpedia/4.0 CI teacherpedia 1.1/Teacherpedia/ci4/app/Controllers/Resources.php(93): view('../../../resour...', Array)
#5 /Users/markpearson/Google Drive/Documents/Projects/My Websites/Teacherpedia/4.0 CI teacherpedia 1.1/Teacherpedia/ci4/system/CodeIgniter.php(914): App\Controllers\Resources->load()
#6 /Users/markpearson/Google Drive/Documents/Projects/My Websites/Teacherpedia/4.0 CI teacherpedia 1.1/Teacherpedia/ci4/system/CodeIgniter.php(400): CodeIgniter\CodeIgniter->runController(Object(App\Controllers\Resources))
#7 /Users/markpearson/Google Drive/Documents/Projects/My Websites/Teacherpedia/4.0 CI teacherpedia 1.1/Teacherpedia/ci4/system/CodeIgniter.php(308): CodeIgniter\CodeIgniter->handleRequest(NULL, Object(Config\Cache), false)
#8 /Users/markpearson/Google Drive/Documents/Projects/My Websites/Teacherpedia/4.0 CI teacherpedia 1.1/Teacherpedia/public_html/index.php(45): CodeIgniter\CodeIgniter->run()
#9 {main}
CRITICAL - 2020-09-06 07:52:16 --> include(year5table.html): failed to open stream: No such file or directory
#0 /Users/markpearson/Google Drive/Documents/Projects/My Websites/Teacherpedia/4.0 CI teacherpedia 1.1/Teacherpedia/resources/2020/06-07-90/07-13-44/index.php(18): CodeIgniter\Debug\Exceptions->errorHandler(2, 'include(year5ta...', '/Users/markpear...', 18, Array)
#1 /Users/markpearson/Google Drive/Documents/Projects/My Websites/Teacherpedia/4.0 CI teacherpedia 1.1/Teacherpedia/resources/2020/06-07-90/07-13-44/index.php(18): include()
#2 /Users/markpearson/Google Drive/Documents/Projects/My Websites/Teacherpedia/4.0 CI teacherpedia 1.1/Teacherpedia/ci4/system/View/View.php(246): include('/Users/markpear...')
#3 /Users/markpearson/Google Drive/Documents/Projects/My Websites/Teacherpedia/4.0 CI teacherpedia 1.1/Teacherpedia/ci4/system/Common.php(1087): CodeIgniter\View\View->render('../../../resour...', Array, true)
#4 /Users/markpearson/Google Drive/Documents/Projects/My Websites/Teacherpedia/4.0 CI teacherpedia 1.1/Teacherpedia/ci4/app/Controllers/Resources.php(93): view('../../../resour...', Array)
#5 /Users/markpearson/Google Drive/Documents/Projects/My Websites/Teacherpedia/4.0 CI teacherpedia 1.1/Teacherpedia/ci4/system/CodeIgniter.php(914): App\Controllers\Resources->load()
#6 /Users/markpearson/Google Drive/Documents/Projects/My Websites/Teacherpedia/4.0 CI teacherpedia 1.1/Teacherpedia/ci4/system/CodeIgniter.php(400): CodeIgniter\CodeIgniter->runController(Object(App\Controllers\Resources))
#7 /Users/markpearson/Google Drive/Documents/Projects/My Websites/Teacherpedia/4.0 CI teacherpedia 1.1/Teacherpedia/ci4/system/CodeIgniter.php(308): CodeIgniter\CodeIgniter->handleRequest(NULL, Object(Config\Cache), false)
#8 /Users/markpearson/Google Drive/Documents/Projects/My Websites/Teacherpedia/4.0 CI teacherpedia 1.1/Teacherpedia/public_html/index.php(45): CodeIgniter\CodeIgniter->run()
#9 {main}
CRITICAL - 2020-09-06 07:57:33 --> include(year5table.html): failed to open stream: No such file or directory
#0 /Users/markpearson/Google Drive/Documents/Projects/My Websites/Teacherpedia/4.0 CI teacherpedia 1.1/Teacherpedia/resources/2020/06-07-90/07-13-44/index.php(18): CodeIgniter\Debug\Exceptions->errorHandler(2, 'include(year5ta...', '/Users/markpear...', 18, Array)
#1 /Users/markpearson/Google Drive/Documents/Projects/My Websites/Teacherpedia/4.0 CI teacherpedia 1.1/Teacherpedia/resources/2020/06-07-90/07-13-44/index.php(18): include()
#2 /Users/markpearson/Google Drive/Documents/Projects/My Websites/Teacherpedia/4.0 CI teacherpedia 1.1/Teacherpedia/ci4/system/View/View.php(246): include('/Users/markpear...')
#3 /Users/markpearson/Google Drive/Documents/Projects/My Websites/Teacherpedia/4.0 CI teacherpedia 1.1/Teacherpedia/ci4/system/Common.php(1087): CodeIgniter\View\View->render('../../../resour...', Array, true)
#4 /Users/markpearson/Google Drive/Documents/Projects/My Websites/Teacherpedia/4.0 CI teacherpedia 1.1/Teacherpedia/ci4/app/Controllers/Resources.php(93): view('../../../resour...', Array)
#5 /Users/markpearson/Google Drive/Documents/Projects/My Websites/Teacherpedia/4.0 CI teacherpedia 1.1/Teacherpedia/ci4/system/CodeIgniter.php(914): App\Controllers\Resources->load()
#6 /Users/markpearson/Google Drive/Documents/Projects/My Websites/Teacherpedia/4.0 CI teacherpedia 1.1/Teacherpedia/ci4/system/CodeIgniter.php(400): CodeIgniter\CodeIgniter->runController(Object(App\Controllers\Resources))
#7 /Users/markpearson/Google Drive/Documents/Projects/My Websites/Teacherpedia/4.0 CI teacherpedia 1.1/Teacherpedia/ci4/system/CodeIgniter.php(308): CodeIgniter\CodeIgniter->handleRequest(NULL, Object(Config\Cache), false)
#8 /Users/markpearson/Google Drive/Documents/Projects/My Websites/Teacherpedia/4.0 CI teacherpedia 1.1/Teacherpedia/public_html/index.php(45): CodeIgniter\CodeIgniter->run()
#9 {main}
CRITICAL - 2020-09-06 08:13:03 --> include(year5table.html): failed to open stream: No such file or directory
#0 /Users/markpearson/Google Drive/Documents/Projects/My Websites/Teacherpedia/4.0 CI teacherpedia 1.1/Teacherpedia/resources/2020/06-07-90/07-13-44/index.php(18): CodeIgniter\Debug\Exceptions->errorHandler(2, 'include(year5ta...', '/Users/markpear...', 18, Array)
#1 /Users/markpearson/Google Drive/Documents/Projects/My Websites/Teacherpedia/4.0 CI teacherpedia 1.1/Teacherpedia/resources/2020/06-07-90/07-13-44/index.php(18): include()
#2 /Users/markpearson/Google Drive/Documents/Projects/My Websites/Teacherpedia/4.0 CI teacherpedia 1.1/Teacherpedia/ci4/system/View/View.php(246): include('/Users/markpear...')
#3 /Users/markpearson/Google Drive/Documents/Projects/My Websites/Teacherpedia/4.0 CI teacherpedia 1.1/Teacherpedia/ci4/system/Common.php(1087): CodeIgniter\View\View->render('../../../resour...', Array, true)
#4 /Users/markpearson/Google Drive/Documents/Projects/My Websites/Teacherpedia/4.0 CI teacherpedia 1.1/Teacherpedia/ci4/app/Controllers/Resources.php(93): view('../../../resour...', Array)
#5 /Users/markpearson/Google Drive/Documents/Projects/My Websites/Teacherpedia/4.0 CI teacherpedia 1.1/Teacherpedia/ci4/system/CodeIgniter.php(914): App\Controllers\Resources->load()
#6 /Users/markpearson/Google Drive/Documents/Projects/My Websites/Teacherpedia/4.0 CI teacherpedia 1.1/Teacherpedia/ci4/system/CodeIgniter.php(400): CodeIgniter\CodeIgniter->runController(Object(App\Controllers\Resources))
#7 /Users/markpearson/Google Drive/Documents/Projects/My Websites/Teacherpedia/4.0 CI teacherpedia 1.1/Teacherpedia/ci4/system/CodeIgniter.php(308): CodeIgniter\CodeIgniter->handleRequest(NULL, Object(Config\Cache), false)
#8 /Users/markpearson/Google Drive/Documents/Projects/My Websites/Teacherpedia/4.0 CI teacherpedia 1.1/Teacherpedia/public_html/index.php(45): CodeIgniter\CodeIgniter->run()
#9 {main}
CRITICAL - 2020-09-06 09:02:53 --> Undefined index: resource_name
#0 /Users/markpearson/Google Drive/Documents/Projects/My Websites/Teacherpedia/4.0 CI teacherpedia 1.1/Teacherpedia/ci4/app/Controllers/Admin/Resources.php(257): CodeIgniter\Debug\Exceptions->errorHandler(8, 'Undefined index...', '/Users/markpear...', 257, Array)
#1 /Users/markpearson/Google Drive/Documents/Projects/My Websites/Teacherpedia/4.0 CI teacherpedia 1.1/Teacherpedia/ci4/system/CodeIgniter.php(914): App\Controllers\Admin\Resources->do_uploads()
#2 /Users/markpearson/Google Drive/Documents/Projects/My Websites/Teacherpedia/4.0 CI teacherpedia 1.1/Teacherpedia/ci4/system/CodeIgniter.php(400): CodeIgniter\CodeIgniter->runController(Object(App\Controllers\Admin\Resources))
#3 /Users/markpearson/Google Drive/Documents/Projects/My Websites/Teacherpedia/4.0 CI teacherpedia 1.1/Teacherpedia/ci4/system/CodeIgniter.php(308): CodeIgniter\CodeIgniter->handleRequest(NULL, Object(Config\Cache), false)
#4 /Users/markpearson/Google Drive/Documents/Projects/My Websites/Teacherpedia/4.0 CI teacherpedia 1.1/Teacherpedia/public_html/index.php(45): CodeIgniter\CodeIgniter->run()
#5 {main}
CRITICAL - 2020-09-06 09:03:40 --> Undefined index: resource_name
#0 /Users/markpearson/Google Drive/Documents/Projects/My Websites/Teacherpedia/4.0 CI teacherpedia 1.1/Teacherpedia/ci4/app/Controllers/Admin/Resources.php(257): CodeIgniter\Debug\Exceptions->errorHandler(8, 'Undefined index...', '/Users/markpear...', 257, Array)
#1 /Users/markpearson/Google Drive/Documents/Projects/My Websites/Teacherpedia/4.0 CI teacherpedia 1.1/Teacherpedia/ci4/system/CodeIgniter.php(914): App\Controllers\Admin\Resources->do_uploads()
#2 /Users/markpearson/Google Drive/Documents/Projects/My Websites/Teacherpedia/4.0 CI teacherpedia 1.1/Teacherpedia/ci4/system/CodeIgniter.php(400): CodeIgniter\CodeIgniter->runController(Object(App\Controllers\Admin\Resources))
#3 /Users/markpearson/Google Drive/Documents/Projects/My Websites/Teacherpedia/4.0 CI teacherpedia 1.1/Teacherpedia/ci4/system/CodeIgniter.php(308): CodeIgniter\CodeIgniter->handleRequest(NULL, Object(Config\Cache), false)
#4 /Users/markpearson/Google Drive/Documents/Projects/My Websites/Teacherpedia/4.0 CI teacherpedia 1.1/Teacherpedia/public_html/index.php(45): CodeIgniter\CodeIgniter->run()
#5 {main}
CRITICAL - 2020-09-06 09:09:37 --> Class 'App\Libraries\Resources\Resources' not found
#0 /Users/markpearson/Google Drive/Documents/Projects/My Websites/Teacherpedia/4.0 CI teacherpedia 1.1/Teacherpedia/ci4/system/View/View.php(246): include()
#1 /Users/markpearson/Google Drive/Documents/Projects/My Websites/Teacherpedia/4.0 CI teacherpedia 1.1/Teacherpedia/ci4/system/Common.php(1087): CodeIgniter\View\View->render('../../../resour...', Array, true)
#2 /Users/markpearson/Google Drive/Documents/Projects/My Websites/Teacherpedia/4.0 CI teacherpedia 1.1/Teacherpedia/ci4/app/Controllers/Resources.php(112): view('../../../resour...', Array)
#3 /Users/markpearson/Google Drive/Documents/Projects/My Websites/Teacherpedia/4.0 CI teacherpedia 1.1/Teacherpedia/ci4/system/CodeIgniter.php(914): App\Controllers\Resources->loadSheet('801')
#4 /Users/markpearson/Google Drive/Documents/Projects/My Websites/Teacherpedia/4.0 CI teacherpedia 1.1/Teacherpedia/ci4/system/CodeIgniter.php(400): CodeIgniter\CodeIgniter->runController(Object(App\Controllers\Resources))
#5 /Users/markpearson/Google Drive/Documents/Projects/My Websites/Teacherpedia/4.0 CI teacherpedia 1.1/Teacherpedia/ci4/system/CodeIgniter.php(308): CodeIgniter\CodeIgniter->handleRequest(NULL, Object(Config\Cache), false)
#6 /Users/markpearson/Google Drive/Documents/Projects/My Websites/Teacherpedia/4.0 CI teacherpedia 1.1/Teacherpedia/public_html/index.php(45): CodeIgniter\CodeIgniter->run()
#7 {main}
CRITICAL - 2020-09-06 09:09:55 --> Class 'App\Libraries\Resources' not found
#0 /Users/markpearson/Google Drive/Documents/Projects/My Websites/Teacherpedia/4.0 CI teacherpedia 1.1/Teacherpedia/ci4/system/View/View.php(246): include()
#1 /Users/markpearson/Google Drive/Documents/Projects/My Websites/Teacherpedia/4.0 CI teacherpedia 1.1/Teacherpedia/ci4/system/Common.php(1087): CodeIgniter\View\View->render('../../../resour...', Array, true)
#2 /Users/markpearson/Google Drive/Documents/Projects/My Websites/Teacherpedia/4.0 CI teacherpedia 1.1/Teacherpedia/ci4/app/Controllers/Resources.php(112): view('../../../resour...', Array)
#3 /Users/markpearson/Google Drive/Documents/Projects/My Websites/Teacherpedia/4.0 CI teacherpedia 1.1/Teacherpedia/ci4/system/CodeIgniter.php(914): App\Controllers\Resources->loadSheet('801')
#4 /Users/markpearson/Google Drive/Documents/Projects/My Websites/Teacherpedia/4.0 CI teacherpedia 1.1/Teacherpedia/ci4/system/CodeIgniter.php(400): CodeIgniter\CodeIgniter->runController(Object(App\Controllers\Resources))
#5 /Users/markpearson/Google Drive/Documents/Projects/My Websites/Teacherpedia/4.0 CI teacherpedia 1.1/Teacherpedia/ci4/system/CodeIgniter.php(308): CodeIgniter\CodeIgniter->handleRequest(NULL, Object(Config\Cache), false)
#6 /Users/markpearson/Google Drive/Documents/Projects/My Websites/Teacherpedia/4.0 CI teacherpedia 1.1/Teacherpedia/public_html/index.php(45): CodeIgniter\CodeIgniter->run()
#7 {main}
CRITICAL - 2020-09-06 09:10:20 --> Class 'App\Libraries\Resources' not found
#0 /Users/markpearson/Google Drive/Documents/Projects/My Websites/Teacherpedia/4.0 CI teacherpedia 1.1/Teacherpedia/ci4/system/View/View.php(246): include()
#1 /Users/markpearson/Google Drive/Documents/Projects/My Websites/Teacherpedia/4.0 CI teacherpedia 1.1/Teacherpedia/ci4/system/Common.php(1087): CodeIgniter\View\View->render('../../../resour...', Array, true)
#2 /Users/markpearson/Google Drive/Documents/Projects/My Websites/Teacherpedia/4.0 CI teacherpedia 1.1/Teacherpedia/ci4/app/Controllers/Resources.php(112): view('../../../resour...', Array)
#3 /Users/markpearson/Google Drive/Documents/Projects/My Websites/Teacherpedia/4.0 CI teacherpedia 1.1/Teacherpedia/ci4/system/CodeIgniter.php(914): App\Controllers\Resources->loadSheet('801')
#4 /Users/markpearson/Google Drive/Documents/Projects/My Websites/Teacherpedia/4.0 CI teacherpedia 1.1/Teacherpedia/ci4/system/CodeIgniter.php(400): CodeIgniter\CodeIgniter->runController(Object(App\Controllers\Resources))
#5 /Users/markpearson/Google Drive/Documents/Projects/My Websites/Teacherpedia/4.0 CI teacherpedia 1.1/Teacherpedia/ci4/system/CodeIgniter.php(308): CodeIgniter\CodeIgniter->handleRequest(NULL, Object(Config\Cache), false)
#6 /Users/markpearson/Google Drive/Documents/Projects/My Websites/Teacherpedia/4.0 CI teacherpedia 1.1/Teacherpedia/public_html/index.php(45): CodeIgniter\CodeIgniter->run()
#7 {main}
CRITICAL - 2020-09-06 09:10:23 --> Class 'App\Libraries\Resources' not found
#0 /Users/markpearson/Google Drive/Documents/Projects/My Websites/Teacherpedia/4.0 CI teacherpedia 1.1/Teacherpedia/ci4/system/View/View.php(246): include()
#1 /Users/markpearson/Google Drive/Documents/Projects/My Websites/Teacherpedia/4.0 CI teacherpedia 1.1/Teacherpedia/ci4/system/Common.php(1087): CodeIgniter\View\View->render('../../../resour...', Array, true)
#2 /Users/markpearson/Google Drive/Documents/Projects/My Websites/Teacherpedia/4.0 CI teacherpedia 1.1/Teacherpedia/ci4/app/Controllers/Resources.php(112): view('../../../resour...', Array)
#3 /Users/markpearson/Google Drive/Documents/Projects/My Websites/Teacherpedia/4.0 CI teacherpedia 1.1/Teacherpedia/ci4/system/CodeIgniter.php(914): App\Controllers\Resources->loadSheet('801')
#4 /Users/markpearson/Google Drive/Documents/Projects/My Websites/Teacherpedia/4.0 CI teacherpedia 1.1/Teacherpedia/ci4/system/CodeIgniter.php(400): CodeIgniter\CodeIgniter->runController(Object(App\Controllers\Resources))
#5 /Users/markpearson/Google Drive/Documents/Projects/My Websites/Teacherpedia/4.0 CI teacherpedia 1.1/Teacherpedia/ci4/system/CodeIgniter.php(308): CodeIgniter\CodeIgniter->handleRequest(NULL, Object(Config\Cache), false)
#6 /Users/markpearson/Google Drive/Documents/Projects/My Websites/Teacherpedia/4.0 CI teacherpedia 1.1/Teacherpedia/public_html/index.php(45): CodeIgniter\CodeIgniter->run()
#7 {main}
CRITICAL - 2020-09-06 09:11:13 --> Class 'App\Libraries\Resources\Resources' not found
#0 /Users/markpearson/Google Drive/Documents/Projects/My Websites/Teacherpedia/4.0 CI teacherpedia 1.1/Teacherpedia/ci4/system/View/View.php(246): include()
#1 /Users/markpearson/Google Drive/Documents/Projects/My Websites/Teacherpedia/4.0 CI teacherpedia 1.1/Teacherpedia/ci4/system/Common.php(1087): CodeIgniter\View\View->render('../../../resour...', Array, true)
#2 /Users/markpearson/Google Drive/Documents/Projects/My Websites/Teacherpedia/4.0 CI teacherpedia 1.1/Teacherpedia/ci4/app/Controllers/Resources.php(112): view('../../../resour...', Array)
#3 /Users/markpearson/Google Drive/Documents/Projects/My Websites/Teacherpedia/4.0 CI teacherpedia 1.1/Teacherpedia/ci4/system/CodeIgniter.php(914): App\Controllers\Resources->loadSheet('801')
#4 /Users/markpearson/Google Drive/Documents/Projects/My Websites/Teacherpedia/4.0 CI teacherpedia 1.1/Teacherpedia/ci4/system/CodeIgniter.php(400): CodeIgniter\CodeIgniter->runController(Object(App\Controllers\Resources))
#5 /Users/markpearson/Google Drive/Documents/Projects/My Websites/Teacherpedia/4.0 CI teacherpedia 1.1/Teacherpedia/ci4/system/CodeIgniter.php(308): CodeIgniter\CodeIgniter->handleRequest(NULL, Object(Config\Cache), false)
#6 /Users/markpearson/Google Drive/Documents/Projects/My Websites/Teacherpedia/4.0 CI teacherpedia 1.1/Teacherpedia/public_html/index.php(45): CodeIgniter\CodeIgniter->run()
#7 {main}
CRITICAL - 2020-09-06 09:13:15 --> Class 'App\Libraries\My_Resources\Resources' not found
#0 /Users/markpearson/Google Drive/Documents/Projects/My Websites/Teacherpedia/4.0 CI teacherpedia 1.1/Teacherpedia/ci4/system/View/View.php(246): include()
#1 /Users/markpearson/Google Drive/Documents/Projects/My Websites/Teacherpedia/4.0 CI teacherpedia 1.1/Teacherpedia/ci4/system/Common.php(1087): CodeIgniter\View\View->render('../../../resour...', Array, true)
#2 /Users/markpearson/Google Drive/Documents/Projects/My Websites/Teacherpedia/4.0 CI teacherpedia 1.1/Teacherpedia/ci4/app/Controllers/Resources.php(112): view('../../../resour...', Array)
#3 /Users/markpearson/Google Drive/Documents/Projects/My Websites/Teacherpedia/4.0 CI teacherpedia 1.1/Teacherpedia/ci4/system/CodeIgniter.php(914): App\Controllers\Resources->loadSheet('801')
#4 /Users/markpearson/Google Drive/Documents/Projects/My Websites/Teacherpedia/4.0 CI teacherpedia 1.1/Teacherpedia/ci4/system/CodeIgniter.php(400): CodeIgniter\CodeIgniter->runController(Object(App\Controllers\Resources))
#5 /Users/markpearson/Google Drive/Documents/Projects/My Websites/Teacherpedia/4.0 CI teacherpedia 1.1/Teacherpedia/ci4/system/CodeIgniter.php(308): CodeIgniter\CodeIgniter->handleRequest(NULL, Object(Config\Cache), false)
#6 /Users/markpearson/Google Drive/Documents/Projects/My Websites/Teacherpedia/4.0 CI teacherpedia 1.1/Teacherpedia/public_html/index.php(45): CodeIgniter\CodeIgniter->run()
#7 {main}
CRITICAL - 2020-09-06 09:13:48 --> Class 'App\Libraries\My_Resources\Resources' not found
#0 /Users/markpearson/Google Drive/Documents/Projects/My Websites/Teacherpedia/4.0 CI teacherpedia 1.1/Teacherpedia/ci4/system/View/View.php(246): include()
#1 /Users/markpearson/Google Drive/Documents/Projects/My Websites/Teacherpedia/4.0 CI teacherpedia 1.1/Teacherpedia/ci4/system/Common.php(1087): CodeIgniter\View\View->render('../../../resour...', Array, true)
#2 /Users/markpearson/Google Drive/Documents/Projects/My Websites/Teacherpedia/4.0 CI teacherpedia 1.1/Teacherpedia/ci4/app/Controllers/Resources.php(112): view('../../../resour...', Array)
#3 /Users/markpearson/Google Drive/Documents/Projects/My Websites/Teacherpedia/4.0 CI teacherpedia 1.1/Teacherpedia/ci4/system/CodeIgniter.php(914): App\Controllers\Resources->loadSheet('801')
#4 /Users/markpearson/Google Drive/Documents/Projects/My Websites/Teacherpedia/4.0 CI teacherpedia 1.1/Teacherpedia/ci4/system/CodeIgniter.php(400): CodeIgniter\CodeIgniter->runController(Object(App\Controllers\Resources))
#5 /Users/markpearson/Google Drive/Documents/Projects/My Websites/Teacherpedia/4.0 CI teacherpedia 1.1/Teacherpedia/ci4/system/CodeIgniter.php(308): CodeIgniter\CodeIgniter->handleRequest(NULL, Object(Config\Cache), false)
#6 /Users/markpearson/Google Drive/Documents/Projects/My Websites/Teacherpedia/4.0 CI teacherpedia 1.1/Teacherpedia/public_html/index.php(45): CodeIgniter\CodeIgniter->run()
#7 {main}
CRITICAL - 2020-09-06 09:14:28 --> Class 'App\Libraries\My_Resources\Resources' not found
#0 /Users/markpearson/Google Drive/Documents/Projects/My Websites/Teacherpedia/4.0 CI teacherpedia 1.1/Teacherpedia/ci4/system/View/View.php(246): include()
#1 /Users/markpearson/Google Drive/Documents/Projects/My Websites/Teacherpedia/4.0 CI teacherpedia 1.1/Teacherpedia/ci4/system/Common.php(1087): CodeIgniter\View\View->render('../../../resour...', Array, true)
#2 /Users/markpearson/Google Drive/Documents/Projects/My Websites/Teacherpedia/4.0 CI teacherpedia 1.1/Teacherpedia/ci4/app/Controllers/Resources.php(112): view('../../../resour...', Array)
#3 /Users/markpearson/Google Drive/Documents/Projects/My Websites/Teacherpedia/4.0 CI teacherpedia 1.1/Teacherpedia/ci4/system/CodeIgniter.php(914): App\Controllers\Resources->loadSheet('801')
#4 /Users/markpearson/Google Drive/Documents/Projects/My Websites/Teacherpedia/4.0 CI teacherpedia 1.1/Teacherpedia/ci4/system/CodeIgniter.php(400): CodeIgniter\CodeIgniter->runController(Object(App\Controllers\Resources))
#5 /Users/markpearson/Google Drive/Documents/Projects/My Websites/Teacherpedia/4.0 CI teacherpedia 1.1/Teacherpedia/ci4/system/CodeIgniter.php(308): CodeIgniter\CodeIgniter->handleRequest(NULL, Object(Config\Cache), false)
#6 /Users/markpearson/Google Drive/Documents/Projects/My Websites/Teacherpedia/4.0 CI teacherpedia 1.1/Teacherpedia/public_html/index.php(45): CodeIgniter\CodeIgniter->run()
#7 {main}
CRITICAL - 2020-09-06 09:14:57 --> Invalid argument supplied for foreach()
#0 /Users/markpearson/Google Drive/Documents/Projects/My Websites/Teacherpedia/4.0 CI teacherpedia 1.1/Teacherpedia/ci4/app/Libraries/Resources.php(20): CodeIgniter\Debug\Exceptions->errorHandler(2, 'Invalid argumen...', '/Users/markpear...', 20, Array)
#1 /Users/markpearson/Google Drive/Documents/Projects/My Websites/Teacherpedia/4.0 CI teacherpedia 1.1/Teacherpedia/ci4/app/Libraries/Resources.php(10): App\Libraries\Resources->build_table(true)
#2 /Users/markpearson/Google Drive/Documents/Projects/My Websites/Teacherpedia/4.0 CI teacherpedia 1.1/Teacherpedia/resources/2020/06-09/09-03-40/generator.php(19): App\Libraries\Resources->answer_array(Array)
#3 /Users/markpearson/Google Drive/Documents/Projects/My Websites/Teacherpedia/4.0 CI teacherpedia 1.1/Teacherpedia/ci4/system/View/View.php(246): include('/Users/markpear...')
#4 /Users/markpearson/Google Drive/Documents/Projects/My Websites/Teacherpedia/4.0 CI teacherpedia 1.1/Teacherpedia/ci4/system/Common.php(1087): CodeIgniter\View\View->render('../../../resour...', Array, true)
#5 /Users/markpearson/Google Drive/Documents/Projects/My Websites/Teacherpedia/4.0 CI teacherpedia 1.1/Teacherpedia/ci4/app/Controllers/Resources.php(112): view('../../../resour...', Array)
#6 /Users/markpearson/Google Drive/Documents/Projects/My Websites/Teacherpedia/4.0 CI teacherpedia 1.1/Teacherpedia/ci4/system/CodeIgniter.php(914): App\Controllers\Resources->loadSheet('801')
#7 /Users/markpearson/Google Drive/Documents/Projects/My Websites/Teacherpedia/4.0 CI teacherpedia 1.1/Teacherpedia/ci4/system/CodeIgniter.php(400): CodeIgniter\CodeIgniter->runController(Object(App\Controllers\Resources))
#8 /Users/markpearson/Google Drive/Documents/Projects/My Websites/Teacherpedia/4.0 CI teacherpedia 1.1/Teacherpedia/ci4/system/CodeIgniter.php(308): CodeIgniter\CodeIgniter->handleRequest(NULL, Object(Config\Cache), false)
#9 /Users/markpearson/Google Drive/Documents/Projects/My Websites/Teacherpedia/4.0 CI teacherpedia 1.1/Teacherpedia/public_html/index.php(45): CodeIgniter\CodeIgniter->run()
#10 {main}
CRITICAL - 2020-09-06 09:15:38 --> Invalid argument supplied for foreach()
#0 /Users/markpearson/Google Drive/Documents/Projects/My Websites/Teacherpedia/4.0 CI teacherpedia 1.1/Teacherpedia/ci4/app/Libraries/Resources.php(20): CodeIgniter\Debug\Exceptions->errorHandler(2, 'Invalid argumen...', '/Users/markpear...', 20, Array)
#1 /Users/markpearson/Google Drive/Documents/Projects/My Websites/Teacherpedia/4.0 CI teacherpedia 1.1/Teacherpedia/ci4/app/Libraries/Resources.php(10): App\Libraries\Resources->build_table(true)
#2 /Users/markpearson/Google Drive/Documents/Projects/My Websites/Teacherpedia/4.0 CI teacherpedia 1.1/Teacherpedia/resources/2020/06-09/09-03-40/generator.php(19): App\Libraries\Resources->answer_array(Array)
#3 /Users/markpearson/Google Drive/Documents/Projects/My Websites/Teacherpedia/4.0 CI teacherpedia 1.1/Teacherpedia/ci4/system/View/View.php(246): include('/Users/markpear...')
#4 /Users/markpearson/Google Drive/Documents/Projects/My Websites/Teacherpedia/4.0 CI teacherpedia 1.1/Teacherpedia/ci4/system/Common.php(1087): CodeIgniter\View\View->render('../../../resour...', Array, true)
#5 /Users/markpearson/Google Drive/Documents/Projects/My Websites/Teacherpedia/4.0 CI teacherpedia 1.1/Teacherpedia/ci4/app/Controllers/Resources.php(112): view('../../../resour...', Array)
#6 /Users/markpearson/Google Drive/Documents/Projects/My Websites/Teacherpedia/4.0 CI teacherpedia 1.1/Teacherpedia/ci4/system/CodeIgniter.php(914): App\Controllers\Resources->loadSheet('801')
#7 /Users/markpearson/Google Drive/Documents/Projects/My Websites/Teacherpedia/4.0 CI teacherpedia 1.1/Teacherpedia/ci4/system/CodeIgniter.php(400): CodeIgniter\CodeIgniter->runController(Object(App\Controllers\Resources))
#8 /Users/markpearson/Google Drive/Documents/Projects/My Websites/Teacherpedia/4.0 CI teacherpedia 1.1/Teacherpedia/ci4/system/CodeIgniter.php(308): CodeIgniter\CodeIgniter->handleRequest(NULL, Object(Config\Cache), false)
#9 /Users/markpearson/Google Drive/Documents/Projects/My Websites/Teacherpedia/4.0 CI teacherpedia 1.1/Teacherpedia/public_html/index.php(45): CodeIgniter\CodeIgniter->run()
#10 {main}
CRITICAL - 2020-09-06 09:16:33 --> Invalid argument supplied for foreach()
#0 /Users/markpearson/Google Drive/Documents/Projects/My Websites/Teacherpedia/4.0 CI teacherpedia 1.1/Teacherpedia/ci4/app/Libraries/Resources.php(20): CodeIgniter\Debug\Exceptions->errorHandler(2, 'Invalid argumen...', '/Users/markpear...', 20, Array)
#1 /Users/markpearson/Google Drive/Documents/Projects/My Websites/Teacherpedia/4.0 CI teacherpedia 1.1/Teacherpedia/ci4/app/Libraries/Resources.php(10): App\Libraries\Resources->build_table(true)
#2 /Users/markpearson/Google Drive/Documents/Projects/My Websites/Teacherpedia/4.0 CI teacherpedia 1.1/Teacherpedia/resources/2020/06-09/09-03-40/generator.php(19): App\Libraries\Resources->answer_array(Array)
#3 /Users/markpearson/Google Drive/Documents/Projects/My Websites/Teacherpedia/4.0 CI teacherpedia 1.1/Teacherpedia/ci4/system/View/View.php(246): include('/Users/markpear...')
#4 /Users/markpearson/Google Drive/Documents/Projects/My Websites/Teacherpedia/4.0 CI teacherpedia 1.1/Teacherpedia/ci4/system/Common.php(1087): CodeIgniter\View\View->render('../../../resour...', Array, true)
#5 /Users/markpearson/Google Drive/Documents/Projects/My Websites/Teacherpedia/4.0 CI teacherpedia 1.1/Teacherpedia/ci4/app/Controllers/Resources.php(112): view('../../../resour...', Array)
#6 /Users/markpearson/Google Drive/Documents/Projects/My Websites/Teacherpedia/4.0 CI teacherpedia 1.1/Teacherpedia/ci4/system/CodeIgniter.php(914): App\Controllers\Resources->loadSheet('801')
#7 /Users/markpearson/Google Drive/Documents/Projects/My Websites/Teacherpedia/4.0 CI teacherpedia 1.1/Teacherpedia/ci4/system/CodeIgniter.php(400): CodeIgniter\CodeIgniter->runController(Object(App\Controllers\Resources))
#8 /Users/markpearson/Google Drive/Documents/Projects/My Websites/Teacherpedia/4.0 CI teacherpedia 1.1/Teacherpedia/ci4/system/CodeIgniter.php(308): CodeIgniter\CodeIgniter->handleRequest(NULL, Object(Config\Cache), false)
#9 /Users/markpearson/Google Drive/Documents/Projects/My Websites/Teacherpedia/4.0 CI teacherpedia 1.1/Teacherpedia/public_html/index.php(45): CodeIgniter\CodeIgniter->run()
#10 {main}
CRITICAL - 2020-09-06 09:17:11 --> Undefined variable: answer_array
#0 /Users/markpearson/Google Drive/Documents/Projects/My Websites/Teacherpedia/4.0 CI teacherpedia 1.1/Teacherpedia/resources/2020/06-09/09-03-40/generator.php(194): CodeIgniter\Debug\Exceptions->errorHandler(8, 'Undefined varia...', '/Users/markpear...', 194, Array)
#1 /Users/markpearson/Google Drive/Documents/Projects/My Websites/Teacherpedia/4.0 CI teacherpedia 1.1/Teacherpedia/ci4/system/View/View.php(246): include('/Users/markpear...')
#2 /Users/markpearson/Google Drive/Documents/Projects/My Websites/Teacherpedia/4.0 CI teacherpedia 1.1/Teacherpedia/ci4/system/Common.php(1087): CodeIgniter\View\View->render('../../../resour...', Array, true)
#3 /Users/markpearson/Google Drive/Documents/Projects/My Websites/Teacherpedia/4.0 CI teacherpedia 1.1/Teacherpedia/ci4/app/Controllers/Resources.php(112): view('../../../resour...', Array)
#4 /Users/markpearson/Google Drive/Documents/Projects/My Websites/Teacherpedia/4.0 CI teacherpedia 1.1/Teacherpedia/ci4/system/CodeIgniter.php(914): App\Controllers\Resources->loadSheet('801')
#5 /Users/markpearson/Google Drive/Documents/Projects/My Websites/Teacherpedia/4.0 CI teacherpedia 1.1/Teacherpedia/ci4/system/CodeIgniter.php(400): CodeIgniter\CodeIgniter->runController(Object(App\Controllers\Resources))
#6 /Users/markpearson/Google Drive/Documents/Projects/My Websites/Teacherpedia/4.0 CI teacherpedia 1.1/Teacherpedia/ci4/system/CodeIgniter.php(308): CodeIgniter\CodeIgniter->handleRequest(NULL, Object(Config\Cache), false)
#7 /Users/markpearson/Google Drive/Documents/Projects/My Websites/Teacherpedia/4.0 CI teacherpedia 1.1/Teacherpedia/public_html/index.php(45): CodeIgniter\CodeIgniter->run()
#8 {main}
CRITICAL - 2020-09-06 09:17:52 --> Invalid argument supplied for foreach()
#0 /Users/markpearson/Google Drive/Documents/Projects/My Websites/Teacherpedia/4.0 CI teacherpedia 1.1/Teacherpedia/ci4/app/Libraries/Resources.php(20): CodeIgniter\Debug\Exceptions->errorHandler(2, 'Invalid argumen...', '/Users/markpear...', 20, Array)
#1 /Users/markpearson/Google Drive/Documents/Projects/My Websites/Teacherpedia/4.0 CI teacherpedia 1.1/Teacherpedia/ci4/app/Libraries/Resources.php(10): App\Libraries\Resources->build_table(true)
#2 /Users/markpearson/Google Drive/Documents/Projects/My Websites/Teacherpedia/4.0 CI teacherpedia 1.1/Teacherpedia/resources/2020/06-09/09-03-40/generator.php(57): App\Libraries\Resources->answer_array(Array)
#3 /Users/markpearson/Google Drive/Documents/Projects/My Websites/Teacherpedia/4.0 CI teacherpedia 1.1/Teacherpedia/ci4/system/View/View.php(246): include('/Users/markpear...')
#4 /Users/markpearson/Google Drive/Documents/Projects/My Websites/Teacherpedia/4.0 CI teacherpedia 1.1/Teacherpedia/ci4/system/Common.php(1087): CodeIgniter\View\View->render('../../../resour...', Array, true)
#5 /Users/markpearson/Google Drive/Documents/Projects/My Websites/Teacherpedia/4.0 CI teacherpedia 1.1/Teacherpedia/ci4/app/Controllers/Resources.php(112): view('../../../resour...', Array)
#6 /Users/markpearson/Google Drive/Documents/Projects/My Websites/Teacherpedia/4.0 CI teacherpedia 1.1/Teacherpedia/ci4/system/CodeIgniter.php(914): App\Controllers\Resources->loadSheet('801')
#7 /Users/markpearson/Google Drive/Documents/Projects/My Websites/Teacherpedia/4.0 CI teacherpedia 1.1/Teacherpedia/ci4/system/CodeIgniter.php(400): CodeIgniter\CodeIgniter->runController(Object(App\Controllers\Resources))
#8 /Users/markpearson/Google Drive/Documents/Projects/My Websites/Teacherpedia/4.0 CI teacherpedia 1.1/Teacherpedia/ci4/system/CodeIgniter.php(308): CodeIgniter\CodeIgniter->handleRequest(NULL, Object(Config\Cache), false)
#9 /Users/markpearson/Google Drive/Documents/Projects/My Websites/Teacherpedia/4.0 CI teacherpedia 1.1/Teacherpedia/public_html/index.php(45): CodeIgniter\CodeIgniter->run()
#10 {main}
CRITICAL - 2020-09-06 09:18:23 --> Invalid argument supplied for foreach()
#0 /Users/markpearson/Google Drive/Documents/Projects/My Websites/Teacherpedia/4.0 CI teacherpedia 1.1/Teacherpedia/ci4/app/Libraries/Resources.php(20): CodeIgniter\Debug\Exceptions->errorHandler(2, 'Invalid argumen...', '/Users/markpear...', 20, Array)
#1 /Users/markpearson/Google Drive/Documents/Projects/My Websites/Teacherpedia/4.0 CI teacherpedia 1.1/Teacherpedia/ci4/app/Libraries/Resources.php(10): App\Libraries\Resources->build_table(true)
#2 /Users/markpearson/Google Drive/Documents/Projects/My Websites/Teacherpedia/4.0 CI teacherpedia 1.1/Teacherpedia/resources/2020/06-09/09-03-40/generator.php(57): App\Libraries\Resources->answer_array(Array)
#3 /Users/markpearson/Google Drive/Documents/Projects/My Websites/Teacherpedia/4.0 CI teacherpedia 1.1/Teacherpedia/ci4/system/View/View.php(246): include('/Users/markpear...')
#4 /Users/markpearson/Google Drive/Documents/Projects/My Websites/Teacherpedia/4.0 CI teacherpedia 1.1/Teacherpedia/ci4/system/Common.php(1087): CodeIgniter\View\View->render('../../../resour...', Array, true)
#5 /Users/markpearson/Google Drive/Documents/Projects/My Websites/Teacherpedia/4.0 CI teacherpedia 1.1/Teacherpedia/ci4/app/Controllers/Resources.php(112): view('../../../resour...', Array)
#6 /Users/markpearson/Google Drive/Documents/Projects/My Websites/Teacherpedia/4.0 CI teacherpedia 1.1/Teacherpedia/ci4/system/CodeIgniter.php(914): App\Controllers\Resources->loadSheet('801')
#7 /Users/markpearson/Google Drive/Documents/Projects/My Websites/Teacherpedia/4.0 CI teacherpedia 1.1/Teacherpedia/ci4/system/CodeIgniter.php(400): CodeIgniter\CodeIgniter->runController(Object(App\Controllers\Resources))
#8 /Users/markpearson/Google Drive/Documents/Projects/My Websites/Teacherpedia/4.0 CI teacherpedia 1.1/Teacherpedia/ci4/system/CodeIgniter.php(308): CodeIgniter\CodeIgniter->handleRequest(NULL, Object(Config\Cache), false)
#9 /Users/markpearson/Google Drive/Documents/Projects/My Websites/Teacherpedia/4.0 CI teacherpedia 1.1/Teacherpedia/public_html/index.php(45): CodeIgniter\CodeIgniter->run()
#10 {main}
CRITICAL - 2020-09-06 09:18:48 --> Invalid argument supplied for foreach()
#0 /Users/markpearson/Google Drive/Documents/Projects/My Websites/Teacherpedia/4.0 CI teacherpedia 1.1/Teacherpedia/ci4/app/Libraries/Resources.php(20): CodeIgniter\Debug\Exceptions->errorHandler(2, 'Invalid argumen...', '/Users/markpear...', 20, Array)
#1 /Users/markpearson/Google Drive/Documents/Projects/My Websites/Teacherpedia/4.0 CI teacherpedia 1.1/Teacherpedia/ci4/app/Libraries/Resources.php(10): App\Libraries\Resources->build_table(true)
#2 /Users/markpearson/Google Drive/Documents/Projects/My Websites/Teacherpedia/4.0 CI teacherpedia 1.1/Teacherpedia/resources/2020/06-09/09-03-40/generator.php(57): App\Libraries\Resources->answer_array(Array)
#3 /Users/markpearson/Google Drive/Documents/Projects/My Websites/Teacherpedia/4.0 CI teacherpedia 1.1/Teacherpedia/ci4/system/View/View.php(246): include('/Users/markpear...')
#4 /Users/markpearson/Google Drive/Documents/Projects/My Websites/Teacherpedia/4.0 CI teacherpedia 1.1/Teacherpedia/ci4/system/Common.php(1087): CodeIgniter\View\View->render('../../../resour...', Array, true)
#5 /Users/markpearson/Google Drive/Documents/Projects/My Websites/Teacherpedia/4.0 CI teacherpedia 1.1/Teacherpedia/ci4/app/Controllers/Resources.php(112): view('../../../resour...', Array)
#6 /Users/markpearson/Google Drive/Documents/Projects/My Websites/Teacherpedia/4.0 CI teacherpedia 1.1/Teacherpedia/ci4/system/CodeIgniter.php(914): App\Controllers\Resources->loadSheet('801')
#7 /Users/markpearson/Google Drive/Documents/Projects/My Websites/Teacherpedia/4.0 CI teacherpedia 1.1/Teacherpedia/ci4/system/CodeIgniter.php(400): CodeIgniter\CodeIgniter->runController(Object(App\Controllers\Resources))
#8 /Users/markpearson/Google Drive/Documents/Projects/My Websites/Teacherpedia/4.0 CI teacherpedia 1.1/Teacherpedia/ci4/system/CodeIgniter.php(308): CodeIgniter\CodeIgniter->handleRequest(NULL, Object(Config\Cache), false)
#9 /Users/markpearson/Google Drive/Documents/Projects/My Websites/Teacherpedia/4.0 CI teacherpedia 1.1/Teacherpedia/public_html/index.php(45): CodeIgniter\CodeIgniter->run()
#10 {main}
CRITICAL - 2020-09-06 09:20:00 --> Invalid argument supplied for foreach()
#0 /Users/markpearson/Google Drive/Documents/Projects/My Websites/Teacherpedia/4.0 CI teacherpedia 1.1/Teacherpedia/ci4/app/Libraries/Resources.php(21): CodeIgniter\Debug\Exceptions->errorHandler(2, 'Invalid argumen...', '/Users/markpear...', 21, Array)
#1 /Users/markpearson/Google Drive/Documents/Projects/My Websites/Teacherpedia/4.0 CI teacherpedia 1.1/Teacherpedia/ci4/app/Libraries/Resources.php(10): App\Libraries\Resources->build_table(true)
#2 /Users/markpearson/Google Drive/Documents/Projects/My Websites/Teacherpedia/4.0 CI teacherpedia 1.1/Teacherpedia/resources/2020/06-09/09-03-40/generator.php(57): App\Libraries\Resources->answer_array(Array)
#3 /Users/markpearson/Google Drive/Documents/Projects/My Websites/Teacherpedia/4.0 CI teacherpedia 1.1/Teacherpedia/ci4/system/View/View.php(246): include('/Users/markpear...')
#4 /Users/markpearson/Google Drive/Documents/Projects/My Websites/Teacherpedia/4.0 CI teacherpedia 1.1/Teacherpedia/ci4/system/Common.php(1087): CodeIgniter\View\View->render('../../../resour...', Array, true)
#5 /Users/markpearson/Google Drive/Documents/Projects/My Websites/Teacherpedia/4.0 CI teacherpedia 1.1/Teacherpedia/ci4/app/Controllers/Resources.php(112): view('../../../resour...', Array)
#6 /Users/markpearson/Google Drive/Documents/Projects/My Websites/Teacherpedia/4.0 CI teacherpedia 1.1/Teacherpedia/ci4/system/CodeIgniter.php(914): App\Controllers\Resources->loadSheet('801')
#7 /Users/markpearson/Google Drive/Documents/Projects/My Websites/Teacherpedia/4.0 CI teacherpedia 1.1/Teacherpedia/ci4/system/CodeIgniter.php(400): CodeIgniter\CodeIgniter->runController(Object(App\Controllers\Resources))
#8 /Users/markpearson/Google Drive/Documents/Projects/My Websites/Teacherpedia/4.0 CI teacherpedia 1.1/Teacherpedia/ci4/system/CodeIgniter.php(308): CodeIgniter\CodeIgniter->handleRequest(NULL, Object(Config\Cache), false)
#9 /Users/markpearson/Google Drive/Documents/Projects/My Websites/Teacherpedia/4.0 CI teacherpedia 1.1/Teacherpedia/public_html/index.php(45): CodeIgniter\CodeIgniter->run()
#10 {main}
CRITICAL - 2020-09-06 09:20:36 --> Invalid argument supplied for foreach()
#0 /Users/markpearson/Google Drive/Documents/Projects/My Websites/Teacherpedia/4.0 CI teacherpedia 1.1/Teacherpedia/ci4/app/Libraries/Resources.php(21): CodeIgniter\Debug\Exceptions->errorHandler(2, 'Invalid argumen...', '/Users/markpear...', 21, Array)
#1 /Users/markpearson/Google Drive/Documents/Projects/My Websites/Teacherpedia/4.0 CI teacherpedia 1.1/Teacherpedia/ci4/app/Libraries/Resources.php(10): App\Libraries\Resources->build_table(true)
#2 /Users/markpearson/Google Drive/Documents/Projects/My Websites/Teacherpedia/4.0 CI teacherpedia 1.1/Teacherpedia/resources/2020/06-09/09-03-40/generator.php(57): App\Libraries\Resources->answer_array(Array)
#3 /Users/markpearson/Google Drive/Documents/Projects/My Websites/Teacherpedia/4.0 CI teacherpedia 1.1/Teacherpedia/ci4/system/View/View.php(246): include('/Users/markpear...')
#4 /Users/markpearson/Google Drive/Documents/Projects/My Websites/Teacherpedia/4.0 CI teacherpedia 1.1/Teacherpedia/ci4/system/Common.php(1087): CodeIgniter\View\View->render('../../../resour...', Array, true)
#5 /Users/markpearson/Google Drive/Documents/Projects/My Websites/Teacherpedia/4.0 CI teacherpedia 1.1/Teacherpedia/ci4/app/Controllers/Resources.php(112): view('../../../resour...', Array)
#6 /Users/markpearson/Google Drive/Documents/Projects/My Websites/Teacherpedia/4.0 CI teacherpedia 1.1/Teacherpedia/ci4/system/CodeIgniter.php(914): App\Controllers\Resources->loadSheet('801')
#7 /Users/markpearson/Google Drive/Documents/Projects/My Websites/Teacherpedia/4.0 CI teacherpedia 1.1/Teacherpedia/ci4/system/CodeIgniter.php(400): CodeIgniter\CodeIgniter->runController(Object(App\Controllers\Resources))
#8 /Users/markpearson/Google Drive/Documents/Projects/My Websites/Teacherpedia/4.0 CI teacherpedia 1.1/Teacherpedia/ci4/system/CodeIgniter.php(308): CodeIgniter\CodeIgniter->handleRequest(NULL, Object(Config\Cache), false)
#9 /Users/markpearson/Google Drive/Documents/Projects/My Websites/Teacherpedia/4.0 CI teacherpedia 1.1/Teacherpedia/public_html/index.php(45): CodeIgniter\CodeIgniter->run()
#10 {main}
CRITICAL - 2020-09-06 09:22:40 --> Invalid argument supplied for foreach()
#0 /Users/markpearson/Google Drive/Documents/Projects/My Websites/Teacherpedia/4.0 CI teacherpedia 1.1/Teacherpedia/ci4/app/Libraries/Resources.php(28): CodeIgniter\Debug\Exceptions->errorHandler(2, 'Invalid argumen...', '/Users/markpear...', 28, Array)
#1 /Users/markpearson/Google Drive/Documents/Projects/My Websites/Teacherpedia/4.0 CI teacherpedia 1.1/Teacherpedia/ci4/app/Libraries/Resources.php(10): App\Libraries\Resources->build_table(Array)
#2 /Users/markpearson/Google Drive/Documents/Projects/My Websites/Teacherpedia/4.0 CI teacherpedia 1.1/Teacherpedia/resources/2020/06-09/09-03-40/generator.php(57): App\Libraries\Resources->answer_array(Array)
#3 /Users/markpearson/Google Drive/Documents/Projects/My Websites/Teacherpedia/4.0 CI teacherpedia 1.1/Teacherpedia/ci4/system/View/View.php(246): include('/Users/markpear...')
#4 /Users/markpearson/Google Drive/Documents/Projects/My Websites/Teacherpedia/4.0 CI teacherpedia 1.1/Teacherpedia/ci4/system/Common.php(1087): CodeIgniter\View\View->render('../../../resour...', Array, true)
#5 /Users/markpearson/Google Drive/Documents/Projects/My Websites/Teacherpedia/4.0 CI teacherpedia 1.1/Teacherpedia/ci4/app/Controllers/Resources.php(112): view('../../../resour...', Array)
#6 /Users/markpearson/Google Drive/Documents/Projects/My Websites/Teacherpedia/4.0 CI teacherpedia 1.1/Teacherpedia/ci4/system/CodeIgniter.php(914): App\Controllers\Resources->loadSheet('801')
#7 /Users/markpearson/Google Drive/Documents/Projects/My Websites/Teacherpedia/4.0 CI teacherpedia 1.1/Teacherpedia/ci4/system/CodeIgniter.php(400): CodeIgniter\CodeIgniter->runController(Object(App\Controllers\Resources))
#8 /Users/markpearson/Google Drive/Documents/Projects/My Websites/Teacherpedia/4.0 CI teacherpedia 1.1/Teacherpedia/ci4/system/CodeIgniter.php(308): CodeIgniter\CodeIgniter->handleRequest(NULL, Object(Config\Cache), false)
#9 /Users/markpearson/Google Drive/Documents/Projects/My Websites/Teacherpedia/4.0 CI teacherpedia 1.1/Teacherpedia/public_html/index.php(45): CodeIgniter\CodeIgniter->run()
#10 {main}
CRITICAL - 2020-09-06 09:23:32 --> Invalid argument supplied for foreach()
#0 /Users/markpearson/Google Drive/Documents/Projects/My Websites/Teacherpedia/4.0 CI teacherpedia 1.1/Teacherpedia/ci4/app/Libraries/Resources.php(28): CodeIgniter\Debug\Exceptions->errorHandler(2, 'Invalid argumen...', '/Users/markpear...', 28, Array)
#1 /Users/markpearson/Google Drive/Documents/Projects/My Websites/Teacherpedia/4.0 CI teacherpedia 1.1/Teacherpedia/ci4/app/Libraries/Resources.php(10): App\Libraries\Resources->build_table(Array)
#2 /Users/markpearson/Google Drive/Documents/Projects/My Websites/Teacherpedia/4.0 CI teacherpedia 1.1/Teacherpedia/resources/2020/06-09/09-03-40/generator.php(57): App\Libraries\Resources->answer_array(Array)
#3 /Users/markpearson/Google Drive/Documents/Projects/My Websites/Teacherpedia/4.0 CI teacherpedia 1.1/Teacherpedia/ci4/system/View/View.php(246): include('/Users/markpear...')
#4 /Users/markpearson/Google Drive/Documents/Projects/My Websites/Teacherpedia/4.0 CI teacherpedia 1.1/Teacherpedia/ci4/system/Common.php(1087): CodeIgniter\View\View->render('../../../resour...', Array, true)
#5 /Users/markpearson/Google Drive/Documents/Projects/My Websites/Teacherpedia/4.0 CI teacherpedia 1.1/Teacherpedia/ci4/app/Controllers/Resources.php(112): view('../../../resour...', Array)
#6 /Users/markpearson/Google Drive/Documents/Projects/My Websites/Teacherpedia/4.0 CI teacherpedia 1.1/Teacherpedia/ci4/system/CodeIgniter.php(914): App\Controllers\Resources->loadSheet('801')
#7 /Users/markpearson/Google Drive/Documents/Projects/My Websites/Teacherpedia/4.0 CI teacherpedia 1.1/Teacherpedia/ci4/system/CodeIgniter.php(400): CodeIgniter\CodeIgniter->runController(Object(App\Controllers\Resources))
#8 /Users/markpearson/Google Drive/Documents/Projects/My Websites/Teacherpedia/4.0 CI teacherpedia 1.1/Teacherpedia/ci4/system/CodeIgniter.php(308): CodeIgniter\CodeIgniter->handleRequest(NULL, Object(Config\Cache), false)
#9 /Users/markpearson/Google Drive/Documents/Projects/My Websites/Teacherpedia/4.0 CI teacherpedia 1.1/Teacherpedia/public_html/index.php(45): CodeIgniter\CodeIgniter->run()
#10 {main}
CRITICAL - 2020-09-06 09:23:57 --> Invalid argument supplied for foreach()
#0 /Users/markpearson/Google Drive/Documents/Projects/My Websites/Teacherpedia/4.0 CI teacherpedia 1.1/Teacherpedia/ci4/app/Libraries/Resources.php(20): CodeIgniter\Debug\Exceptions->errorHandler(2, 'Invalid argumen...', '/Users/markpear...', 20, Array)
#1 /Users/markpearson/Google Drive/Documents/Projects/My Websites/Teacherpedia/4.0 CI teacherpedia 1.1/Teacherpedia/ci4/app/Libraries/Resources.php(10): App\Libraries\Resources->build_table(true)
#2 /Users/markpearson/Google Drive/Documents/Projects/My Websites/Teacherpedia/4.0 CI teacherpedia 1.1/Teacherpedia/resources/2020/06-09/09-03-40/generator.php(57): App\Libraries\Resources->answer_array(Array)
#3 /Users/markpearson/Google Drive/Documents/Projects/My Websites/Teacherpedia/4.0 CI teacherpedia 1.1/Teacherpedia/ci4/system/View/View.php(246): include('/Users/markpear...')
#4 /Users/markpearson/Google Drive/Documents/Projects/My Websites/Teacherpedia/4.0 CI teacherpedia 1.1/Teacherpedia/ci4/system/Common.php(1087): CodeIgniter\View\View->render('../../../resour...', Array, true)
#5 /Users/markpearson/Google Drive/Documents/Projects/My Websites/Teacherpedia/4.0 CI teacherpedia 1.1/Teacherpedia/ci4/app/Controllers/Resources.php(112): view('../../../resour...', Array)
#6 /Users/markpearson/Google Drive/Documents/Projects/My Websites/Teacherpedia/4.0 CI teacherpedia 1.1/Teacherpedia/ci4/system/CodeIgniter.php(914): App\Controllers\Resources->loadSheet('801')
#7 /Users/markpearson/Google Drive/Documents/Projects/My Websites/Teacherpedia/4.0 CI teacherpedia 1.1/Teacherpedia/ci4/system/CodeIgniter.php(400): CodeIgniter\CodeIgniter->runController(Object(App\Controllers\Resources))
#8 /Users/markpearson/Google Drive/Documents/Projects/My Websites/Teacherpedia/4.0 CI teacherpedia 1.1/Teacherpedia/ci4/system/CodeIgniter.php(308): CodeIgniter\CodeIgniter->handleRequest(NULL, Object(Config\Cache), false)
#9 /Users/markpearson/Google Drive/Documents/Projects/My Websites/Teacherpedia/4.0 CI teacherpedia 1.1/Teacherpedia/public_html/index.php(45): CodeIgniter\CodeIgniter->run()
#10 {main}
CRITICAL - 2020-09-06 09:24:09 --> Invalid argument supplied for foreach()
#0 /Users/markpearson/Google Drive/Documents/Projects/My Websites/Teacherpedia/4.0 CI teacherpedia 1.1/Teacherpedia/ci4/app/Libraries/Resources.php(20): CodeIgniter\Debug\Exceptions->errorHandler(2, 'Invalid argumen...', '/Users/markpear...', 20, Array)
#1 /Users/markpearson/Google Drive/Documents/Projects/My Websites/Teacherpedia/4.0 CI teacherpedia 1.1/Teacherpedia/ci4/app/Libraries/Resources.php(10): App\Libraries\Resources->build_table(true)
#2 /Users/markpearson/Google Drive/Documents/Projects/My Websites/Teacherpedia/4.0 CI teacherpedia 1.1/Teacherpedia/resources/2020/06-09/09-03-40/generator.php(57): App\Libraries\Resources->answer_array(Array)
#3 /Users/markpearson/Google Drive/Documents/Projects/My Websites/Teacherpedia/4.0 CI teacherpedia 1.1/Teacherpedia/ci4/system/View/View.php(246): include('/Users/markpear...')
#4 /Users/markpearson/Google Drive/Documents/Projects/My Websites/Teacherpedia/4.0 CI teacherpedia 1.1/Teacherpedia/ci4/system/Common.php(1087): CodeIgniter\View\View->render('../../../resour...', Array, true)
#5 /Users/markpearson/Google Drive/Documents/Projects/My Websites/Teacherpedia/4.0 CI teacherpedia 1.1/Teacherpedia/ci4/app/Controllers/Resources.php(112): view('../../../resour...', Array)
#6 /Users/markpearson/Google Drive/Documents/Projects/My Websites/Teacherpedia/4.0 CI teacherpedia 1.1/Teacherpedia/ci4/system/CodeIgniter.php(914): App\Controllers\Resources->loadSheet('801')
#7 /Users/markpearson/Google Drive/Documents/Projects/My Websites/Teacherpedia/4.0 CI teacherpedia 1.1/Teacherpedia/ci4/system/CodeIgniter.php(400): CodeIgniter\CodeIgniter->runController(Object(App\Controllers\Resources))
#8 /Users/markpearson/Google Drive/Documents/Projects/My Websites/Teacherpedia/4.0 CI teacherpedia 1.1/Teacherpedia/ci4/system/CodeIgniter.php(308): CodeIgniter\CodeIgniter->handleRequest(NULL, Object(Config\Cache), false)
#9 /Users/markpearson/Google Drive/Documents/Projects/My Websites/Teacherpedia/4.0 CI teacherpedia 1.1/Teacherpedia/public_html/index.php(45): CodeIgniter\CodeIgniter->run()
#10 {main}
CRITICAL - 2020-09-06 09:24:25 --> Invalid argument supplied for foreach()
#0 /Users/markpearson/Google Drive/Documents/Projects/My Websites/Teacherpedia/4.0 CI teacherpedia 1.1/Teacherpedia/ci4/app/Libraries/Resources.php(28): CodeIgniter\Debug\Exceptions->errorHandler(2, 'Invalid argumen...', '/Users/markpear...', 28, Array)
#1 /Users/markpearson/Google Drive/Documents/Projects/My Websites/Teacherpedia/4.0 CI teacherpedia 1.1/Teacherpedia/ci4/app/Libraries/Resources.php(10): App\Libraries\Resources->build_table(Array)
#2 /Users/markpearson/Google Drive/Documents/Projects/My Websites/Teacherpedia/4.0 CI teacherpedia 1.1/Teacherpedia/resources/2020/06-09/09-03-40/generator.php(57): App\Libraries\Resources->answer_array(Array)
#3 /Users/markpearson/Google Drive/Documents/Projects/My Websites/Teacherpedia/4.0 CI teacherpedia 1.1/Teacherpedia/ci4/system/View/View.php(246): include('/Users/markpear...')
#4 /Users/markpearson/Google Drive/Documents/Projects/My Websites/Teacherpedia/4.0 CI teacherpedia 1.1/Teacherpedia/ci4/system/Common.php(1087): CodeIgniter\View\View->render('../../../resour...', Array, true)
#5 /Users/markpearson/Google Drive/Documents/Projects/My Websites/Teacherpedia/4.0 CI teacherpedia 1.1/Teacherpedia/ci4/app/Controllers/Resources.php(112): view('../../../resour...', Array)
#6 /Users/markpearson/Google Drive/Documents/Projects/My Websites/Teacherpedia/4.0 CI teacherpedia 1.1/Teacherpedia/ci4/system/CodeIgniter.php(914): App\Controllers\Resources->loadSheet('801')
#7 /Users/markpearson/Google Drive/Documents/Projects/My Websites/Teacherpedia/4.0 CI teacherpedia 1.1/Teacherpedia/ci4/system/CodeIgniter.php(400): CodeIgniter\CodeIgniter->runController(Object(App\Controllers\Resources))
#8 /Users/markpearson/Google Drive/Documents/Projects/My Websites/Teacherpedia/4.0 CI teacherpedia 1.1/Teacherpedia/ci4/system/CodeIgniter.php(308): CodeIgniter\CodeIgniter->handleRequest(NULL, Object(Config\Cache), false)
#9 /Users/markpearson/Google Drive/Documents/Projects/My Websites/Teacherpedia/4.0 CI teacherpedia 1.1/Teacherpedia/public_html/index.php(45): CodeIgniter\CodeIgniter->run()
#10 {main}
CRITICAL - 2020-09-06 09:25:35 --> Invalid argument supplied for foreach()
#0 /Users/markpearson/Google Drive/Documents/Projects/My Websites/Teacherpedia/4.0 CI teacherpedia 1.1/Teacherpedia/ci4/app/Libraries/Resources.php(20): CodeIgniter\Debug\Exceptions->errorHandler(2, 'Invalid argumen...', '/Users/markpear...', 20, Array)
#1 /Users/markpearson/Google Drive/Documents/Projects/My Websites/Teacherpedia/4.0 CI teacherpedia 1.1/Teacherpedia/ci4/app/Libraries/Resources.php(10): App\Libraries\Resources->build_table(true)
#2 /Users/markpearson/Google Drive/Documents/Projects/My Websites/Teacherpedia/4.0 CI teacherpedia 1.1/Teacherpedia/resources/2020/06-09/09-03-40/generator.php(57): App\Libraries\Resources->answer_array(Array)
#3 /Users/markpearson/Google Drive/Documents/Projects/My Websites/Teacherpedia/4.0 CI teacherpedia 1.1/Teacherpedia/ci4/system/View/View.php(246): include('/Users/markpear...')
#4 /Users/markpearson/Google Drive/Documents/Projects/My Websites/Teacherpedia/4.0 CI teacherpedia 1.1/Teacherpedia/ci4/system/Common.php(1087): CodeIgniter\View\View->render('../../../resour...', Array, true)
#5 /Users/markpearson/Google Drive/Documents/Projects/My Websites/Teacherpedia/4.0 CI teacherpedia 1.1/Teacherpedia/ci4/app/Controllers/Resources.php(112): view('../../../resour...', Array)
#6 /Users/markpearson/Google Drive/Documents/Projects/My Websites/Teacherpedia/4.0 CI teacherpedia 1.1/Teacherpedia/ci4/system/CodeIgniter.php(914): App\Controllers\Resources->loadSheet('801')
#7 /Users/markpearson/Google Drive/Documents/Projects/My Websites/Teacherpedia/4.0 CI teacherpedia 1.1/Teacherpedia/ci4/system/CodeIgniter.php(400): CodeIgniter\CodeIgniter->runController(Object(App\Controllers\Resources))
#8 /Users/markpearson/Google Drive/Documents/Projects/My Websites/Teacherpedia/4.0 CI teacherpedia 1.1/Teacherpedia/ci4/system/CodeIgniter.php(308): CodeIgniter\CodeIgniter->handleRequest(NULL, Object(Config\Cache), false)
#9 /Users/markpearson/Google Drive/Documents/Projects/My Websites/Teacherpedia/4.0 CI teacherpedia 1.1/Teacherpedia/public_html/index.php(45): CodeIgniter\CodeIgniter->run()
#10 {main}
CRITICAL - 2020-09-06 09:25:45 --> Invalid argument supplied for foreach()
#0 /Users/markpearson/Google Drive/Documents/Projects/My Websites/Teacherpedia/4.0 CI teacherpedia 1.1/Teacherpedia/ci4/app/Libraries/Resources.php(20): CodeIgniter\Debug\Exceptions->errorHandler(2, 'Invalid argumen...', '/Users/markpear...', 20, Array)
#1 /Users/markpearson/Google Drive/Documents/Projects/My Websites/Teacherpedia/4.0 CI teacherpedia 1.1/Teacherpedia/ci4/app/Libraries/Resources.php(10): App\Libraries\Resources->build_table(true)
#2 /Users/markpearson/Google Drive/Documents/Projects/My Websites/Teacherpedia/4.0 CI teacherpedia 1.1/Teacherpedia/resources/2020/06-09/09-03-40/generator.php(57): App\Libraries\Resources->answer_array(Array)
#3 /Users/markpearson/Google Drive/Documents/Projects/My Websites/Teacherpedia/4.0 CI teacherpedia 1.1/Teacherpedia/ci4/system/View/View.php(246): include('/Users/markpear...')
#4 /Users/markpearson/Google Drive/Documents/Projects/My Websites/Teacherpedia/4.0 CI teacherpedia 1.1/Teacherpedia/ci4/system/Common.php(1087): CodeIgniter\View\View->render('../../../resour...', Array, true)
#5 /Users/markpearson/Google Drive/Documents/Projects/My Websites/Teacherpedia/4.0 CI teacherpedia 1.1/Teacherpedia/ci4/app/Controllers/Resources.php(112): view('../../../resour...', Array)
#6 /Users/markpearson/Google Drive/Documents/Projects/My Websites/Teacherpedia/4.0 CI teacherpedia 1.1/Teacherpedia/ci4/system/CodeIgniter.php(914): App\Controllers\Resources->loadSheet('801')
#7 /Users/markpearson/Google Drive/Documents/Projects/My Websites/Teacherpedia/4.0 CI teacherpedia 1.1/Teacherpedia/ci4/system/CodeIgniter.php(400): CodeIgniter\CodeIgniter->runController(Object(App\Controllers\Resources))
#8 /Users/markpearson/Google Drive/Documents/Projects/My Websites/Teacherpedia/4.0 CI teacherpedia 1.1/Teacherpedia/ci4/system/CodeIgniter.php(308): CodeIgniter\CodeIgniter->handleRequest(NULL, Object(Config\Cache), false)
#9 /Users/markpearson/Google Drive/Documents/Projects/My Websites/Teacherpedia/4.0 CI teacherpedia 1.1/Teacherpedia/public_html/index.php(45): CodeIgniter\CodeIgniter->run()
#10 {main}
CRITICAL - 2020-09-06 09:25:59 --> Invalid argument supplied for foreach()
#0 /Users/markpearson/Google Drive/Documents/Projects/My Websites/Teacherpedia/4.0 CI teacherpedia 1.1/Teacherpedia/ci4/app/Libraries/Resources.php(28): CodeIgniter\Debug\Exceptions->errorHandler(2, 'Invalid argumen...', '/Users/markpear...', 28, Array)
#1 /Users/markpearson/Google Drive/Documents/Projects/My Websites/Teacherpedia/4.0 CI teacherpedia 1.1/Teacherpedia/ci4/app/Libraries/Resources.php(10): App\Libraries\Resources->build_table(Array)
#2 /Users/markpearson/Google Drive/Documents/Projects/My Websites/Teacherpedia/4.0 CI teacherpedia 1.1/Teacherpedia/resources/2020/06-09/09-03-40/generator.php(57): App\Libraries\Resources->answer_array(Array)
#3 /Users/markpearson/Google Drive/Documents/Projects/My Websites/Teacherpedia/4.0 CI teacherpedia 1.1/Teacherpedia/ci4/system/View/View.php(246): include('/Users/markpear...')
#4 /Users/markpearson/Google Drive/Documents/Projects/My Websites/Teacherpedia/4.0 CI teacherpedia 1.1/Teacherpedia/ci4/system/Common.php(1087): CodeIgniter\View\View->render('../../../resour...', Array, true)
#5 /Users/markpearson/Google Drive/Documents/Projects/My Websites/Teacherpedia/4.0 CI teacherpedia 1.1/Teacherpedia/ci4/app/Controllers/Resources.php(112): view('../../../resour...', Array)
#6 /Users/markpearson/Google Drive/Documents/Projects/My Websites/Teacherpedia/4.0 CI teacherpedia 1.1/Teacherpedia/ci4/system/CodeIgniter.php(914): App\Controllers\Resources->loadSheet('801')
#7 /Users/markpearson/Google Drive/Documents/Projects/My Websites/Teacherpedia/4.0 CI teacherpedia 1.1/Teacherpedia/ci4/system/CodeIgniter.php(400): CodeIgniter\CodeIgniter->runController(Object(App\Controllers\Resources))
#8 /Users/markpearson/Google Drive/Documents/Projects/My Websites/Teacherpedia/4.0 CI teacherpedia 1.1/Teacherpedia/ci4/system/CodeIgniter.php(308): CodeIgniter\CodeIgniter->handleRequest(NULL, Object(Config\Cache), false)
#9 /Users/markpearson/Google Drive/Documents/Projects/My Websites/Teacherpedia/4.0 CI teacherpedia 1.1/Teacherpedia/public_html/index.php(45): CodeIgniter\CodeIgniter->run()
#10 {main}
CRITICAL - 2020-09-06 09:38:47 --> shuffle() expects parameter 1 to be array, string given
#0 [internal function]: CodeIgniter\Debug\Exceptions->errorHandler(2, 'shuffle() expec...', '/Users/markpear...', 11, Array)
#1 /Users/markpearson/Google Drive/Documents/Projects/My Websites/Teacherpedia/4.0 CI teacherpedia 1.1/Teacherpedia/ci4/app/Libraries/Resources.php(11): shuffle('<table></tr><tr...')
#2 /Users/markpearson/Google Drive/Documents/Projects/My Websites/Teacherpedia/4.0 CI teacherpedia 1.1/Teacherpedia/resources/2020/06-09/09-03-40/generator.php(57): App\Libraries\Resources->answer_array(Array)
#3 /Users/markpearson/Google Drive/Documents/Projects/My Websites/Teacherpedia/4.0 CI teacherpedia 1.1/Teacherpedia/ci4/system/View/View.php(246): include('/Users/markpear...')
#4 /Users/markpearson/Google Drive/Documents/Projects/My Websites/Teacherpedia/4.0 CI teacherpedia 1.1/Teacherpedia/ci4/system/Common.php(1087): CodeIgniter\View\View->render('../../../resour...', Array, true)
#5 /Users/markpearson/Google Drive/Documents/Projects/My Websites/Teacherpedia/4.0 CI teacherpedia 1.1/Teacherpedia/ci4/app/Controllers/Resources.php(112): view('../../../resour...', Array)
#6 /Users/markpearson/Google Drive/Documents/Projects/My Websites/Teacherpedia/4.0 CI teacherpedia 1.1/Teacherpedia/ci4/system/CodeIgniter.php(914): App\Controllers\Resources->loadSheet('801')
#7 /Users/markpearson/Google Drive/Documents/Projects/My Websites/Teacherpedia/4.0 CI teacherpedia 1.1/Teacherpedia/ci4/system/CodeIgniter.php(400): CodeIgniter\CodeIgniter->runController(Object(App\Controllers\Resources))
#8 /Users/markpearson/Google Drive/Documents/Projects/My Websites/Teacherpedia/4.0 CI teacherpedia 1.1/Teacherpedia/ci4/system/CodeIgniter.php(308): CodeIgniter\CodeIgniter->handleRequest(NULL, Object(Config\Cache), false)
#9 /Users/markpearson/Google Drive/Documents/Projects/My Websites/Teacherpedia/4.0 CI teacherpedia 1.1/Teacherpedia/public_html/index.php(45): CodeIgniter\CodeIgniter->run()
#10 {main}
CRITICAL - 2020-09-06 09:52:32 --> Undefined index: answer_arrary
#0 /Users/markpearson/Google Drive/Documents/Projects/My Websites/Teacherpedia/4.0 CI teacherpedia 1.1/Teacherpedia/resources/2020/06-09/09-03-40/generator.php(61): CodeIgniter\Debug\Exceptions->errorHandler(8, 'Undefined index...', '/Users/markpear...', 61, Array)
#1 /Users/markpearson/Google Drive/Documents/Projects/My Websites/Teacherpedia/4.0 CI teacherpedia 1.1/Teacherpedia/ci4/system/View/View.php(246): include('/Users/markpear...')
#2 /Users/markpearson/Google Drive/Documents/Projects/My Websites/Teacherpedia/4.0 CI teacherpedia 1.1/Teacherpedia/ci4/system/Common.php(1087): CodeIgniter\View\View->render('../../../resour...', Array, true)
#3 /Users/markpearson/Google Drive/Documents/Projects/My Websites/Teacherpedia/4.0 CI teacherpedia 1.1/Teacherpedia/ci4/app/Controllers/Resources.php(112): view('../../../resour...', Array)
#4 /Users/markpearson/Google Drive/Documents/Projects/My Websites/Teacherpedia/4.0 CI teacherpedia 1.1/Teacherpedia/ci4/system/CodeIgniter.php(914): App\Controllers\Resources->loadSheet('801')
#5 /Users/markpearson/Google Drive/Documents/Projects/My Websites/Teacherpedia/4.0 CI teacherpedia 1.1/Teacherpedia/ci4/system/CodeIgniter.php(400): CodeIgniter\CodeIgniter->runController(Object(App\Controllers\Resources))
#6 /Users/markpearson/Google Drive/Documents/Projects/My Websites/Teacherpedia/4.0 CI teacherpedia 1.1/Teacherpedia/ci4/system/CodeIgniter.php(308): CodeIgniter\CodeIgniter->handleRequest(NULL, Object(Config\Cache), false)
#7 /Users/markpearson/Google Drive/Documents/Projects/My Websites/Teacherpedia/4.0 CI teacherpedia 1.1/Teacherpedia/public_html/index.php(45): CodeIgniter\CodeIgniter->run()
#8 {main}
CRITICAL - 2020-09-06 15:00:18 --> Class 'Number' not found
#0 /Users/markpearson/Google Drive/Documents/Projects/My Websites/Teacherpedia/4.0 CI teacherpedia 1.1/Teacherpedia/ci4/system/View/View.php(246): include()
#1 /Users/markpearson/Google Drive/Documents/Projects/My Websites/Teacherpedia/4.0 CI teacherpedia 1.1/Teacherpedia/ci4/system/Common.php(1087): CodeIgniter\View\View->render('../../../resour...', Array, true)
#2 /Users/markpearson/Google Drive/Documents/Projects/My Websites/Teacherpedia/4.0 CI teacherpedia 1.1/Teacherpedia/ci4/app/Controllers/Resources.php(112): view('../../../resour...', Array)
#3 /Users/markpearson/Google Drive/Documents/Projects/My Websites/Teacherpedia/4.0 CI teacherpedia 1.1/Teacherpedia/ci4/system/CodeIgniter.php(914): App\Controllers\Resources->loadSheet('801')
#4 /Users/markpearson/Google Drive/Documents/Projects/My Websites/Teacherpedia/4.0 CI teacherpedia 1.1/Teacherpedia/ci4/system/CodeIgniter.php(400): CodeIgniter\CodeIgniter->runController(Object(App\Controllers\Resources))
#5 /Users/markpearson/Google Drive/Documents/Projects/My Websites/Teacherpedia/4.0 CI teacherpedia 1.1/Teacherpedia/ci4/system/CodeIgniter.php(308): CodeIgniter\CodeIgniter->handleRequest(NULL, Object(Config\Cache), false)
#6 /Users/markpearson/Google Drive/Documents/Projects/My Websites/Teacherpedia/4.0 CI teacherpedia 1.1/Teacherpedia/public_html/index.php(45): CodeIgniter\CodeIgniter->run()
#7 {main}
CRITICAL - 2020-09-06 15:00:54 --> Call to undefined method App\Libraries\Resources::count_through_zero()
#0 /Users/markpearson/Google Drive/Documents/Projects/My Websites/Teacherpedia/4.0 CI teacherpedia 1.1/Teacherpedia/ci4/system/View/View.php(246): include()
#1 /Users/markpearson/Google Drive/Documents/Projects/My Websites/Teacherpedia/4.0 CI teacherpedia 1.1/Teacherpedia/ci4/system/Common.php(1087): CodeIgniter\View\View->render('../../../resour...', Array, true)
#2 /Users/markpearson/Google Drive/Documents/Projects/My Websites/Teacherpedia/4.0 CI teacherpedia 1.1/Teacherpedia/ci4/app/Controllers/Resources.php(112): view('../../../resour...', Array)
#3 /Users/markpearson/Google Drive/Documents/Projects/My Websites/Teacherpedia/4.0 CI teacherpedia 1.1/Teacherpedia/ci4/system/CodeIgniter.php(914): App\Controllers\Resources->loadSheet('801')
#4 /Users/markpearson/Google Drive/Documents/Projects/My Websites/Teacherpedia/4.0 CI teacherpedia 1.1/Teacherpedia/ci4/system/CodeIgniter.php(400): CodeIgniter\CodeIgniter->runController(Object(App\Controllers\Resources))
#5 /Users/markpearson/Google Drive/Documents/Projects/My Websites/Teacherpedia/4.0 CI teacherpedia 1.1/Teacherpedia/ci4/system/CodeIgniter.php(308): CodeIgniter\CodeIgniter->handleRequest(NULL, Object(Config\Cache), false)
#6 /Users/markpearson/Google Drive/Documents/Projects/My Websites/Teacherpedia/4.0 CI teacherpedia 1.1/Teacherpedia/public_html/index.php(45): CodeIgniter\CodeIgniter->run()
#7 {main}
CRITICAL - 2020-09-06 15:01:02 --> Call to undefined method App\Libraries\Resources::count_through_zero()
#0 /Users/markpearson/Google Drive/Documents/Projects/My Websites/Teacherpedia/4.0 CI teacherpedia 1.1/Teacherpedia/ci4/system/View/View.php(246): include()
#1 /Users/markpearson/Google Drive/Documents/Projects/My Websites/Teacherpedia/4.0 CI teacherpedia 1.1/Teacherpedia/ci4/system/Common.php(1087): CodeIgniter\View\View->render('../../../resour...', Array, true)
#2 /Users/markpearson/Google Drive/Documents/Projects/My Websites/Teacherpedia/4.0 CI teacherpedia 1.1/Teacherpedia/ci4/app/Controllers/Resources.php(112): view('../../../resour...', Array)
#3 /Users/markpearson/Google Drive/Documents/Projects/My Websites/Teacherpedia/4.0 CI teacherpedia 1.1/Teacherpedia/ci4/system/CodeIgniter.php(914): App\Controllers\Resources->loadSheet('801')
#4 /Users/markpearson/Google Drive/Documents/Projects/My Websites/Teacherpedia/4.0 CI teacherpedia 1.1/Teacherpedia/ci4/system/CodeIgniter.php(400): CodeIgniter\CodeIgniter->runController(Object(App\Controllers\Resources))
#5 /Users/markpearson/Google Drive/Documents/Projects/My Websites/Teacherpedia/4.0 CI teacherpedia 1.1/Teacherpedia/ci4/system/CodeIgniter.php(308): CodeIgniter\CodeIgniter->handleRequest(NULL, Object(Config\Cache), false)
#6 /Users/markpearson/Google Drive/Documents/Projects/My Websites/Teacherpedia/4.0 CI teacherpedia 1.1/Teacherpedia/public_html/index.php(45): CodeIgniter\CodeIgniter->run()
#7 {main}
CRITICAL - 2020-09-06 15:01:42 --> Class 'Words' not found
#0 /Users/markpearson/Google Drive/Documents/Projects/My Websites/Teacherpedia/4.0 CI teacherpedia 1.1/Teacherpedia/ci4/system/View/View.php(246): include()
#1 /Users/markpearson/Google Drive/Documents/Projects/My Websites/Teacherpedia/4.0 CI teacherpedia 1.1/Teacherpedia/ci4/system/Common.php(1087): CodeIgniter\View\View->render('../../../resour...', Array, true)
#2 /Users/markpearson/Google Drive/Documents/Projects/My Websites/Teacherpedia/4.0 CI teacherpedia 1.1/Teacherpedia/ci4/app/Controllers/Resources.php(112): view('../../../resour...', Array)
#3 /Users/markpearson/Google Drive/Documents/Projects/My Websites/Teacherpedia/4.0 CI teacherpedia 1.1/Teacherpedia/ci4/system/CodeIgniter.php(914): App\Controllers\Resources->loadSheet('801')
#4 /Users/markpearson/Google Drive/Documents/Projects/My Websites/Teacherpedia/4.0 CI teacherpedia 1.1/Teacherpedia/ci4/system/CodeIgniter.php(400): CodeIgniter\CodeIgniter->runController(Object(App\Controllers\Resources))
#5 /Users/markpearson/Google Drive/Documents/Projects/My Websites/Teacherpedia/4.0 CI teacherpedia 1.1/Teacherpedia/ci4/system/CodeIgniter.php(308): CodeIgniter\CodeIgniter->handleRequest(NULL, Object(Config\Cache), false)
#6 /Users/markpearson/Google Drive/Documents/Projects/My Websites/Teacherpedia/4.0 CI teacherpedia 1.1/Teacherpedia/public_html/index.php(45): CodeIgniter\CodeIgniter->run()
#7 {main}
CRITICAL - 2020-09-06 15:02:40 --> Class 'App\Libraries\Words' not found
#0 /Users/markpearson/Google Drive/Documents/Projects/My Websites/Teacherpedia/4.0 CI teacherpedia 1.1/Teacherpedia/ci4/system/View/View.php(246): include()
#1 /Users/markpearson/Google Drive/Documents/Projects/My Websites/Teacherpedia/4.0 CI teacherpedia 1.1/Teacherpedia/ci4/system/Common.php(1087): CodeIgniter\View\View->render('../../../resour...', Array, true)
#2 /Users/markpearson/Google Drive/Documents/Projects/My Websites/Teacherpedia/4.0 CI teacherpedia 1.1/Teacherpedia/ci4/app/Controllers/Resources.php(112): view('../../../resour...', Array)
#3 /Users/markpearson/Google Drive/Documents/Projects/My Websites/Teacherpedia/4.0 CI teacherpedia 1.1/Teacherpedia/ci4/system/CodeIgniter.php(914): App\Controllers\Resources->loadSheet('801')
#4 /Users/markpearson/Google Drive/Documents/Projects/My Websites/Teacherpedia/4.0 CI teacherpedia 1.1/Teacherpedia/ci4/system/CodeIgniter.php(400): CodeIgniter\CodeIgniter->runController(Object(App\Controllers\Resources))
#5 /Users/markpearson/Google Drive/Documents/Projects/My Websites/Teacherpedia/4.0 CI teacherpedia 1.1/Teacherpedia/ci4/system/CodeIgniter.php(308): CodeIgniter\CodeIgniter->handleRequest(NULL, Object(Config\Cache), false)
#6 /Users/markpearson/Google Drive/Documents/Projects/My Websites/Teacherpedia/4.0 CI teacherpedia 1.1/Teacherpedia/public_html/index.php(45): CodeIgniter\CodeIgniter->run()
#7 {main}
CRITICAL - 2020-09-06 15:03:38 --> Class 'App\Libraries\Words' not found
#0 /Users/markpearson/Google Drive/Documents/Projects/My Websites/Teacherpedia/4.0 CI teacherpedia 1.1/Teacherpedia/ci4/system/View/View.php(246): include()
#1 /Users/markpearson/Google Drive/Documents/Projects/My Websites/Teacherpedia/4.0 CI teacherpedia 1.1/Teacherpedia/ci4/system/Common.php(1087): CodeIgniter\View\View->render('../../../resour...', Array, true)
#2 /Users/markpearson/Google Drive/Documents/Projects/My Websites/Teacherpedia/4.0 CI teacherpedia 1.1/Teacherpedia/ci4/app/Controllers/Resources.php(112): view('../../../resour...', Array)
#3 /Users/markpearson/Google Drive/Documents/Projects/My Websites/Teacherpedia/4.0 CI teacherpedia 1.1/Teacherpedia/ci4/system/CodeIgniter.php(914): App\Controllers\Resources->loadSheet('801')
#4 /Users/markpearson/Google Drive/Documents/Projects/My Websites/Teacherpedia/4.0 CI teacherpedia 1.1/Teacherpedia/ci4/system/CodeIgniter.php(400): CodeIgniter\CodeIgniter->runController(Object(App\Controllers\Resources))
#5 /Users/markpearson/Google Drive/Documents/Projects/My Websites/Teacherpedia/4.0 CI teacherpedia 1.1/Teacherpedia/ci4/system/CodeIgniter.php(308): CodeIgniter\CodeIgniter->handleRequest(NULL, Object(Config\Cache), false)
#6 /Users/markpearson/Google Drive/Documents/Projects/My Websites/Teacherpedia/4.0 CI teacherpedia 1.1/Teacherpedia/public_html/index.php(45): CodeIgniter\CodeIgniter->run()
#7 {main}
CRITICAL - 2020-09-06 15:03:39 --> Class 'App\Libraries\Words' not found
#0 /Users/markpearson/Google Drive/Documents/Projects/My Websites/Teacherpedia/4.0 CI teacherpedia 1.1/Teacherpedia/ci4/system/View/View.php(246): include()
#1 /Users/markpearson/Google Drive/Documents/Projects/My Websites/Teacherpedia/4.0 CI teacherpedia 1.1/Teacherpedia/ci4/system/Common.php(1087): CodeIgniter\View\View->render('../../../resour...', Array, true)
#2 /Users/markpearson/Google Drive/Documents/Projects/My Websites/Teacherpedia/4.0 CI teacherpedia 1.1/Teacherpedia/ci4/app/Controllers/Resources.php(112): view('../../../resour...', Array)
#3 /Users/markpearson/Google Drive/Documents/Projects/My Websites/Teacherpedia/4.0 CI teacherpedia 1.1/Teacherpedia/ci4/system/CodeIgniter.php(914): App\Controllers\Resources->loadSheet('801')
#4 /Users/markpearson/Google Drive/Documents/Projects/My Websites/Teacherpedia/4.0 CI teacherpedia 1.1/Teacherpedia/ci4/system/CodeIgniter.php(400): CodeIgniter\CodeIgniter->runController(Object(App\Controllers\Resources))
#5 /Users/markpearson/Google Drive/Documents/Projects/My Websites/Teacherpedia/4.0 CI teacherpedia 1.1/Teacherpedia/ci4/system/CodeIgniter.php(308): CodeIgniter\CodeIgniter->handleRequest(NULL, Object(Config\Cache), false)
#6 /Users/markpearson/Google Drive/Documents/Projects/My Websites/Teacherpedia/4.0 CI teacherpedia 1.1/Teacherpedia/public_html/index.php(45): CodeIgniter\CodeIgniter->run()
#7 {main}
CRITICAL - 2020-09-06 15:03:44 --> Class 'Words' not found
#0 /Users/markpearson/Google Drive/Documents/Projects/My Websites/Teacherpedia/4.0 CI teacherpedia 1.1/Teacherpedia/ci4/system/View/View.php(246): include()
#1 /Users/markpearson/Google Drive/Documents/Projects/My Websites/Teacherpedia/4.0 CI teacherpedia 1.1/Teacherpedia/ci4/system/Common.php(1087): CodeIgniter\View\View->render('../../../resour...', Array, true)
#2 /Users/markpearson/Google Drive/Documents/Projects/My Websites/Teacherpedia/4.0 CI teacherpedia 1.1/Teacherpedia/ci4/app/Controllers/Resources.php(112): view('../../../resour...', Array)
#3 /Users/markpearson/Google Drive/Documents/Projects/My Websites/Teacherpedia/4.0 CI teacherpedia 1.1/Teacherpedia/ci4/system/CodeIgniter.php(914): App\Controllers\Resources->loadSheet('801')
#4 /Users/markpearson/Google Drive/Documents/Projects/My Websites/Teacherpedia/4.0 CI teacherpedia 1.1/Teacherpedia/ci4/system/CodeIgniter.php(400): CodeIgniter\CodeIgniter->runController(Object(App\Controllers\Resources))
#5 /Users/markpearson/Google Drive/Documents/Projects/My Websites/Teacherpedia/4.0 CI teacherpedia 1.1/Teacherpedia/ci4/system/CodeIgniter.php(308): CodeIgniter\CodeIgniter->handleRequest(NULL, Object(Config\Cache), false)
#6 /Users/markpearson/Google Drive/Documents/Projects/My Websites/Teacherpedia/4.0 CI teacherpedia 1.1/Teacherpedia/public_html/index.php(45): CodeIgniter\CodeIgniter->run()
#7 {main}
CRITICAL - 2020-09-06 15:04:09 --> Class 'App\Libraries\Resources\Words' not found
#0 /Users/markpearson/Google Drive/Documents/Projects/My Websites/Teacherpedia/4.0 CI teacherpedia 1.1/Teacherpedia/ci4/system/View/View.php(246): include()
#1 /Users/markpearson/Google Drive/Documents/Projects/My Websites/Teacherpedia/4.0 CI teacherpedia 1.1/Teacherpedia/ci4/system/Common.php(1087): CodeIgniter\View\View->render('../../../resour...', Array, true)
#2 /Users/markpearson/Google Drive/Documents/Projects/My Websites/Teacherpedia/4.0 CI teacherpedia 1.1/Teacherpedia/ci4/app/Controllers/Resources.php(112): view('../../../resour...', Array)
#3 /Users/markpearson/Google Drive/Documents/Projects/My Websites/Teacherpedia/4.0 CI teacherpedia 1.1/Teacherpedia/ci4/system/CodeIgniter.php(914): App\Controllers\Resources->loadSheet('801')
#4 /Users/markpearson/Google Drive/Documents/Projects/My Websites/Teacherpedia/4.0 CI teacherpedia 1.1/Teacherpedia/ci4/system/CodeIgniter.php(400): CodeIgniter\CodeIgniter->runController(Object(App\Controllers\Resources))
#5 /Users/markpearson/Google Drive/Documents/Projects/My Websites/Teacherpedia/4.0 CI teacherpedia 1.1/Teacherpedia/ci4/system/CodeIgniter.php(308): CodeIgniter\CodeIgniter->handleRequest(NULL, Object(Config\Cache), false)
#6 /Users/markpearson/Google Drive/Documents/Projects/My Websites/Teacherpedia/4.0 CI teacherpedia 1.1/Teacherpedia/public_html/index.php(45): CodeIgniter\CodeIgniter->run()
#7 {main}
CRITICAL - 2020-09-06 15:04:44 --> Class 'Resource' not found
#0 /Users/markpearson/Google Drive/Documents/Projects/My Websites/Teacherpedia/4.0 CI teacherpedia 1.1/Teacherpedia/ci4/system/View/View.php(246): include()
#1 /Users/markpearson/Google Drive/Documents/Projects/My Websites/Teacherpedia/4.0 CI teacherpedia 1.1/Teacherpedia/ci4/system/Common.php(1087): CodeIgniter\View\View->render('../../../resour...', Array, true)
#2 /Users/markpearson/Google Drive/Documents/Projects/My Websites/Teacherpedia/4.0 CI teacherpedia 1.1/Teacherpedia/ci4/app/Controllers/Resources.php(112): view('../../../resour...', Array)
#3 /Users/markpearson/Google Drive/Documents/Projects/My Websites/Teacherpedia/4.0 CI teacherpedia 1.1/Teacherpedia/ci4/system/CodeIgniter.php(914): App\Controllers\Resources->loadSheet('801')
#4 /Users/markpearson/Google Drive/Documents/Projects/My Websites/Teacherpedia/4.0 CI teacherpedia 1.1/Teacherpedia/ci4/system/CodeIgniter.php(400): CodeIgniter\CodeIgniter->runController(Object(App\Controllers\Resources))
#5 /Users/markpearson/Google Drive/Documents/Projects/My Websites/Teacherpedia/4.0 CI teacherpedia 1.1/Teacherpedia/ci4/system/CodeIgniter.php(308): CodeIgniter\CodeIgniter->handleRequest(NULL, Object(Config\Cache), false)
#6 /Users/markpearson/Google Drive/Documents/Projects/My Websites/Teacherpedia/4.0 CI teacherpedia 1.1/Teacherpedia/public_html/index.php(45): CodeIgniter\CodeIgniter->run()
#7 {main}
CRITICAL - 2020-09-06 15:05:07 --> Call to undefined method App\Libraries\Resources::count_through_zero()
#0 /Users/markpearson/Google Drive/Documents/Projects/My Websites/Teacherpedia/4.0 CI teacherpedia 1.1/Teacherpedia/ci4/system/View/View.php(246): include()
#1 /Users/markpearson/Google Drive/Documents/Projects/My Websites/Teacherpedia/4.0 CI teacherpedia 1.1/Teacherpedia/ci4/system/Common.php(1087): CodeIgniter\View\View->render('../../../resour...', Array, true)
#2 /Users/markpearson/Google Drive/Documents/Projects/My Websites/Teacherpedia/4.0 CI teacherpedia 1.1/Teacherpedia/ci4/app/Controllers/Resources.php(112): view('../../../resour...', Array)
#3 /Users/markpearson/Google Drive/Documents/Projects/My Websites/Teacherpedia/4.0 CI teacherpedia 1.1/Teacherpedia/ci4/system/CodeIgniter.php(914): App\Controllers\Resources->loadSheet('801')
#4 /Users/markpearson/Google Drive/Documents/Projects/My Websites/Teacherpedia/4.0 CI teacherpedia 1.1/Teacherpedia/ci4/system/CodeIgniter.php(400): CodeIgniter\CodeIgniter->runController(Object(App\Controllers\Resources))
#5 /Users/markpearson/Google Drive/Documents/Projects/My Websites/Teacherpedia/4.0 CI teacherpedia 1.1/Teacherpedia/ci4/system/CodeIgniter.php(308): CodeIgniter\CodeIgniter->handleRequest(NULL, Object(Config\Cache), false)
#6 /Users/markpearson/Google Drive/Documents/Projects/My Websites/Teacherpedia/4.0 CI teacherpedia 1.1/Teacherpedia/public_html/index.php(45): CodeIgniter\CodeIgniter->run()
#7 {main}
CRITICAL - 2020-09-06 15:05:49 --> Class 'Number' not found
#0 /Users/markpearson/Google Drive/Documents/Projects/My Websites/Teacherpedia/4.0 CI teacherpedia 1.1/Teacherpedia/ci4/system/View/View.php(246): include()
#1 /Users/markpearson/Google Drive/Documents/Projects/My Websites/Teacherpedia/4.0 CI teacherpedia 1.1/Teacherpedia/ci4/system/Common.php(1087): CodeIgniter\View\View->render('../../../resour...', Array, true)
#2 /Users/markpearson/Google Drive/Documents/Projects/My Websites/Teacherpedia/4.0 CI teacherpedia 1.1/Teacherpedia/ci4/app/Controllers/Resources.php(112): view('../../../resour...', Array)
#3 /Users/markpearson/Google Drive/Documents/Projects/My Websites/Teacherpedia/4.0 CI teacherpedia 1.1/Teacherpedia/ci4/system/CodeIgniter.php(914): App\Controllers\Resources->loadSheet('801')
#4 /Users/markpearson/Google Drive/Documents/Projects/My Websites/Teacherpedia/4.0 CI teacherpedia 1.1/Teacherpedia/ci4/system/CodeIgniter.php(400): CodeIgniter\CodeIgniter->runController(Object(App\Controllers\Resources))
#5 /Users/markpearson/Google Drive/Documents/Projects/My Websites/Teacherpedia/4.0 CI teacherpedia 1.1/Teacherpedia/ci4/system/CodeIgniter.php(308): CodeIgniter\CodeIgniter->handleRequest(NULL, Object(Config\Cache), false)
#6 /Users/markpearson/Google Drive/Documents/Projects/My Websites/Teacherpedia/4.0 CI teacherpedia 1.1/Teacherpedia/public_html/index.php(45): CodeIgniter\CodeIgniter->run()
#7 {main}
CRITICAL - 2020-09-06 15:05:58 --> Class 'Resources§' not found
#0 /Users/markpearson/Google Drive/Documents/Projects/My Websites/Teacherpedia/4.0 CI teacherpedia 1.1/Teacherpedia/ci4/system/View/View.php(246): include()
#1 /Users/markpearson/Google Drive/Documents/Projects/My Websites/Teacherpedia/4.0 CI teacherpedia 1.1/Teacherpedia/ci4/system/Common.php(1087): CodeIgniter\View\View->render('../../../resour...', Array, true)
#2 /Users/markpearson/Google Drive/Documents/Projects/My Websites/Teacherpedia/4.0 CI teacherpedia 1.1/Teacherpedia/ci4/app/Controllers/Resources.php(112): view('../../../resour...', Array)
#3 /Users/markpearson/Google Drive/Documents/Projects/My Websites/Teacherpedia/4.0 CI teacherpedia 1.1/Teacherpedia/ci4/system/CodeIgniter.php(914): App\Controllers\Resources->loadSheet('801')
#4 /Users/markpearson/Google Drive/Documents/Projects/My Websites/Teacherpedia/4.0 CI teacherpedia 1.1/Teacherpedia/ci4/system/CodeIgniter.php(400): CodeIgniter\CodeIgniter->runController(Object(App\Controllers\Resources))
#5 /Users/markpearson/Google Drive/Documents/Projects/My Websites/Teacherpedia/4.0 CI teacherpedia 1.1/Teacherpedia/ci4/system/CodeIgniter.php(308): CodeIgniter\CodeIgniter->handleRequest(NULL, Object(Config\Cache), false)
#6 /Users/markpearson/Google Drive/Documents/Projects/My Websites/Teacherpedia/4.0 CI teacherpedia 1.1/Teacherpedia/public_html/index.php(45): CodeIgniter\CodeIgniter->run()
#7 {main}
CRITICAL - 2020-09-06 15:06:07 --> Call to undefined method App\Libraries\Resources::count_through_zero()
#0 /Users/markpearson/Google Drive/Documents/Projects/My Websites/Teacherpedia/4.0 CI teacherpedia 1.1/Teacherpedia/ci4/system/View/View.php(246): include()
#1 /Users/markpearson/Google Drive/Documents/Projects/My Websites/Teacherpedia/4.0 CI teacherpedia 1.1/Teacherpedia/ci4/system/Common.php(1087): CodeIgniter\View\View->render('../../../resour...', Array, true)
#2 /Users/markpearson/Google Drive/Documents/Projects/My Websites/Teacherpedia/4.0 CI teacherpedia 1.1/Teacherpedia/ci4/app/Controllers/Resources.php(112): view('../../../resour...', Array)
#3 /Users/markpearson/Google Drive/Documents/Projects/My Websites/Teacherpedia/4.0 CI teacherpedia 1.1/Teacherpedia/ci4/system/CodeIgniter.php(914): App\Controllers\Resources->loadSheet('801')
#4 /Users/markpearson/Google Drive/Documents/Projects/My Websites/Teacherpedia/4.0 CI teacherpedia 1.1/Teacherpedia/ci4/system/CodeIgniter.php(400): CodeIgniter\CodeIgniter->runController(Object(App\Controllers\Resources))
#5 /Users/markpearson/Google Drive/Documents/Projects/My Websites/Teacherpedia/4.0 CI teacherpedia 1.1/Teacherpedia/ci4/system/CodeIgniter.php(308): CodeIgniter\CodeIgniter->handleRequest(NULL, Object(Config\Cache), false)
#6 /Users/markpearson/Google Drive/Documents/Projects/My Websites/Teacherpedia/4.0 CI teacherpedia 1.1/Teacherpedia/public_html/index.php(45): CodeIgniter\CodeIgniter->run()
#7 {main}
CRITICAL - 2020-09-06 15:06:42 --> Class 'App\Libraries\Words' not found
#0 /Users/markpearson/Google Drive/Documents/Projects/My Websites/Teacherpedia/4.0 CI teacherpedia 1.1/Teacherpedia/resources/2020/06-09/09-03-40/generator.php(46): App\Libraries\Number->words_write_in_numerals()
#1 /Users/markpearson/Google Drive/Documents/Projects/My Websites/Teacherpedia/4.0 CI teacherpedia 1.1/Teacherpedia/ci4/system/View/View.php(246): include('/Users/markpear...')
#2 /Users/markpearson/Google Drive/Documents/Projects/My Websites/Teacherpedia/4.0 CI teacherpedia 1.1/Teacherpedia/ci4/system/Common.php(1087): CodeIgniter\View\View->render('../../../resour...', Array, true)
#3 /Users/markpearson/Google Drive/Documents/Projects/My Websites/Teacherpedia/4.0 CI teacherpedia 1.1/Teacherpedia/ci4/app/Controllers/Resources.php(112): view('../../../resour...', Array)
#4 /Users/markpearson/Google Drive/Documents/Projects/My Websites/Teacherpedia/4.0 CI teacherpedia 1.1/Teacherpedia/ci4/system/CodeIgniter.php(914): App\Controllers\Resources->loadSheet('801')
#5 /Users/markpearson/Google Drive/Documents/Projects/My Websites/Teacherpedia/4.0 CI teacherpedia 1.1/Teacherpedia/ci4/system/CodeIgniter.php(400): CodeIgniter\CodeIgniter->runController(Object(App\Controllers\Resources))
#6 /Users/markpearson/Google Drive/Documents/Projects/My Websites/Teacherpedia/4.0 CI teacherpedia 1.1/Teacherpedia/ci4/system/CodeIgniter.php(308): CodeIgniter\CodeIgniter->handleRequest(NULL, Object(Config\Cache), false)
#7 /Users/markpearson/Google Drive/Documents/Projects/My Websites/Teacherpedia/4.0 CI teacherpedia 1.1/Teacherpedia/public_html/index.php(45): CodeIgniter\CodeIgniter->run()
#8 {main}
CRITICAL - 2020-09-06 15:07:33 --> Class 'App\Libraries\Words' not found
#0 /Users/markpearson/Google Drive/Documents/Projects/My Websites/Teacherpedia/4.0 CI teacherpedia 1.1/Teacherpedia/resources/2020/06-09/09-03-40/generator.php(46): App\Libraries\Number->words_write_in_numerals()
#1 /Users/markpearson/Google Drive/Documents/Projects/My Websites/Teacherpedia/4.0 CI teacherpedia 1.1/Teacherpedia/ci4/system/View/View.php(246): include('/Users/markpear...')
#2 /Users/markpearson/Google Drive/Documents/Projects/My Websites/Teacherpedia/4.0 CI teacherpedia 1.1/Teacherpedia/ci4/system/Common.php(1087): CodeIgniter\View\View->render('../../../resour...', Array, true)
#3 /Users/markpearson/Google Drive/Documents/Projects/My Websites/Teacherpedia/4.0 CI teacherpedia 1.1/Teacherpedia/ci4/app/Controllers/Resources.php(112): view('../../../resour...', Array)
#4 /Users/markpearson/Google Drive/Documents/Projects/My Websites/Teacherpedia/4.0 CI teacherpedia 1.1/Teacherpedia/ci4/system/CodeIgniter.php(914): App\Controllers\Resources->loadSheet('801')
#5 /Users/markpearson/Google Drive/Documents/Projects/My Websites/Teacherpedia/4.0 CI teacherpedia 1.1/Teacherpedia/ci4/system/CodeIgniter.php(400): CodeIgniter\CodeIgniter->runController(Object(App\Controllers\Resources))
#6 /Users/markpearson/Google Drive/Documents/Projects/My Websites/Teacherpedia/4.0 CI teacherpedia 1.1/Teacherpedia/ci4/system/CodeIgniter.php(308): CodeIgniter\CodeIgniter->handleRequest(NULL, Object(Config\Cache), false)
#7 /Users/markpearson/Google Drive/Documents/Projects/My Websites/Teacherpedia/4.0 CI teacherpedia 1.1/Teacherpedia/public_html/index.php(45): CodeIgniter\CodeIgniter->run()
#8 {main}
CRITICAL - 2020-09-06 15:07:34 --> Class 'App\Libraries\Words' not found
#0 /Users/markpearson/Google Drive/Documents/Projects/My Websites/Teacherpedia/4.0 CI teacherpedia 1.1/Teacherpedia/resources/2020/06-09/09-03-40/generator.php(46): App\Libraries\Number->words_write_in_numerals()
#1 /Users/markpearson/Google Drive/Documents/Projects/My Websites/Teacherpedia/4.0 CI teacherpedia 1.1/Teacherpedia/ci4/system/View/View.php(246): include('/Users/markpear...')
#2 /Users/markpearson/Google Drive/Documents/Projects/My Websites/Teacherpedia/4.0 CI teacherpedia 1.1/Teacherpedia/ci4/system/Common.php(1087): CodeIgniter\View\View->render('../../../resour...', Array, true)
#3 /Users/markpearson/Google Drive/Documents/Projects/My Websites/Teacherpedia/4.0 CI teacherpedia 1.1/Teacherpedia/ci4/app/Controllers/Resources.php(112): view('../../../resour...', Array)
#4 /Users/markpearson/Google Drive/Documents/Projects/My Websites/Teacherpedia/4.0 CI teacherpedia 1.1/Teacherpedia/ci4/system/CodeIgniter.php(914): App\Controllers\Resources->loadSheet('801')
#5 /Users/markpearson/Google Drive/Documents/Projects/My Websites/Teacherpedia/4.0 CI teacherpedia 1.1/Teacherpedia/ci4/system/CodeIgniter.php(400): CodeIgniter\CodeIgniter->runController(Object(App\Controllers\Resources))
#6 /Users/markpearson/Google Drive/Documents/Projects/My Websites/Teacherpedia/4.0 CI teacherpedia 1.1/Teacherpedia/ci4/system/CodeIgniter.php(308): CodeIgniter\CodeIgniter->handleRequest(NULL, Object(Config\Cache), false)
#7 /Users/markpearson/Google Drive/Documents/Projects/My Websites/Teacherpedia/4.0 CI teacherpedia 1.1/Teacherpedia/public_html/index.php(45): CodeIgniter\CodeIgniter->run()
#8 {main}
CRITICAL - 2020-09-06 15:08:41 --> Class 'App\Libraries\Words' not found
#0 /Users/markpearson/Google Drive/Documents/Projects/My Websites/Teacherpedia/4.0 CI teacherpedia 1.1/Teacherpedia/resources/2020/06-09/09-03-40/generator.php(46): App\Libraries\Number->words_write_in_numerals()
#1 /Users/markpearson/Google Drive/Documents/Projects/My Websites/Teacherpedia/4.0 CI teacherpedia 1.1/Teacherpedia/ci4/system/View/View.php(246): include('/Users/markpear...')
#2 /Users/markpearson/Google Drive/Documents/Projects/My Websites/Teacherpedia/4.0 CI teacherpedia 1.1/Teacherpedia/ci4/system/Common.php(1087): CodeIgniter\View\View->render('../../../resour...', Array, true)
#3 /Users/markpearson/Google Drive/Documents/Projects/My Websites/Teacherpedia/4.0 CI teacherpedia 1.1/Teacherpedia/ci4/app/Controllers/Resources.php(112): view('../../../resour...', Array)
#4 /Users/markpearson/Google Drive/Documents/Projects/My Websites/Teacherpedia/4.0 CI teacherpedia 1.1/Teacherpedia/ci4/system/CodeIgniter.php(914): App\Controllers\Resources->loadSheet('801')
#5 /Users/markpearson/Google Drive/Documents/Projects/My Websites/Teacherpedia/4.0 CI teacherpedia 1.1/Teacherpedia/ci4/system/CodeIgniter.php(400): CodeIgniter\CodeIgniter->runController(Object(App\Controllers\Resources))
#6 /Users/markpearson/Google Drive/Documents/Projects/My Websites/Teacherpedia/4.0 CI teacherpedia 1.1/Teacherpedia/ci4/system/CodeIgniter.php(308): CodeIgniter\CodeIgniter->handleRequest(NULL, Object(Config\Cache), false)
#7 /Users/markpearson/Google Drive/Documents/Projects/My Websites/Teacherpedia/4.0 CI teacherpedia 1.1/Teacherpedia/public_html/index.php(45): CodeIgniter\CodeIgniter->run()
#8 {main}
CRITICAL - 2020-09-06 15:09:59 --> Class 'App\Libraries\Words' not found
#0 /Users/markpearson/Google Drive/Documents/Projects/My Websites/Teacherpedia/4.0 CI teacherpedia 1.1/Teacherpedia/resources/2020/06-09/09-03-40/generator.php(46): App\Libraries\Number->words_write_in_numerals()
#1 /Users/markpearson/Google Drive/Documents/Projects/My Websites/Teacherpedia/4.0 CI teacherpedia 1.1/Teacherpedia/ci4/system/View/View.php(246): include('/Users/markpear...')
#2 /Users/markpearson/Google Drive/Documents/Projects/My Websites/Teacherpedia/4.0 CI teacherpedia 1.1/Teacherpedia/ci4/system/Common.php(1087): CodeIgniter\View\View->render('../../../resour...', Array, true)
#3 /Users/markpearson/Google Drive/Documents/Projects/My Websites/Teacherpedia/4.0 CI teacherpedia 1.1/Teacherpedia/ci4/app/Controllers/Resources.php(112): view('../../../resour...', Array)
#4 /Users/markpearson/Google Drive/Documents/Projects/My Websites/Teacherpedia/4.0 CI teacherpedia 1.1/Teacherpedia/ci4/system/CodeIgniter.php(914): App\Controllers\Resources->loadSheet('801')
#5 /Users/markpearson/Google Drive/Documents/Projects/My Websites/Teacherpedia/4.0 CI teacherpedia 1.1/Teacherpedia/ci4/system/CodeIgniter.php(400): CodeIgniter\CodeIgniter->runController(Object(App\Controllers\Resources))
#6 /Users/markpearson/Google Drive/Documents/Projects/My Websites/Teacherpedia/4.0 CI teacherpedia 1.1/Teacherpedia/ci4/system/CodeIgniter.php(308): CodeIgniter\CodeIgniter->handleRequest(NULL, Object(Config\Cache), false)
#7 /Users/markpearson/Google Drive/Documents/Projects/My Websites/Teacherpedia/4.0 CI teacherpedia 1.1/Teacherpedia/public_html/index.php(45): CodeIgniter\CodeIgniter->run()
#8 {main}
CRITICAL - 2020-09-06 15:10:11 --> Class 'App\Libraries\Words' not found
#0 /Users/markpearson/Google Drive/Documents/Projects/My Websites/Teacherpedia/4.0 CI teacherpedia 1.1/Teacherpedia/resources/2020/06-09/09-03-40/generator.php(46): App\Libraries\Number->words_write_in_numerals()
#1 /Users/markpearson/Google Drive/Documents/Projects/My Websites/Teacherpedia/4.0 CI teacherpedia 1.1/Teacherpedia/ci4/system/View/View.php(246): include('/Users/markpear...')
#2 /Users/markpearson/Google Drive/Documents/Projects/My Websites/Teacherpedia/4.0 CI teacherpedia 1.1/Teacherpedia/ci4/system/Common.php(1087): CodeIgniter\View\View->render('../../../resour...', Array, true)
#3 /Users/markpearson/Google Drive/Documents/Projects/My Websites/Teacherpedia/4.0 CI teacherpedia 1.1/Teacherpedia/ci4/app/Controllers/Resources.php(112): view('../../../resour...', Array)
#4 /Users/markpearson/Google Drive/Documents/Projects/My Websites/Teacherpedia/4.0 CI teacherpedia 1.1/Teacherpedia/ci4/system/CodeIgniter.php(914): App\Controllers\Resources->loadSheet('801')
#5 /Users/markpearson/Google Drive/Documents/Projects/My Websites/Teacherpedia/4.0 CI teacherpedia 1.1/Teacherpedia/ci4/system/CodeIgniter.php(400): CodeIgniter\CodeIgniter->runController(Object(App\Controllers\Resources))
#6 /Users/markpearson/Google Drive/Documents/Projects/My Websites/Teacherpedia/4.0 CI teacherpedia 1.1/Teacherpedia/ci4/system/CodeIgniter.php(308): CodeIgniter\CodeIgniter->handleRequest(NULL, Object(Config\Cache), false)
#7 /Users/markpearson/Google Drive/Documents/Projects/My Websites/Teacherpedia/4.0 CI teacherpedia 1.1/Teacherpedia/public_html/index.php(45): CodeIgniter\CodeIgniter->run()
#8 {main}
CRITICAL - 2020-09-06 15:10:12 --> Class 'App\Libraries\Words' not found
#0 /Users/markpearson/Google Drive/Documents/Projects/My Websites/Teacherpedia/4.0 CI teacherpedia 1.1/Teacherpedia/resources/2020/06-09/09-03-40/generator.php(46): App\Libraries\Number->words_write_in_numerals()
#1 /Users/markpearson/Google Drive/Documents/Projects/My Websites/Teacherpedia/4.0 CI teacherpedia 1.1/Teacherpedia/ci4/system/View/View.php(246): include('/Users/markpear...')
#2 /Users/markpearson/Google Drive/Documents/Projects/My Websites/Teacherpedia/4.0 CI teacherpedia 1.1/Teacherpedia/ci4/system/Common.php(1087): CodeIgniter\View\View->render('../../../resour...', Array, true)
#3 /Users/markpearson/Google Drive/Documents/Projects/My Websites/Teacherpedia/4.0 CI teacherpedia 1.1/Teacherpedia/ci4/app/Controllers/Resources.php(112): view('../../../resour...', Array)
#4 /Users/markpearson/Google Drive/Documents/Projects/My Websites/Teacherpedia/4.0 CI teacherpedia 1.1/Teacherpedia/ci4/system/CodeIgniter.php(914): App\Controllers\Resources->loadSheet('801')
#5 /Users/markpearson/Google Drive/Documents/Projects/My Websites/Teacherpedia/4.0 CI teacherpedia 1.1/Teacherpedia/ci4/system/CodeIgniter.php(400): CodeIgniter\CodeIgniter->runController(Object(App\Controllers\Resources))
#6 /Users/markpearson/Google Drive/Documents/Projects/My Websites/Teacherpedia/4.0 CI teacherpedia 1.1/Teacherpedia/ci4/system/CodeIgniter.php(308): CodeIgniter\CodeIgniter->handleRequest(NULL, Object(Config\Cache), false)
#7 /Users/markpearson/Google Drive/Documents/Projects/My Websites/Teacherpedia/4.0 CI teacherpedia 1.1/Teacherpedia/public_html/index.php(45): CodeIgniter\CodeIgniter->run()
#8 {main}
CRITICAL - 2020-09-06 15:10:37 --> Class 'App\Libraries\Words' not found
#0 /Users/markpearson/Google Drive/Documents/Projects/My Websites/Teacherpedia/4.0 CI teacherpedia 1.1/Teacherpedia/resources/2020/06-09/09-03-40/generator.php(46): App\Libraries\Number->words_write_in_numerals()
#1 /Users/markpearson/Google Drive/Documents/Projects/My Websites/Teacherpedia/4.0 CI teacherpedia 1.1/Teacherpedia/ci4/system/View/View.php(246): include('/Users/markpear...')
#2 /Users/markpearson/Google Drive/Documents/Projects/My Websites/Teacherpedia/4.0 CI teacherpedia 1.1/Teacherpedia/ci4/system/Common.php(1087): CodeIgniter\View\View->render('../../../resour...', Array, true)
#3 /Users/markpearson/Google Drive/Documents/Projects/My Websites/Teacherpedia/4.0 CI teacherpedia 1.1/Teacherpedia/ci4/app/Controllers/Resources.php(112): view('../../../resour...', Array)
#4 /Users/markpearson/Google Drive/Documents/Projects/My Websites/Teacherpedia/4.0 CI teacherpedia 1.1/Teacherpedia/ci4/system/CodeIgniter.php(914): App\Controllers\Resources->loadSheet('801')
#5 /Users/markpearson/Google Drive/Documents/Projects/My Websites/Teacherpedia/4.0 CI teacherpedia 1.1/Teacherpedia/ci4/system/CodeIgniter.php(400): CodeIgniter\CodeIgniter->runController(Object(App\Controllers\Resources))
#6 /Users/markpearson/Google Drive/Documents/Projects/My Websites/Teacherpedia/4.0 CI teacherpedia 1.1/Teacherpedia/ci4/system/CodeIgniter.php(308): CodeIgniter\CodeIgniter->handleRequest(NULL, Object(Config\Cache), false)
#7 /Users/markpearson/Google Drive/Documents/Projects/My Websites/Teacherpedia/4.0 CI teacherpedia 1.1/Teacherpedia/public_html/index.php(45): CodeIgniter\CodeIgniter->run()
#8 {main}
CRITICAL - 2020-09-06 17:02:20 --> Argument 1 passed to url_title() must be of the type string, null given, called in /home/sites/2a/f/fae78d7b9a/ci4/app/Controllers/Admin/Resources.php on line 257
#0 /home/sites/2a/f/fae78d7b9a/ci4/app/Controllers/Admin/Resources.php(257): url_title(NULL, 'dash', true)
#1 /home/sites/2a/f/fae78d7b9a/ci4/system/CodeIgniter.php(914): App\Controllers\Admin\Resources->do_uploads()
#2 /home/sites/2a/f/fae78d7b9a/ci4/system/CodeIgniter.php(400): CodeIgniter\CodeIgniter->runController(Object(App\Controllers\Admin\Resources))
#3 /home/sites/2a/f/fae78d7b9a/ci4/system/CodeIgniter.php(308): CodeIgniter\CodeIgniter->handleRequest(NULL, Object(Config\Cache), false)
#4 /home/sites/2a/f/fae78d7b9a/public_html/index.php(45): CodeIgniter\CodeIgniter->run()
#5 {main}
CRITICAL - 2020-09-06 17:03:39 --> Class 'App\Libraries\Words' not found
#0 /home/sites/2a/f/fae78d7b9a/resources/2020/06-09/17-02-19/generator.php(46): App\Libraries\Number->size_order_words()
#1 /home/sites/2a/f/fae78d7b9a/ci4/system/View/View.php(246): include('/home/sites/2a/...')
#2 /home/sites/2a/f/fae78d7b9a/ci4/system/Common.php(1087): CodeIgniter\View\View->render('../../../resour...', Array, true)
#3 /home/sites/2a/f/fae78d7b9a/ci4/app/Controllers/Resources.php(112): view('../../../resour...', Array)
#4 /home/sites/2a/f/fae78d7b9a/ci4/system/CodeIgniter.php(914): App\Controllers\Resources->loadSheet('63')
#5 /home/sites/2a/f/fae78d7b9a/ci4/system/CodeIgniter.php(400): CodeIgniter\CodeIgniter->runController(Object(App\Controllers\Resources))
#6 /home/sites/2a/f/fae78d7b9a/ci4/system/CodeIgniter.php(308): CodeIgniter\CodeIgniter->handleRequest(NULL, Object(Config\Cache), false)
#7 /home/sites/2a/f/fae78d7b9a/public_html/index.php(45): CodeIgniter\CodeIgniter->run()
#8 {main}
CRITICAL - 2020-09-06 19:27:22 --> Argument 2 passed to CodeIgniter\Database\BaseBuilder::like() must be of the type string, null given, called in /home/sites/2a/f/fae78d7b9a/ci4/system/Model.php on line 1716
#0 /home/sites/2a/f/fae78d7b9a/ci4/system/Model.php(1716): CodeIgniter\Database\BaseBuilder->like('resource_name', NULL)
#1 /home/sites/2a/f/fae78d7b9a/ci4/app/Controllers/Resources.php(35): CodeIgniter\Model->__call('like', Array)
#2 /home/sites/2a/f/fae78d7b9a/ci4/system/CodeIgniter.php(914): App\Controllers\Resources->search('search_results')
#3 /home/sites/2a/f/fae78d7b9a/ci4/system/CodeIgniter.php(400): CodeIgniter\CodeIgniter->runController(Object(App\Controllers\Resources))
#4 /home/sites/2a/f/fae78d7b9a/ci4/system/CodeIgniter.php(308): CodeIgniter\CodeIgniter->handleRequest(NULL, Object(Config\Cache), false)
#5 /home/sites/2a/f/fae78d7b9a/public_html/index.php(45): CodeIgniter\CodeIgniter->run()
#6 {main}
CRITICAL - 2020-09-06 19:28:23 --> Argument 2 passed to CodeIgniter\Database\BaseBuilder::like() must be of the type string, null given, called in /home/sites/2a/f/fae78d7b9a/ci4/system/Model.php on line 1716
#0 /home/sites/2a/f/fae78d7b9a/ci4/system/Model.php(1716): CodeIgniter\Database\BaseBuilder->like('resource_name', NULL)
#1 /home/sites/2a/f/fae78d7b9a/ci4/app/Controllers/Resources.php(35): CodeIgniter\Model->__call('like', Array)
#2 /home/sites/2a/f/fae78d7b9a/ci4/system/CodeIgniter.php(914): App\Controllers\Resources->search('search_results')
#3 /home/sites/2a/f/fae78d7b9a/ci4/system/CodeIgniter.php(400): CodeIgniter\CodeIgniter->runController(Object(App\Controllers\Resources))
#4 /home/sites/2a/f/fae78d7b9a/ci4/system/CodeIgniter.php(308): CodeIgniter\CodeIgniter->handleRequest(NULL, Object(Config\Cache), false)
#5 /home/sites/2a/f/fae78d7b9a/public_html/index.php(45): CodeIgniter\CodeIgniter->run()
#6 {main}
CRITICAL - 2020-09-06 19:29:23 --> Argument 2 passed to CodeIgniter\Database\BaseBuilder::like() must be of the type string, null given, called in /home/sites/2a/f/fae78d7b9a/ci4/system/Model.php on line 1716
#0 /home/sites/2a/f/fae78d7b9a/ci4/system/Model.php(1716): CodeIgniter\Database\BaseBuilder->like('resource_name', NULL)
#1 /home/sites/2a/f/fae78d7b9a/ci4/app/Controllers/Resources.php(35): CodeIgniter\Model->__call('like', Array)
#2 /home/sites/2a/f/fae78d7b9a/ci4/system/CodeIgniter.php(914): App\Controllers\Resources->search('search_results')
#3 /home/sites/2a/f/fae78d7b9a/ci4/system/CodeIgniter.php(400): CodeIgniter\CodeIgniter->runController(Object(App\Controllers\Resources))
#4 /home/sites/2a/f/fae78d7b9a/ci4/system/CodeIgniter.php(308): CodeIgniter\CodeIgniter->handleRequest(NULL, Object(Config\Cache), false)
#5 /home/sites/2a/f/fae78d7b9a/public_html/index.php(45): CodeIgniter\CodeIgniter->run()
#6 {main}
CRITICAL - 2020-09-06 19:30:24 --> Argument 2 passed to CodeIgniter\Database\BaseBuilder::like() must be of the type string, null given, called in /home/sites/2a/f/fae78d7b9a/ci4/system/Model.php on line 1716
#0 /home/sites/2a/f/fae78d7b9a/ci4/system/Model.php(1716): CodeIgniter\Database\BaseBuilder->like('resource_name', NULL)
#1 /home/sites/2a/f/fae78d7b9a/ci4/app/Controllers/Resources.php(35): CodeIgniter\Model->__call('like', Array)
#2 /home/sites/2a/f/fae78d7b9a/ci4/system/CodeIgniter.php(914): App\Controllers\Resources->search('search_results')
#3 /home/sites/2a/f/fae78d7b9a/ci4/system/CodeIgniter.php(400): CodeIgniter\CodeIgniter->runController(Object(App\Controllers\Resources))
#4 /home/sites/2a/f/fae78d7b9a/ci4/system/CodeIgniter.php(308): CodeIgniter\CodeIgniter->handleRequest(NULL, Object(Config\Cache), false)
#5 /home/sites/2a/f/fae78d7b9a/public_html/index.php(45): CodeIgniter\CodeIgniter->run()
#6 {main}
CRITICAL - 2020-09-06 19:40:10 --> Argument 2 passed to CodeIgniter\Database\BaseBuilder::like() must be of the type string, null given, called in /home/sites/2a/f/fae78d7b9a/ci4/system/Model.php on line 1716
#0 /home/sites/2a/f/fae78d7b9a/ci4/system/Model.php(1716): CodeIgniter\Database\BaseBuilder->like('resource_name', NULL)
#1 /home/sites/2a/f/fae78d7b9a/ci4/app/Controllers/Resources.php(35): CodeIgniter\Model->__call('like', Array)
#2 /home/sites/2a/f/fae78d7b9a/ci4/system/CodeIgniter.php(914): App\Controllers\Resources->search('resources', '2020', '06-09', '17-02-19')
#3 /home/sites/2a/f/fae78d7b9a/ci4/system/CodeIgniter.php(400): CodeIgniter\CodeIgniter->runController(Object(App\Controllers\Resources))
#4 /home/sites/2a/f/fae78d7b9a/ci4/system/CodeIgniter.php(308): CodeIgniter\CodeIgniter->handleRequest(NULL, Object(Config\Cache), false)
#5 /home/sites/2a/f/fae78d7b9a/public_html/index.php(45): CodeIgniter\CodeIgniter->run()
#6 {main}
CRITICAL - 2020-09-06 19:41:10 --> Argument 2 passed to CodeIgniter\Database\BaseBuilder::like() must be of the type string, null given, called in /home/sites/2a/f/fae78d7b9a/ci4/system/Model.php on line 1716
#0 /home/sites/2a/f/fae78d7b9a/ci4/system/Model.php(1716): CodeIgniter\Database\BaseBuilder->like('resource_name', NULL)
#1 /home/sites/2a/f/fae78d7b9a/ci4/app/Controllers/Resources.php(35): CodeIgniter\Model->__call('like', Array)
#2 /home/sites/2a/f/fae78d7b9a/ci4/system/CodeIgniter.php(914): App\Controllers\Resources->search('resources', '2020', '06-09', '17-02-19')
#3 /home/sites/2a/f/fae78d7b9a/ci4/system/CodeIgniter.php(400): CodeIgniter\CodeIgniter->runController(Object(App\Controllers\Resources))
#4 /home/sites/2a/f/fae78d7b9a/ci4/system/CodeIgniter.php(308): CodeIgniter\CodeIgniter->handleRequest(NULL, Object(Config\Cache), false)
#5 /home/sites/2a/f/fae78d7b9a/public_html/index.php(45): CodeIgniter\CodeIgniter->run()
#6 {main}
CRITICAL - 2020-09-06 19:41:14 --> Argument 2 passed to CodeIgniter\Database\BaseBuilder::like() must be of the type string, null given, called in /home/sites/2a/f/fae78d7b9a/ci4/system/Model.php on line 1716
#0 /home/sites/2a/f/fae78d7b9a/ci4/system/Model.php(1716): CodeIgniter\Database\BaseBuilder->like('resource_name', NULL)
#1 /home/sites/2a/f/fae78d7b9a/ci4/app/Controllers/Resources.php(35): CodeIgniter\Model->__call('like', Array)
#2 /home/sites/2a/f/fae78d7b9a/ci4/system/CodeIgniter.php(914): App\Controllers\Resources->search('year-3-multi-ob...')
#3 /home/sites/2a/f/fae78d7b9a/ci4/system/CodeIgniter.php(400): CodeIgniter\CodeIgniter->runController(Object(App\Controllers\Resources))
#4 /home/sites/2a/f/fae78d7b9a/ci4/system/CodeIgniter.php(308): CodeIgniter\CodeIgniter->handleRequest(NULL, Object(Config\Cache), false)
#5 /home/sites/2a/f/fae78d7b9a/public_html/index.php(45): CodeIgniter\CodeIgniter->run()
#6 {main}
CRITICAL - 2020-09-06 19:41:51 --> Argument 2 passed to CodeIgniter\Database\BaseBuilder::like() must be of the type string, null given, called in /home/sites/2a/f/fae78d7b9a/ci4/system/Model.php on line 1716
#0 /home/sites/2a/f/fae78d7b9a/ci4/system/Model.php(1716): CodeIgniter\Database\BaseBuilder->like('resource_name', NULL)
#1 /home/sites/2a/f/fae78d7b9a/ci4/app/Controllers/Resources.php(35): CodeIgniter\Model->__call('like', Array)
#2 /home/sites/2a/f/fae78d7b9a/ci4/system/CodeIgniter.php(914): App\Controllers\Resources->search('year-3-multi-ob...')
#3 /home/sites/2a/f/fae78d7b9a/ci4/system/CodeIgniter.php(400): CodeIgniter\CodeIgniter->runController(Object(App\Controllers\Resources))
#4 /home/sites/2a/f/fae78d7b9a/ci4/system/CodeIgniter.php(308): CodeIgniter\CodeIgniter->handleRequest(NULL, Object(Config\Cache), false)
#5 /home/sites/2a/f/fae78d7b9a/public_html/index.php(45): CodeIgniter\CodeIgniter->run()
#6 {main}
