CRITICAL - 2020-07-06 04:33:12 --> Undefined index: action_name
#0 /Users/markpearson/Google Drive/Documents/Projects/My Websites/Teacherpedia/4.0 CI teacherpedia 1.1/Teacherpedia/ci4/app/Controllers/Admin/Resources.php(268): CodeIgniter\Debug\Exceptions->errorHandler(8, 'Undefined index...', '/Users/markpear...', 268, Array)
#1 /Users/markpearson/Google Drive/Documents/Projects/My Websites/Teacherpedia/4.0 CI teacherpedia 1.1/Teacherpedia/ci4/system/CodeIgniter.php(914): App\Controllers\admin\Resources->do_uploads()
#2 /Users/markpearson/Google Drive/Documents/Projects/My Websites/Teacherpedia/4.0 CI teacherpedia 1.1/Teacherpedia/ci4/system/CodeIgniter.php(400): CodeIgniter\CodeIgniter->runController(Object(App\Controllers\admin\Resources))
#3 /Users/markpearson/Google Drive/Documents/Projects/My Websites/Teacherpedia/4.0 CI teacherpedia 1.1/Teacherpedia/ci4/system/CodeIgniter.php(308): CodeIgniter\CodeIgniter->handleRequest(NULL, Object(Config\Cache), false)
#4 /Users/markpearson/Google Drive/Documents/Projects/My Websites/Teacherpedia/4.0 CI teacherpedia 1.1/Teacherpedia/public_html/index.php(45): CodeIgniter\CodeIgniter->run()
#5 {main}
CRITICAL - 2020-07-06 04:36:00 --> Undefined index: action_name
#0 /Users/markpearson/Google Drive/Documents/Projects/My Websites/Teacherpedia/4.0 CI teacherpedia 1.1/Teacherpedia/ci4/app/Controllers/Admin/Resources.php(268): CodeIgniter\Debug\Exceptions->errorHandler(8, 'Undefined index...', '/Users/markpear...', 268, Array)
#1 /Users/markpearson/Google Drive/Documents/Projects/My Websites/Teacherpedia/4.0 CI teacherpedia 1.1/Teacherpedia/ci4/system/CodeIgniter.php(914): App\Controllers\admin\Resources->do_uploads()
#2 /Users/markpearson/Google Drive/Documents/Projects/My Websites/Teacherpedia/4.0 CI teacherpedia 1.1/Teacherpedia/ci4/system/CodeIgniter.php(400): CodeIgniter\CodeIgniter->runController(Object(App\Controllers\admin\Resources))
#3 /Users/markpearson/Google Drive/Documents/Projects/My Websites/Teacherpedia/4.0 CI teacherpedia 1.1/Teacherpedia/ci4/system/CodeIgniter.php(308): CodeIgniter\CodeIgniter->handleRequest(NULL, Object(Config\Cache), false)
#4 /Users/markpearson/Google Drive/Documents/Projects/My Websites/Teacherpedia/4.0 CI teacherpedia 1.1/Teacherpedia/public_html/index.php(45): CodeIgniter\CodeIgniter->run()
#5 {main}
CRITICAL - 2020-07-06 04:37:41 --> Undefined index: action_name
#0 /Users/markpearson/Google Drive/Documents/Projects/My Websites/Teacherpedia/4.0 CI teacherpedia 1.1/Teacherpedia/ci4/app/Controllers/Admin/Resources.php(268): CodeIgniter\Debug\Exceptions->errorHandler(8, 'Undefined index...', '/Users/markpear...', 268, Array)
#1 /Users/markpearson/Google Drive/Documents/Projects/My Websites/Teacherpedia/4.0 CI teacherpedia 1.1/Teacherpedia/ci4/system/CodeIgniter.php(914): App\Controllers\admin\Resources->do_uploads()
#2 /Users/markpearson/Google Drive/Documents/Projects/My Websites/Teacherpedia/4.0 CI teacherpedia 1.1/Teacherpedia/ci4/system/CodeIgniter.php(400): CodeIgniter\CodeIgniter->runController(Object(App\Controllers\admin\Resources))
#3 /Users/markpearson/Google Drive/Documents/Projects/My Websites/Teacherpedia/4.0 CI teacherpedia 1.1/Teacherpedia/ci4/system/CodeIgniter.php(308): CodeIgniter\CodeIgniter->handleRequest(NULL, Object(Config\Cache), false)
#4 /Users/markpearson/Google Drive/Documents/Projects/My Websites/Teacherpedia/4.0 CI teacherpedia 1.1/Teacherpedia/public_html/index.php(45): CodeIgniter\CodeIgniter->run()
#5 {main}
CRITICAL - 2020-07-06 04:42:25 --> Undefined index: action_name
#0 /Users/markpearson/Google Drive/Documents/Projects/My Websites/Teacherpedia/4.0 CI teacherpedia 1.1/Teacherpedia/ci4/app/Controllers/Admin/Resources.php(268): CodeIgniter\Debug\Exceptions->errorHandler(8, 'Undefined index...', '/Users/markpear...', 268, Array)
#1 /Users/markpearson/Google Drive/Documents/Projects/My Websites/Teacherpedia/4.0 CI teacherpedia 1.1/Teacherpedia/ci4/system/CodeIgniter.php(914): App\Controllers\admin\Resources->do_uploads()
#2 /Users/markpearson/Google Drive/Documents/Projects/My Websites/Teacherpedia/4.0 CI teacherpedia 1.1/Teacherpedia/ci4/system/CodeIgniter.php(400): CodeIgniter\CodeIgniter->runController(Object(App\Controllers\admin\Resources))
#3 /Users/markpearson/Google Drive/Documents/Projects/My Websites/Teacherpedia/4.0 CI teacherpedia 1.1/Teacherpedia/ci4/system/CodeIgniter.php(308): CodeIgniter\CodeIgniter->handleRequest(NULL, Object(Config\Cache), false)
#4 /Users/markpearson/Google Drive/Documents/Projects/My Websites/Teacherpedia/4.0 CI teacherpedia 1.1/Teacherpedia/public_html/index.php(45): CodeIgniter\CodeIgniter->run()
#5 {main}
CRITICAL - 2020-07-06 04:43:05 --> Undefined index: action_name
#0 /Users/markpearson/Google Drive/Documents/Projects/My Websites/Teacherpedia/4.0 CI teacherpedia 1.1/Teacherpedia/ci4/app/Controllers/Admin/Resources.php(268): CodeIgniter\Debug\Exceptions->errorHandler(8, 'Undefined index...', '/Users/markpear...', 268, Array)
#1 /Users/markpearson/Google Drive/Documents/Projects/My Websites/Teacherpedia/4.0 CI teacherpedia 1.1/Teacherpedia/ci4/system/CodeIgniter.php(914): App\Controllers\admin\Resources->do_uploads()
#2 /Users/markpearson/Google Drive/Documents/Projects/My Websites/Teacherpedia/4.0 CI teacherpedia 1.1/Teacherpedia/ci4/system/CodeIgniter.php(400): CodeIgniter\CodeIgniter->runController(Object(App\Controllers\admin\Resources))
#3 /Users/markpearson/Google Drive/Documents/Projects/My Websites/Teacherpedia/4.0 CI teacherpedia 1.1/Teacherpedia/ci4/system/CodeIgniter.php(308): CodeIgniter\CodeIgniter->handleRequest(NULL, Object(Config\Cache), false)
#4 /Users/markpearson/Google Drive/Documents/Projects/My Websites/Teacherpedia/4.0 CI teacherpedia 1.1/Teacherpedia/public_html/index.php(45): CodeIgniter\CodeIgniter->run()
#5 {main}
CRITICAL - 2020-07-06 04:44:21 --> Undefined index: action_name
#0 /Users/markpearson/Google Drive/Documents/Projects/My Websites/Teacherpedia/4.0 CI teacherpedia 1.1/Teacherpedia/ci4/app/Controllers/Admin/Resources.php(268): CodeIgniter\Debug\Exceptions->errorHandler(8, 'Undefined index...', '/Users/markpear...', 268, Array)
#1 /Users/markpearson/Google Drive/Documents/Projects/My Websites/Teacherpedia/4.0 CI teacherpedia 1.1/Teacherpedia/ci4/system/CodeIgniter.php(914): App\Controllers\admin\Resources->do_uploads()
#2 /Users/markpearson/Google Drive/Documents/Projects/My Websites/Teacherpedia/4.0 CI teacherpedia 1.1/Teacherpedia/ci4/system/CodeIgniter.php(400): CodeIgniter\CodeIgniter->runController(Object(App\Controllers\admin\Resources))
#3 /Users/markpearson/Google Drive/Documents/Projects/My Websites/Teacherpedia/4.0 CI teacherpedia 1.1/Teacherpedia/ci4/system/CodeIgniter.php(308): CodeIgniter\CodeIgniter->handleRequest(NULL, Object(Config\Cache), false)
#4 /Users/markpearson/Google Drive/Documents/Projects/My Websites/Teacherpedia/4.0 CI teacherpedia 1.1/Teacherpedia/public_html/index.php(45): CodeIgniter\CodeIgniter->run()
#5 {main}
CRITICAL - 2020-07-06 04:44:59 --> Undefined index: action_name
#0 /Users/markpearson/Google Drive/Documents/Projects/My Websites/Teacherpedia/4.0 CI teacherpedia 1.1/Teacherpedia/ci4/app/Controllers/Admin/Resources.php(268): CodeIgniter\Debug\Exceptions->errorHandler(8, 'Undefined index...', '/Users/markpear...', 268, Array)
#1 /Users/markpearson/Google Drive/Documents/Projects/My Websites/Teacherpedia/4.0 CI teacherpedia 1.1/Teacherpedia/ci4/system/CodeIgniter.php(914): App\Controllers\admin\Resources->do_uploads()
#2 /Users/markpearson/Google Drive/Documents/Projects/My Websites/Teacherpedia/4.0 CI teacherpedia 1.1/Teacherpedia/ci4/system/CodeIgniter.php(400): CodeIgniter\CodeIgniter->runController(Object(App\Controllers\admin\Resources))
#3 /Users/markpearson/Google Drive/Documents/Projects/My Websites/Teacherpedia/4.0 CI teacherpedia 1.1/Teacherpedia/ci4/system/CodeIgniter.php(308): CodeIgniter\CodeIgniter->handleRequest(NULL, Object(Config\Cache), false)
#4 /Users/markpearson/Google Drive/Documents/Projects/My Websites/Teacherpedia/4.0 CI teacherpedia 1.1/Teacherpedia/public_html/index.php(45): CodeIgniter\CodeIgniter->run()
#5 {main}
CRITICAL - 2020-07-06 04:45:39 --> Undefined index: action_name
#0 /Users/markpearson/Google Drive/Documents/Projects/My Websites/Teacherpedia/4.0 CI teacherpedia 1.1/Teacherpedia/ci4/app/Controllers/Admin/Resources.php(268): CodeIgniter\Debug\Exceptions->errorHandler(8, 'Undefined index...', '/Users/markpear...', 268, Array)
#1 /Users/markpearson/Google Drive/Documents/Projects/My Websites/Teacherpedia/4.0 CI teacherpedia 1.1/Teacherpedia/ci4/system/CodeIgniter.php(914): App\Controllers\admin\Resources->do_uploads()
#2 /Users/markpearson/Google Drive/Documents/Projects/My Websites/Teacherpedia/4.0 CI teacherpedia 1.1/Teacherpedia/ci4/system/CodeIgniter.php(400): CodeIgniter\CodeIgniter->runController(Object(App\Controllers\admin\Resources))
#3 /Users/markpearson/Google Drive/Documents/Projects/My Websites/Teacherpedia/4.0 CI teacherpedia 1.1/Teacherpedia/ci4/system/CodeIgniter.php(308): CodeIgniter\CodeIgniter->handleRequest(NULL, Object(Config\Cache), false)
#4 /Users/markpearson/Google Drive/Documents/Projects/My Websites/Teacherpedia/4.0 CI teacherpedia 1.1/Teacherpedia/public_html/index.php(45): CodeIgniter\CodeIgniter->run()
#5 {main}
CRITICAL - 2020-07-06 04:55:23 --> include(year5table.html): failed to open stream: No such file or directory
#0 /Users/markpearson/Google Drive/Documents/Projects/My Websites/Teacherpedia/4.0 CI teacherpedia 1.1/Teacherpedia/resources/2020/06-07-90/04-45-39/index.php(18): CodeIgniter\Debug\Exceptions->errorHandler(2, 'include(year5ta...', '/Users/markpear...', 18, Array)
#1 /Users/markpearson/Google Drive/Documents/Projects/My Websites/Teacherpedia/4.0 CI teacherpedia 1.1/Teacherpedia/resources/2020/06-07-90/04-45-39/index.php(18): include()
#2 /Users/markpearson/Google Drive/Documents/Projects/My Websites/Teacherpedia/4.0 CI teacherpedia 1.1/Teacherpedia/ci4/system/View/View.php(246): include('/Users/markpear...')
#3 /Users/markpearson/Google Drive/Documents/Projects/My Websites/Teacherpedia/4.0 CI teacherpedia 1.1/Teacherpedia/ci4/system/Common.php(1087): CodeIgniter\View\View->render('../../../resour...', Array, true)
#4 /Users/markpearson/Google Drive/Documents/Projects/My Websites/Teacherpedia/4.0 CI teacherpedia 1.1/Teacherpedia/ci4/app/Controllers/Resources.php(79): view('../../../resour...', Array)
#5 /Users/markpearson/Google Drive/Documents/Projects/My Websites/Teacherpedia/4.0 CI teacherpedia 1.1/Teacherpedia/ci4/system/CodeIgniter.php(914): App\Controllers\Resources->load('resources', '2020', '06-07-90', '04-45-39', '773')
#6 /Users/markpearson/Google Drive/Documents/Projects/My Websites/Teacherpedia/4.0 CI teacherpedia 1.1/Teacherpedia/ci4/system/CodeIgniter.php(400): CodeIgniter\CodeIgniter->runController(Object(App\Controllers\Resources))
#7 /Users/markpearson/Google Drive/Documents/Projects/My Websites/Teacherpedia/4.0 CI teacherpedia 1.1/Teacherpedia/ci4/system/CodeIgniter.php(308): CodeIgniter\CodeIgniter->handleRequest(NULL, Object(Config\Cache), false)
#8 /Users/markpearson/Google Drive/Documents/Projects/My Websites/Teacherpedia/4.0 CI teacherpedia 1.1/Teacherpedia/public_html/index.php(45): CodeIgniter\CodeIgniter->run()
#9 {main}
CRITICAL - 2020-07-06 04:55:27 --> include(year5table.html): failed to open stream: No such file or directory
#0 /Users/markpearson/Google Drive/Documents/Projects/My Websites/Teacherpedia/4.0 CI teacherpedia 1.1/Teacherpedia/resources/2020/06-07-90/04-45-39/index.php(18): CodeIgniter\Debug\Exceptions->errorHandler(2, 'include(year5ta...', '/Users/markpear...', 18, Array)
#1 /Users/markpearson/Google Drive/Documents/Projects/My Websites/Teacherpedia/4.0 CI teacherpedia 1.1/Teacherpedia/resources/2020/06-07-90/04-45-39/index.php(18): include()
#2 /Users/markpearson/Google Drive/Documents/Projects/My Websites/Teacherpedia/4.0 CI teacherpedia 1.1/Teacherpedia/ci4/system/View/View.php(246): include('/Users/markpear...')
#3 /Users/markpearson/Google Drive/Documents/Projects/My Websites/Teacherpedia/4.0 CI teacherpedia 1.1/Teacherpedia/ci4/system/Common.php(1087): CodeIgniter\View\View->render('../../../resour...', Array, true)
#4 /Users/markpearson/Google Drive/Documents/Projects/My Websites/Teacherpedia/4.0 CI teacherpedia 1.1/Teacherpedia/ci4/app/Controllers/Resources.php(79): view('../../../resour...', Array)
#5 /Users/markpearson/Google Drive/Documents/Projects/My Websites/Teacherpedia/4.0 CI teacherpedia 1.1/Teacherpedia/ci4/system/CodeIgniter.php(914): App\Controllers\Resources->load('resources', '2020', '06-07-90', '04-45-39', '773')
#6 /Users/markpearson/Google Drive/Documents/Projects/My Websites/Teacherpedia/4.0 CI teacherpedia 1.1/Teacherpedia/ci4/system/CodeIgniter.php(400): CodeIgniter\CodeIgniter->runController(Object(App\Controllers\Resources))
#7 /Users/markpearson/Google Drive/Documents/Projects/My Websites/Teacherpedia/4.0 CI teacherpedia 1.1/Teacherpedia/ci4/system/CodeIgniter.php(308): CodeIgniter\CodeIgniter->handleRequest(NULL, Object(Config\Cache), false)
#8 /Users/markpearson/Google Drive/Documents/Projects/My Websites/Teacherpedia/4.0 CI teacherpedia 1.1/Teacherpedia/public_html/index.php(45): CodeIgniter\CodeIgniter->run()
#9 {main}
CRITICAL - 2020-07-06 04:56:11 --> Undefined index: action_name
#0 /Users/markpearson/Google Drive/Documents/Projects/My Websites/Teacherpedia/4.0 CI teacherpedia 1.1/Teacherpedia/ci4/app/Controllers/Admin/Resources.php(268): CodeIgniter\Debug\Exceptions->errorHandler(8, 'Undefined index...', '/Users/markpear...', 268, Array)
#1 /Users/markpearson/Google Drive/Documents/Projects/My Websites/Teacherpedia/4.0 CI teacherpedia 1.1/Teacherpedia/ci4/system/CodeIgniter.php(914): App\Controllers\admin\Resources->do_uploads()
#2 /Users/markpearson/Google Drive/Documents/Projects/My Websites/Teacherpedia/4.0 CI teacherpedia 1.1/Teacherpedia/ci4/system/CodeIgniter.php(400): CodeIgniter\CodeIgniter->runController(Object(App\Controllers\admin\Resources))
#3 /Users/markpearson/Google Drive/Documents/Projects/My Websites/Teacherpedia/4.0 CI teacherpedia 1.1/Teacherpedia/ci4/system/CodeIgniter.php(308): CodeIgniter\CodeIgniter->handleRequest(NULL, Object(Config\Cache), false)
#4 /Users/markpearson/Google Drive/Documents/Projects/My Websites/Teacherpedia/4.0 CI teacherpedia 1.1/Teacherpedia/public_html/index.php(45): CodeIgniter\CodeIgniter->run()
#5 {main}
CRITICAL - 2020-07-06 04:56:14 --> include(year5table.html): failed to open stream: No such file or directory
#0 /Users/markpearson/Google Drive/Documents/Projects/My Websites/Teacherpedia/4.0 CI teacherpedia 1.1/Teacherpedia/resources/2020/06-07-90/04-56-10/index.php(18): CodeIgniter\Debug\Exceptions->errorHandler(2, 'include(year5ta...', '/Users/markpear...', 18, Array)
#1 /Users/markpearson/Google Drive/Documents/Projects/My Websites/Teacherpedia/4.0 CI teacherpedia 1.1/Teacherpedia/resources/2020/06-07-90/04-56-10/index.php(18): include()
#2 /Users/markpearson/Google Drive/Documents/Projects/My Websites/Teacherpedia/4.0 CI teacherpedia 1.1/Teacherpedia/ci4/system/View/View.php(246): include('/Users/markpear...')
#3 /Users/markpearson/Google Drive/Documents/Projects/My Websites/Teacherpedia/4.0 CI teacherpedia 1.1/Teacherpedia/ci4/system/Common.php(1087): CodeIgniter\View\View->render('../../../resour...', Array, true)
#4 /Users/markpearson/Google Drive/Documents/Projects/My Websites/Teacherpedia/4.0 CI teacherpedia 1.1/Teacherpedia/ci4/app/Controllers/Resources.php(79): view('../../../resour...', Array)
#5 /Users/markpearson/Google Drive/Documents/Projects/My Websites/Teacherpedia/4.0 CI teacherpedia 1.1/Teacherpedia/ci4/system/CodeIgniter.php(914): App\Controllers\Resources->load('resources', '2020', '06-07-90', '04-56-10', '774')
#6 /Users/markpearson/Google Drive/Documents/Projects/My Websites/Teacherpedia/4.0 CI teacherpedia 1.1/Teacherpedia/ci4/system/CodeIgniter.php(400): CodeIgniter\CodeIgniter->runController(Object(App\Controllers\Resources))
#7 /Users/markpearson/Google Drive/Documents/Projects/My Websites/Teacherpedia/4.0 CI teacherpedia 1.1/Teacherpedia/ci4/system/CodeIgniter.php(308): CodeIgniter\CodeIgniter->handleRequest(NULL, Object(Config\Cache), false)
#8 /Users/markpearson/Google Drive/Documents/Projects/My Websites/Teacherpedia/4.0 CI teacherpedia 1.1/Teacherpedia/public_html/index.php(45): CodeIgniter\CodeIgniter->run()
#9 {main}
CRITICAL - 2020-07-06 04:57:30 --> include(year5table.html): failed to open stream: No such file or directory
#0 /Users/markpearson/Google Drive/Documents/Projects/My Websites/Teacherpedia/4.0 CI teacherpedia 1.1/Teacherpedia/resources/2020/06-07-90/04-56-10/index.php(18): CodeIgniter\Debug\Exceptions->errorHandler(2, 'include(year5ta...', '/Users/markpear...', 18, Array)
#1 /Users/markpearson/Google Drive/Documents/Projects/My Websites/Teacherpedia/4.0 CI teacherpedia 1.1/Teacherpedia/resources/2020/06-07-90/04-56-10/index.php(18): include()
#2 /Users/markpearson/Google Drive/Documents/Projects/My Websites/Teacherpedia/4.0 CI teacherpedia 1.1/Teacherpedia/ci4/system/View/View.php(246): include('/Users/markpear...')
#3 /Users/markpearson/Google Drive/Documents/Projects/My Websites/Teacherpedia/4.0 CI teacherpedia 1.1/Teacherpedia/ci4/system/Common.php(1087): CodeIgniter\View\View->render('../../../resour...', Array, true)
#4 /Users/markpearson/Google Drive/Documents/Projects/My Websites/Teacherpedia/4.0 CI teacherpedia 1.1/Teacherpedia/ci4/app/Controllers/Resources.php(79): view('../../../resour...', Array)
#5 /Users/markpearson/Google Drive/Documents/Projects/My Websites/Teacherpedia/4.0 CI teacherpedia 1.1/Teacherpedia/ci4/system/CodeIgniter.php(914): App\Controllers\Resources->load('resources', '2020', '06-07-90', '04-56-10', '774')
#6 /Users/markpearson/Google Drive/Documents/Projects/My Websites/Teacherpedia/4.0 CI teacherpedia 1.1/Teacherpedia/ci4/system/CodeIgniter.php(400): CodeIgniter\CodeIgniter->runController(Object(App\Controllers\Resources))
#7 /Users/markpearson/Google Drive/Documents/Projects/My Websites/Teacherpedia/4.0 CI teacherpedia 1.1/Teacherpedia/ci4/system/CodeIgniter.php(308): CodeIgniter\CodeIgniter->handleRequest(NULL, Object(Config\Cache), false)
#8 /Users/markpearson/Google Drive/Documents/Projects/My Websites/Teacherpedia/4.0 CI teacherpedia 1.1/Teacherpedia/public_html/index.php(45): CodeIgniter\CodeIgniter->run()
#9 {main}
CRITICAL - 2020-07-06 04:57:31 --> include(year5table.html): failed to open stream: No such file or directory
#0 /Users/markpearson/Google Drive/Documents/Projects/My Websites/Teacherpedia/4.0 CI teacherpedia 1.1/Teacherpedia/resources/2020/06-07-90/04-56-10/index.php(18): CodeIgniter\Debug\Exceptions->errorHandler(2, 'include(year5ta...', '/Users/markpear...', 18, Array)
#1 /Users/markpearson/Google Drive/Documents/Projects/My Websites/Teacherpedia/4.0 CI teacherpedia 1.1/Teacherpedia/resources/2020/06-07-90/04-56-10/index.php(18): include()
#2 /Users/markpearson/Google Drive/Documents/Projects/My Websites/Teacherpedia/4.0 CI teacherpedia 1.1/Teacherpedia/ci4/system/View/View.php(246): include('/Users/markpear...')
#3 /Users/markpearson/Google Drive/Documents/Projects/My Websites/Teacherpedia/4.0 CI teacherpedia 1.1/Teacherpedia/ci4/system/Common.php(1087): CodeIgniter\View\View->render('../../../resour...', Array, true)
#4 /Users/markpearson/Google Drive/Documents/Projects/My Websites/Teacherpedia/4.0 CI teacherpedia 1.1/Teacherpedia/ci4/app/Controllers/Resources.php(79): view('../../../resour...', Array)
#5 /Users/markpearson/Google Drive/Documents/Projects/My Websites/Teacherpedia/4.0 CI teacherpedia 1.1/Teacherpedia/ci4/system/CodeIgniter.php(914): App\Controllers\Resources->load('resources', '2020', '06-07-90', '04-56-10', '774')
#6 /Users/markpearson/Google Drive/Documents/Projects/My Websites/Teacherpedia/4.0 CI teacherpedia 1.1/Teacherpedia/ci4/system/CodeIgniter.php(400): CodeIgniter\CodeIgniter->runController(Object(App\Controllers\Resources))
#7 /Users/markpearson/Google Drive/Documents/Projects/My Websites/Teacherpedia/4.0 CI teacherpedia 1.1/Teacherpedia/ci4/system/CodeIgniter.php(308): CodeIgniter\CodeIgniter->handleRequest(NULL, Object(Config\Cache), false)
#8 /Users/markpearson/Google Drive/Documents/Projects/My Websites/Teacherpedia/4.0 CI teacherpedia 1.1/Teacherpedia/public_html/index.php(45): CodeIgniter\CodeIgniter->run()
#9 {main}
CRITICAL - 2020-07-06 04:58:59 --> syntax error, unexpected '<', expecting end of file
#0 /Users/markpearson/Google Drive/Documents/Projects/My Websites/Teacherpedia/4.0 CI teacherpedia 1.1/Teacherpedia/ci4/system/Common.php(1087): CodeIgniter\View\View->render('home', Array, true)
#1 /Users/markpearson/Google Drive/Documents/Projects/My Websites/Teacherpedia/4.0 CI teacherpedia 1.1/Teacherpedia/ci4/app/Controllers/Home.php(22): view('home', Array)
#2 /Users/markpearson/Google Drive/Documents/Projects/My Websites/Teacherpedia/4.0 CI teacherpedia 1.1/Teacherpedia/ci4/system/CodeIgniter.php(914): App\Controllers\Home->index()
#3 /Users/markpearson/Google Drive/Documents/Projects/My Websites/Teacherpedia/4.0 CI teacherpedia 1.1/Teacherpedia/ci4/system/CodeIgniter.php(400): CodeIgniter\CodeIgniter->runController(Object(App\Controllers\Home))
#4 /Users/markpearson/Google Drive/Documents/Projects/My Websites/Teacherpedia/4.0 CI teacherpedia 1.1/Teacherpedia/ci4/system/CodeIgniter.php(308): CodeIgniter\CodeIgniter->handleRequest(NULL, Object(Config\Cache), false)
#5 /Users/markpearson/Google Drive/Documents/Projects/My Websites/Teacherpedia/4.0 CI teacherpedia 1.1/Teacherpedia/public_html/index.php(45): CodeIgniter\CodeIgniter->run()
#6 {main}
CRITICAL - 2020-07-06 05:00:02 --> Invalid file: ../../../resources/2020/07-03/21-56-59-357/index.php
#0 /Users/markpearson/Google Drive/Documents/Projects/My Websites/Teacherpedia/4.0 CI teacherpedia 1.1/Teacherpedia/ci4/system/View/View.php(228): CodeIgniter\Exceptions\FrameworkException::forInvalidFile('../../../resour...')
#1 /Users/markpearson/Google Drive/Documents/Projects/My Websites/Teacherpedia/4.0 CI teacherpedia 1.1/Teacherpedia/ci4/system/Common.php(1087): CodeIgniter\View\View->render('../../../resour...', Array, true)
#2 /Users/markpearson/Google Drive/Documents/Projects/My Websites/Teacherpedia/4.0 CI teacherpedia 1.1/Teacherpedia/ci4/app/Controllers/Resources.php(79): view('../../../resour...', Array)
#3 /Users/markpearson/Google Drive/Documents/Projects/My Websites/Teacherpedia/4.0 CI teacherpedia 1.1/Teacherpedia/ci4/system/CodeIgniter.php(914): App\Controllers\Resources->load('resources', '2020', '07-03', '21-56-59-357', '633')
#4 /Users/markpearson/Google Drive/Documents/Projects/My Websites/Teacherpedia/4.0 CI teacherpedia 1.1/Teacherpedia/ci4/system/CodeIgniter.php(400): CodeIgniter\CodeIgniter->runController(Object(App\Controllers\Resources))
#5 /Users/markpearson/Google Drive/Documents/Projects/My Websites/Teacherpedia/4.0 CI teacherpedia 1.1/Teacherpedia/ci4/system/CodeIgniter.php(308): CodeIgniter\CodeIgniter->handleRequest(NULL, Object(Config\Cache), false)
#6 /Users/markpearson/Google Drive/Documents/Projects/My Websites/Teacherpedia/4.0 CI teacherpedia 1.1/Teacherpedia/public_html/index.php(45): CodeIgniter\CodeIgniter->run()
#7 {main}
CRITICAL - 2020-07-06 05:00:06 --> include(year5table.html): failed to open stream: No such file or directory
#0 /Users/markpearson/Google Drive/Documents/Projects/My Websites/Teacherpedia/4.0 CI teacherpedia 1.1/Teacherpedia/resources/2020/06-07-90/04-42-25/index.php(18): CodeIgniter\Debug\Exceptions->errorHandler(2, 'include(year5ta...', '/Users/markpear...', 18, Array)
#1 /Users/markpearson/Google Drive/Documents/Projects/My Websites/Teacherpedia/4.0 CI teacherpedia 1.1/Teacherpedia/resources/2020/06-07-90/04-42-25/index.php(18): include()
#2 /Users/markpearson/Google Drive/Documents/Projects/My Websites/Teacherpedia/4.0 CI teacherpedia 1.1/Teacherpedia/ci4/system/View/View.php(246): include('/Users/markpear...')
#3 /Users/markpearson/Google Drive/Documents/Projects/My Websites/Teacherpedia/4.0 CI teacherpedia 1.1/Teacherpedia/ci4/system/Common.php(1087): CodeIgniter\View\View->render('../../../resour...', Array, true)
#4 /Users/markpearson/Google Drive/Documents/Projects/My Websites/Teacherpedia/4.0 CI teacherpedia 1.1/Teacherpedia/ci4/app/Controllers/Resources.php(79): view('../../../resour...', Array)
#5 /Users/markpearson/Google Drive/Documents/Projects/My Websites/Teacherpedia/4.0 CI teacherpedia 1.1/Teacherpedia/ci4/system/CodeIgniter.php(914): App\Controllers\Resources->load('resources', '2020', '06-07-90', '04-42-25', '769')
#6 /Users/markpearson/Google Drive/Documents/Projects/My Websites/Teacherpedia/4.0 CI teacherpedia 1.1/Teacherpedia/ci4/system/CodeIgniter.php(400): CodeIgniter\CodeIgniter->runController(Object(App\Controllers\Resources))
#7 /Users/markpearson/Google Drive/Documents/Projects/My Websites/Teacherpedia/4.0 CI teacherpedia 1.1/Teacherpedia/ci4/system/CodeIgniter.php(308): CodeIgniter\CodeIgniter->handleRequest(NULL, Object(Config\Cache), false)
#8 /Users/markpearson/Google Drive/Documents/Projects/My Websites/Teacherpedia/4.0 CI teacherpedia 1.1/Teacherpedia/public_html/index.php(45): CodeIgniter\CodeIgniter->run()
#9 {main}
CRITICAL - 2020-07-06 05:00:16 --> include(year5table.html): failed to open stream: No such file or directory
#0 /Users/markpearson/Google Drive/Documents/Projects/My Websites/Teacherpedia/4.0 CI teacherpedia 1.1/Teacherpedia/resources/2020/06-07-90/04-33-12/index.php(18): CodeIgniter\Debug\Exceptions->errorHandler(2, 'include(year5ta...', '/Users/markpear...', 18, Array)
#1 /Users/markpearson/Google Drive/Documents/Projects/My Websites/Teacherpedia/4.0 CI teacherpedia 1.1/Teacherpedia/resources/2020/06-07-90/04-33-12/index.php(18): include()
#2 /Users/markpearson/Google Drive/Documents/Projects/My Websites/Teacherpedia/4.0 CI teacherpedia 1.1/Teacherpedia/ci4/system/View/View.php(246): include('/Users/markpear...')
#3 /Users/markpearson/Google Drive/Documents/Projects/My Websites/Teacherpedia/4.0 CI teacherpedia 1.1/Teacherpedia/ci4/system/Common.php(1087): CodeIgniter\View\View->render('../../../resour...', Array, true)
#4 /Users/markpearson/Google Drive/Documents/Projects/My Websites/Teacherpedia/4.0 CI teacherpedia 1.1/Teacherpedia/ci4/app/Controllers/Resources.php(79): view('../../../resour...', Array)
#5 /Users/markpearson/Google Drive/Documents/Projects/My Websites/Teacherpedia/4.0 CI teacherpedia 1.1/Teacherpedia/ci4/system/CodeIgniter.php(914): App\Controllers\Resources->load('resources', '2020', '06-07-90', '04-33-12', '766')
#6 /Users/markpearson/Google Drive/Documents/Projects/My Websites/Teacherpedia/4.0 CI teacherpedia 1.1/Teacherpedia/ci4/system/CodeIgniter.php(400): CodeIgniter\CodeIgniter->runController(Object(App\Controllers\Resources))
#7 /Users/markpearson/Google Drive/Documents/Projects/My Websites/Teacherpedia/4.0 CI teacherpedia 1.1/Teacherpedia/ci4/system/CodeIgniter.php(308): CodeIgniter\CodeIgniter->handleRequest(NULL, Object(Config\Cache), false)
#8 /Users/markpearson/Google Drive/Documents/Projects/My Websites/Teacherpedia/4.0 CI teacherpedia 1.1/Teacherpedia/public_html/index.php(45): CodeIgniter\CodeIgniter->run()
#9 {main}
CRITICAL - 2020-07-06 05:06:23 --> Undefined index: action_name
#0 /Users/markpearson/Google Drive/Documents/Projects/My Websites/Teacherpedia/4.0 CI teacherpedia 1.1/Teacherpedia/ci4/app/Controllers/Admin/Resources.php(268): CodeIgniter\Debug\Exceptions->errorHandler(8, 'Undefined index...', '/Users/markpear...', 268, Array)
#1 /Users/markpearson/Google Drive/Documents/Projects/My Websites/Teacherpedia/4.0 CI teacherpedia 1.1/Teacherpedia/ci4/system/CodeIgniter.php(914): App\Controllers\admin\Resources->do_uploads()
#2 /Users/markpearson/Google Drive/Documents/Projects/My Websites/Teacherpedia/4.0 CI teacherpedia 1.1/Teacherpedia/ci4/system/CodeIgniter.php(400): CodeIgniter\CodeIgniter->runController(Object(App\Controllers\admin\Resources))
#3 /Users/markpearson/Google Drive/Documents/Projects/My Websites/Teacherpedia/4.0 CI teacherpedia 1.1/Teacherpedia/ci4/system/CodeIgniter.php(308): CodeIgniter\CodeIgniter->handleRequest(NULL, Object(Config\Cache), false)
#4 /Users/markpearson/Google Drive/Documents/Projects/My Websites/Teacherpedia/4.0 CI teacherpedia 1.1/Teacherpedia/public_html/index.php(45): CodeIgniter\CodeIgniter->run()
#5 {main}
CRITICAL - 2020-07-06 05:13:11 --> Call to undefined function App\Controllers\admin\getName()
#0 /Users/markpearson/Google Drive/Documents/Projects/My Websites/Teacherpedia/4.0 CI teacherpedia 1.1/Teacherpedia/ci4/system/CodeIgniter.php(914): App\Controllers\admin\Resources->do_uploads()
#1 /Users/markpearson/Google Drive/Documents/Projects/My Websites/Teacherpedia/4.0 CI teacherpedia 1.1/Teacherpedia/ci4/system/CodeIgniter.php(400): CodeIgniter\CodeIgniter->runController(Object(App\Controllers\admin\Resources))
#2 /Users/markpearson/Google Drive/Documents/Projects/My Websites/Teacherpedia/4.0 CI teacherpedia 1.1/Teacherpedia/ci4/system/CodeIgniter.php(308): CodeIgniter\CodeIgniter->handleRequest(NULL, Object(Config\Cache), false)
#3 /Users/markpearson/Google Drive/Documents/Projects/My Websites/Teacherpedia/4.0 CI teacherpedia 1.1/Teacherpedia/public_html/index.php(45): CodeIgniter\CodeIgniter->run()
#4 {main}
CRITICAL - 2020-07-06 05:23:42 --> include(year5table.html): failed to open stream: No such file or directory
#0 /Users/markpearson/Google Drive/Documents/Projects/My Websites/Teacherpedia/4.0 CI teacherpedia 1.1/Teacherpedia/resources/2020/06-07-90/04-42-25/index.php(18): CodeIgniter\Debug\Exceptions->errorHandler(2, 'include(year5ta...', '/Users/markpear...', 18, Array)
#1 /Users/markpearson/Google Drive/Documents/Projects/My Websites/Teacherpedia/4.0 CI teacherpedia 1.1/Teacherpedia/resources/2020/06-07-90/04-42-25/index.php(18): include()
#2 /Users/markpearson/Google Drive/Documents/Projects/My Websites/Teacherpedia/4.0 CI teacherpedia 1.1/Teacherpedia/ci4/system/View/View.php(246): include('/Users/markpear...')
#3 /Users/markpearson/Google Drive/Documents/Projects/My Websites/Teacherpedia/4.0 CI teacherpedia 1.1/Teacherpedia/ci4/system/Common.php(1087): CodeIgniter\View\View->render('../../../resour...', Array, true)
#4 /Users/markpearson/Google Drive/Documents/Projects/My Websites/Teacherpedia/4.0 CI teacherpedia 1.1/Teacherpedia/ci4/app/Controllers/Resources.php(79): view('../../../resour...', Array)
#5 /Users/markpearson/Google Drive/Documents/Projects/My Websites/Teacherpedia/4.0 CI teacherpedia 1.1/Teacherpedia/ci4/system/CodeIgniter.php(914): App\Controllers\Resources->load('resources', '2020', '06-07-90', '04-42-25', '769')
#6 /Users/markpearson/Google Drive/Documents/Projects/My Websites/Teacherpedia/4.0 CI teacherpedia 1.1/Teacherpedia/ci4/system/CodeIgniter.php(400): CodeIgniter\CodeIgniter->runController(Object(App\Controllers\Resources))
#7 /Users/markpearson/Google Drive/Documents/Projects/My Websites/Teacherpedia/4.0 CI teacherpedia 1.1/Teacherpedia/ci4/system/CodeIgniter.php(308): CodeIgniter\CodeIgniter->handleRequest(NULL, Object(Config\Cache), false)
#8 /Users/markpearson/Google Drive/Documents/Projects/My Websites/Teacherpedia/4.0 CI teacherpedia 1.1/Teacherpedia/public_html/index.php(45): CodeIgniter\CodeIgniter->run()
#9 {main}
CRITICAL - 2020-07-06 05:24:22 --> include(year5table.html): failed to open stream: No such file or directory
#0 /Users/markpearson/Google Drive/Documents/Projects/My Websites/Teacherpedia/4.0 CI teacherpedia 1.1/Teacherpedia/resources/2020/06-07-90/04-42-25/index.php(18): CodeIgniter\Debug\Exceptions->errorHandler(2, 'include(year5ta...', '/Users/markpear...', 18, Array)
#1 /Users/markpearson/Google Drive/Documents/Projects/My Websites/Teacherpedia/4.0 CI teacherpedia 1.1/Teacherpedia/resources/2020/06-07-90/04-42-25/index.php(18): include()
#2 /Users/markpearson/Google Drive/Documents/Projects/My Websites/Teacherpedia/4.0 CI teacherpedia 1.1/Teacherpedia/ci4/system/View/View.php(246): include('/Users/markpear...')
#3 /Users/markpearson/Google Drive/Documents/Projects/My Websites/Teacherpedia/4.0 CI teacherpedia 1.1/Teacherpedia/ci4/system/Common.php(1087): CodeIgniter\View\View->render('../../../resour...', Array, true)
#4 /Users/markpearson/Google Drive/Documents/Projects/My Websites/Teacherpedia/4.0 CI teacherpedia 1.1/Teacherpedia/ci4/app/Controllers/Resources.php(79): view('../../../resour...', Array)
#5 /Users/markpearson/Google Drive/Documents/Projects/My Websites/Teacherpedia/4.0 CI teacherpedia 1.1/Teacherpedia/ci4/system/CodeIgniter.php(914): App\Controllers\Resources->load('resources', '2020', '06-07-90', '04-42-25', '769')
#6 /Users/markpearson/Google Drive/Documents/Projects/My Websites/Teacherpedia/4.0 CI teacherpedia 1.1/Teacherpedia/ci4/system/CodeIgniter.php(400): CodeIgniter\CodeIgniter->runController(Object(App\Controllers\Resources))
#7 /Users/markpearson/Google Drive/Documents/Projects/My Websites/Teacherpedia/4.0 CI teacherpedia 1.1/Teacherpedia/ci4/system/CodeIgniter.php(308): CodeIgniter\CodeIgniter->handleRequest(NULL, Object(Config\Cache), false)
#8 /Users/markpearson/Google Drive/Documents/Projects/My Websites/Teacherpedia/4.0 CI teacherpedia 1.1/Teacherpedia/public_html/index.php(45): CodeIgniter\CodeIgniter->run()
#9 {main}
CRITICAL - 2020-07-06 05:24:24 --> include(year5table.html): failed to open stream: No such file or directory
#0 /Users/markpearson/Google Drive/Documents/Projects/My Websites/Teacherpedia/4.0 CI teacherpedia 1.1/Teacherpedia/resources/2020/06-07-90/04-42-25/index.php(18): CodeIgniter\Debug\Exceptions->errorHandler(2, 'include(year5ta...', '/Users/markpear...', 18, Array)
#1 /Users/markpearson/Google Drive/Documents/Projects/My Websites/Teacherpedia/4.0 CI teacherpedia 1.1/Teacherpedia/resources/2020/06-07-90/04-42-25/index.php(18): include()
#2 /Users/markpearson/Google Drive/Documents/Projects/My Websites/Teacherpedia/4.0 CI teacherpedia 1.1/Teacherpedia/ci4/system/View/View.php(246): include('/Users/markpear...')
#3 /Users/markpearson/Google Drive/Documents/Projects/My Websites/Teacherpedia/4.0 CI teacherpedia 1.1/Teacherpedia/ci4/system/Common.php(1087): CodeIgniter\View\View->render('../../../resour...', Array, true)
#4 /Users/markpearson/Google Drive/Documents/Projects/My Websites/Teacherpedia/4.0 CI teacherpedia 1.1/Teacherpedia/ci4/app/Controllers/Resources.php(79): view('../../../resour...', Array)
#5 /Users/markpearson/Google Drive/Documents/Projects/My Websites/Teacherpedia/4.0 CI teacherpedia 1.1/Teacherpedia/ci4/system/CodeIgniter.php(914): App\Controllers\Resources->load('resources', '2020', '06-07-90', '04-42-25', '769')
#6 /Users/markpearson/Google Drive/Documents/Projects/My Websites/Teacherpedia/4.0 CI teacherpedia 1.1/Teacherpedia/ci4/system/CodeIgniter.php(400): CodeIgniter\CodeIgniter->runController(Object(App\Controllers\Resources))
#7 /Users/markpearson/Google Drive/Documents/Projects/My Websites/Teacherpedia/4.0 CI teacherpedia 1.1/Teacherpedia/ci4/system/CodeIgniter.php(308): CodeIgniter\CodeIgniter->handleRequest(NULL, Object(Config\Cache), false)
#8 /Users/markpearson/Google Drive/Documents/Projects/My Websites/Teacherpedia/4.0 CI teacherpedia 1.1/Teacherpedia/public_html/index.php(45): CodeIgniter\CodeIgniter->run()
#9 {main}
CRITICAL - 2020-07-06 05:27:13 --> Call to undefined function App\Controllers\admin\getName()
#0 /Users/markpearson/Google Drive/Documents/Projects/My Websites/Teacherpedia/4.0 CI teacherpedia 1.1/Teacherpedia/ci4/system/CodeIgniter.php(914): App\Controllers\admin\Resources->do_uploads()
#1 /Users/markpearson/Google Drive/Documents/Projects/My Websites/Teacherpedia/4.0 CI teacherpedia 1.1/Teacherpedia/ci4/system/CodeIgniter.php(400): CodeIgniter\CodeIgniter->runController(Object(App\Controllers\admin\Resources))
#2 /Users/markpearson/Google Drive/Documents/Projects/My Websites/Teacherpedia/4.0 CI teacherpedia 1.1/Teacherpedia/ci4/system/CodeIgniter.php(308): CodeIgniter\CodeIgniter->handleRequest(NULL, Object(Config\Cache), false)
#3 /Users/markpearson/Google Drive/Documents/Projects/My Websites/Teacherpedia/4.0 CI teacherpedia 1.1/Teacherpedia/public_html/index.php(45): CodeIgniter\CodeIgniter->run()
#4 {main}
CRITICAL - 2020-07-06 05:27:38 --> Undefined index: action_name
#0 /Users/markpearson/Google Drive/Documents/Projects/My Websites/Teacherpedia/4.0 CI teacherpedia 1.1/Teacherpedia/ci4/app/Controllers/Admin/Resources.php(268): CodeIgniter\Debug\Exceptions->errorHandler(8, 'Undefined index...', '/Users/markpear...', 268, Array)
#1 /Users/markpearson/Google Drive/Documents/Projects/My Websites/Teacherpedia/4.0 CI teacherpedia 1.1/Teacherpedia/ci4/system/CodeIgniter.php(914): App\Controllers\admin\Resources->do_uploads()
#2 /Users/markpearson/Google Drive/Documents/Projects/My Websites/Teacherpedia/4.0 CI teacherpedia 1.1/Teacherpedia/ci4/system/CodeIgniter.php(400): CodeIgniter\CodeIgniter->runController(Object(App\Controllers\admin\Resources))
#3 /Users/markpearson/Google Drive/Documents/Projects/My Websites/Teacherpedia/4.0 CI teacherpedia 1.1/Teacherpedia/ci4/system/CodeIgniter.php(308): CodeIgniter\CodeIgniter->handleRequest(NULL, Object(Config\Cache), false)
#4 /Users/markpearson/Google Drive/Documents/Projects/My Websites/Teacherpedia/4.0 CI teacherpedia 1.1/Teacherpedia/public_html/index.php(45): CodeIgniter\CodeIgniter->run()
#5 {main}
CRITICAL - 2020-07-06 05:32:41 --> Undefined index: action_name
#0 /Users/markpearson/Google Drive/Documents/Projects/My Websites/Teacherpedia/4.0 CI teacherpedia 1.1/Teacherpedia/ci4/app/Controllers/Admin/Resources.php(270): CodeIgniter\Debug\Exceptions->errorHandler(8, 'Undefined index...', '/Users/markpear...', 270, Array)
#1 /Users/markpearson/Google Drive/Documents/Projects/My Websites/Teacherpedia/4.0 CI teacherpedia 1.1/Teacherpedia/ci4/system/CodeIgniter.php(914): App\Controllers\admin\Resources->do_uploads()
#2 /Users/markpearson/Google Drive/Documents/Projects/My Websites/Teacherpedia/4.0 CI teacherpedia 1.1/Teacherpedia/ci4/system/CodeIgniter.php(400): CodeIgniter\CodeIgniter->runController(Object(App\Controllers\admin\Resources))
#3 /Users/markpearson/Google Drive/Documents/Projects/My Websites/Teacherpedia/4.0 CI teacherpedia 1.1/Teacherpedia/ci4/system/CodeIgniter.php(308): CodeIgniter\CodeIgniter->handleRequest(NULL, Object(Config\Cache), false)
#4 /Users/markpearson/Google Drive/Documents/Projects/My Websites/Teacherpedia/4.0 CI teacherpedia 1.1/Teacherpedia/public_html/index.php(45): CodeIgniter\CodeIgniter->run()
#5 {main}
CRITICAL - 2020-07-06 05:34:07 --> Undefined index: action_name
#0 /Users/markpearson/Google Drive/Documents/Projects/My Websites/Teacherpedia/4.0 CI teacherpedia 1.1/Teacherpedia/ci4/app/Controllers/Admin/Resources.php(270): CodeIgniter\Debug\Exceptions->errorHandler(8, 'Undefined index...', '/Users/markpear...', 270, Array)
#1 /Users/markpearson/Google Drive/Documents/Projects/My Websites/Teacherpedia/4.0 CI teacherpedia 1.1/Teacherpedia/ci4/system/CodeIgniter.php(914): App\Controllers\admin\Resources->do_uploads()
#2 /Users/markpearson/Google Drive/Documents/Projects/My Websites/Teacherpedia/4.0 CI teacherpedia 1.1/Teacherpedia/ci4/system/CodeIgniter.php(400): CodeIgniter\CodeIgniter->runController(Object(App\Controllers\admin\Resources))
#3 /Users/markpearson/Google Drive/Documents/Projects/My Websites/Teacherpedia/4.0 CI teacherpedia 1.1/Teacherpedia/ci4/system/CodeIgniter.php(308): CodeIgniter\CodeIgniter->handleRequest(NULL, Object(Config\Cache), false)
#4 /Users/markpearson/Google Drive/Documents/Projects/My Websites/Teacherpedia/4.0 CI teacherpedia 1.1/Teacherpedia/public_html/index.php(45): CodeIgniter\CodeIgniter->run()
#5 {main}
CRITICAL - 2020-07-06 05:37:26 --> include(year5table.html): failed to open stream: No such file or directory
#0 /Users/markpearson/Google Drive/Documents/Projects/My Websites/Teacherpedia/4.0 CI teacherpedia 1.1/Teacherpedia/resources/2020/06-07-90/05-34-06/index.php(18): CodeIgniter\Debug\Exceptions->errorHandler(2, 'include(year5ta...', '/Users/markpear...', 18, Array)
#1 /Users/markpearson/Google Drive/Documents/Projects/My Websites/Teacherpedia/4.0 CI teacherpedia 1.1/Teacherpedia/resources/2020/06-07-90/05-34-06/index.php(18): include()
#2 /Users/markpearson/Google Drive/Documents/Projects/My Websites/Teacherpedia/4.0 CI teacherpedia 1.1/Teacherpedia/ci4/system/View/View.php(246): include('/Users/markpear...')
#3 /Users/markpearson/Google Drive/Documents/Projects/My Websites/Teacherpedia/4.0 CI teacherpedia 1.1/Teacherpedia/ci4/system/Common.php(1087): CodeIgniter\View\View->render('../../../resour...', Array, true)
#4 /Users/markpearson/Google Drive/Documents/Projects/My Websites/Teacherpedia/4.0 CI teacherpedia 1.1/Teacherpedia/ci4/app/Controllers/Resources.php(79): view('../../../resour...', Array)
#5 /Users/markpearson/Google Drive/Documents/Projects/My Websites/Teacherpedia/4.0 CI teacherpedia 1.1/Teacherpedia/ci4/system/CodeIgniter.php(914): App\Controllers\Resources->load('resources', '2020', '06-07-90', '05-34-06', '778')
#6 /Users/markpearson/Google Drive/Documents/Projects/My Websites/Teacherpedia/4.0 CI teacherpedia 1.1/Teacherpedia/ci4/system/CodeIgniter.php(400): CodeIgniter\CodeIgniter->runController(Object(App\Controllers\Resources))
#7 /Users/markpearson/Google Drive/Documents/Projects/My Websites/Teacherpedia/4.0 CI teacherpedia 1.1/Teacherpedia/ci4/system/CodeIgniter.php(308): CodeIgniter\CodeIgniter->handleRequest(NULL, Object(Config\Cache), false)
#8 /Users/markpearson/Google Drive/Documents/Projects/My Websites/Teacherpedia/4.0 CI teacherpedia 1.1/Teacherpedia/public_html/index.php(45): CodeIgniter\CodeIgniter->run()
#9 {main}
CRITICAL - 2020-07-06 06:07:22 --> Trying to get property 'resource_name' of non-object
#0 /Users/markpearson/Google Drive/Documents/Projects/My Websites/Teacherpedia/4.0 CI teacherpedia 1.1/Teacherpedia/ci4/app/Controllers/Resources.php(72): CodeIgniter\Debug\Exceptions->errorHandler(8, 'Trying to get p...', '/Users/markpear...', 72, Array)
#1 /Users/markpearson/Google Drive/Documents/Projects/My Websites/Teacherpedia/4.0 CI teacherpedia 1.1/Teacherpedia/ci4/system/CodeIgniter.php(914): App\Controllers\Resources->load('resources', '2020', '06-07-90', 'resources', '2020', '06-07-90', '05-34-06', 'banner.png')
#2 /Users/markpearson/Google Drive/Documents/Projects/My Websites/Teacherpedia/4.0 CI teacherpedia 1.1/Teacherpedia/ci4/system/CodeIgniter.php(400): CodeIgniter\CodeIgniter->runController(Object(App\Controllers\Resources))
#3 /Users/markpearson/Google Drive/Documents/Projects/My Websites/Teacherpedia/4.0 CI teacherpedia 1.1/Teacherpedia/ci4/system/CodeIgniter.php(308): CodeIgniter\CodeIgniter->handleRequest(NULL, Object(Config\Cache), false)
#4 /Users/markpearson/Google Drive/Documents/Projects/My Websites/Teacherpedia/4.0 CI teacherpedia 1.1/Teacherpedia/public_html/index.php(45): CodeIgniter\CodeIgniter->run()
#5 {main}
CRITICAL - 2020-07-06 06:07:32 --> Trying to get property 'resource_name' of non-object
#0 /Users/markpearson/Google Drive/Documents/Projects/My Websites/Teacherpedia/4.0 CI teacherpedia 1.1/Teacherpedia/ci4/app/Controllers/Resources.php(72): CodeIgniter\Debug\Exceptions->errorHandler(8, 'Trying to get p...', '/Users/markpear...', 72, Array)
#1 /Users/markpearson/Google Drive/Documents/Projects/My Websites/Teacherpedia/4.0 CI teacherpedia 1.1/Teacherpedia/ci4/system/CodeIgniter.php(914): App\Controllers\Resources->load('resources', '2020', '06-07-90', 'resources', '2020', '06-07-90', '05-34-06', 'banner.png')
#2 /Users/markpearson/Google Drive/Documents/Projects/My Websites/Teacherpedia/4.0 CI teacherpedia 1.1/Teacherpedia/ci4/system/CodeIgniter.php(400): CodeIgniter\CodeIgniter->runController(Object(App\Controllers\Resources))
#3 /Users/markpearson/Google Drive/Documents/Projects/My Websites/Teacherpedia/4.0 CI teacherpedia 1.1/Teacherpedia/ci4/system/CodeIgniter.php(308): CodeIgniter\CodeIgniter->handleRequest(NULL, Object(Config\Cache), false)
#4 /Users/markpearson/Google Drive/Documents/Projects/My Websites/Teacherpedia/4.0 CI teacherpedia 1.1/Teacherpedia/public_html/index.php(45): CodeIgniter\CodeIgniter->run()
#5 {main}
CRITICAL - 2020-07-06 06:15:57 --> Trying to get property 'resource_name' of non-object
#0 /Users/markpearson/Google Drive/Documents/Projects/My Websites/Teacherpedia/4.0 CI teacherpedia 1.1/Teacherpedia/ci4/app/Controllers/Resources.php(72): CodeIgniter\Debug\Exceptions->errorHandler(8, 'Trying to get p...', '/Users/markpear...', 72, Array)
#1 /Users/markpearson/Google Drive/Documents/Projects/My Websites/Teacherpedia/4.0 CI teacherpedia 1.1/Teacherpedia/ci4/system/CodeIgniter.php(914): App\Controllers\Resources->load('resources', '2020', '06-07-90', 'resources', '2020', '06-07-90', '05-34-06', 'banner.png')
#2 /Users/markpearson/Google Drive/Documents/Projects/My Websites/Teacherpedia/4.0 CI teacherpedia 1.1/Teacherpedia/ci4/system/CodeIgniter.php(400): CodeIgniter\CodeIgniter->runController(Object(App\Controllers\Resources))
#3 /Users/markpearson/Google Drive/Documents/Projects/My Websites/Teacherpedia/4.0 CI teacherpedia 1.1/Teacherpedia/ci4/system/CodeIgniter.php(308): CodeIgniter\CodeIgniter->handleRequest(NULL, Object(Config\Cache), false)
#4 /Users/markpearson/Google Drive/Documents/Projects/My Websites/Teacherpedia/4.0 CI teacherpedia 1.1/Teacherpedia/public_html/index.php(45): CodeIgniter\CodeIgniter->run()
#5 {main}
CRITICAL - 2020-07-06 06:16:04 --> Trying to get property 'resource_name' of non-object
#0 /Users/markpearson/Google Drive/Documents/Projects/My Websites/Teacherpedia/4.0 CI teacherpedia 1.1/Teacherpedia/ci4/app/Controllers/Resources.php(72): CodeIgniter\Debug\Exceptions->errorHandler(8, 'Trying to get p...', '/Users/markpear...', 72, Array)
#1 /Users/markpearson/Google Drive/Documents/Projects/My Websites/Teacherpedia/4.0 CI teacherpedia 1.1/Teacherpedia/ci4/system/CodeIgniter.php(914): App\Controllers\Resources->load('resources', '2020', '06-07-90', 'resources', '2020', '06-07-90', '05-34-06', 'banner.png')
#2 /Users/markpearson/Google Drive/Documents/Projects/My Websites/Teacherpedia/4.0 CI teacherpedia 1.1/Teacherpedia/ci4/system/CodeIgniter.php(400): CodeIgniter\CodeIgniter->runController(Object(App\Controllers\Resources))
#3 /Users/markpearson/Google Drive/Documents/Projects/My Websites/Teacherpedia/4.0 CI teacherpedia 1.1/Teacherpedia/ci4/system/CodeIgniter.php(308): CodeIgniter\CodeIgniter->handleRequest(NULL, Object(Config\Cache), false)
#4 /Users/markpearson/Google Drive/Documents/Projects/My Websites/Teacherpedia/4.0 CI teacherpedia 1.1/Teacherpedia/public_html/index.php(45): CodeIgniter\CodeIgniter->run()
#5 {main}
CRITICAL - 2020-07-06 06:49:15 --> Trying to get property 'resource_name' of non-object
#0 /Users/markpearson/Google Drive/Documents/Projects/My Websites/Teacherpedia/4.0 CI teacherpedia 1.1/Teacherpedia/ci4/app/Controllers/Resources.php(72): CodeIgniter\Debug\Exceptions->errorHandler(8, 'Trying to get p...', '/Users/markpear...', 72, Array)
#1 /Users/markpearson/Google Drive/Documents/Projects/My Websites/Teacherpedia/4.0 CI teacherpedia 1.1/Teacherpedia/ci4/system/CodeIgniter.php(914): App\Controllers\Resources->load('resources', '2020', '06-07-90', 'resources', '2020', '06-07-90', '05-34-06', 'banner.png')
#2 /Users/markpearson/Google Drive/Documents/Projects/My Websites/Teacherpedia/4.0 CI teacherpedia 1.1/Teacherpedia/ci4/system/CodeIgniter.php(400): CodeIgniter\CodeIgniter->runController(Object(App\Controllers\Resources))
#3 /Users/markpearson/Google Drive/Documents/Projects/My Websites/Teacherpedia/4.0 CI teacherpedia 1.1/Teacherpedia/ci4/system/CodeIgniter.php(308): CodeIgniter\CodeIgniter->handleRequest(NULL, Object(Config\Cache), false)
#4 /Users/markpearson/Google Drive/Documents/Projects/My Websites/Teacherpedia/4.0 CI teacherpedia 1.1/Teacherpedia/public_html/index.php(45): CodeIgniter\CodeIgniter->run()
#5 {main}
CRITICAL - 2020-07-06 06:49:31 --> mkdir(): No such file or directory
#0 [internal function]: CodeIgniter\Debug\Exceptions->errorHandler(2, 'mkdir(): No suc...', '/Users/markpear...', 1078, Array)
#1 /Users/markpearson/Google Drive/Documents/Projects/My Websites/Teacherpedia/4.0 CI teacherpedia 1.1/Teacherpedia/ci4/app/Controllers/Admin/Resources.php(1078): mkdir('/Users/markpear...')
#2 /Users/markpearson/Google Drive/Documents/Projects/My Websites/Teacherpedia/4.0 CI teacherpedia 1.1/Teacherpedia/ci4/app/Controllers/Admin/Resources.php(353): App\Controllers\admin\Resources->make_dir('/Users/markpear...', '2020', '06-07-90', '06-49-31')
#3 /Users/markpearson/Google Drive/Documents/Projects/My Websites/Teacherpedia/4.0 CI teacherpedia 1.1/Teacherpedia/ci4/system/CodeIgniter.php(914): App\Controllers\admin\Resources->do_uploads()
#4 /Users/markpearson/Google Drive/Documents/Projects/My Websites/Teacherpedia/4.0 CI teacherpedia 1.1/Teacherpedia/ci4/system/CodeIgniter.php(400): CodeIgniter\CodeIgniter->runController(Object(App\Controllers\admin\Resources))
#5 /Users/markpearson/Google Drive/Documents/Projects/My Websites/Teacherpedia/4.0 CI teacherpedia 1.1/Teacherpedia/ci4/system/CodeIgniter.php(308): CodeIgniter\CodeIgniter->handleRequest(NULL, Object(Config\Cache), false)
#6 /Users/markpearson/Google Drive/Documents/Projects/My Websites/Teacherpedia/4.0 CI teacherpedia 1.1/Teacherpedia/public_html/index.php(45): CodeIgniter\CodeIgniter->run()
#7 {main}
CRITICAL - 2020-07-06 06:52:51 --> mkdir(): No such file or directory
#0 [internal function]: CodeIgniter\Debug\Exceptions->errorHandler(2, 'mkdir(): No suc...', '/Users/markpear...', 1078, Array)
#1 /Users/markpearson/Google Drive/Documents/Projects/My Websites/Teacherpedia/4.0 CI teacherpedia 1.1/Teacherpedia/ci4/app/Controllers/Admin/Resources.php(1078): mkdir('/Users/markpear...')
#2 /Users/markpearson/Google Drive/Documents/Projects/My Websites/Teacherpedia/4.0 CI teacherpedia 1.1/Teacherpedia/ci4/app/Controllers/Admin/Resources.php(353): App\Controllers\admin\Resources->make_dir('/Users/markpear...', '2020', '06-07-90', '06-52-51')
#3 /Users/markpearson/Google Drive/Documents/Projects/My Websites/Teacherpedia/4.0 CI teacherpedia 1.1/Teacherpedia/ci4/system/CodeIgniter.php(914): App\Controllers\admin\Resources->do_uploads()
#4 /Users/markpearson/Google Drive/Documents/Projects/My Websites/Teacherpedia/4.0 CI teacherpedia 1.1/Teacherpedia/ci4/system/CodeIgniter.php(400): CodeIgniter\CodeIgniter->runController(Object(App\Controllers\admin\Resources))
#5 /Users/markpearson/Google Drive/Documents/Projects/My Websites/Teacherpedia/4.0 CI teacherpedia 1.1/Teacherpedia/ci4/system/CodeIgniter.php(308): CodeIgniter\CodeIgniter->handleRequest(NULL, Object(Config\Cache), false)
#6 /Users/markpearson/Google Drive/Documents/Projects/My Websites/Teacherpedia/4.0 CI teacherpedia 1.1/Teacherpedia/public_html/index.php(45): CodeIgniter\CodeIgniter->run()
#7 {main}
CRITICAL - 2020-07-06 06:53:09 --> mkdir(): No such file or directory
#0 [internal function]: CodeIgniter\Debug\Exceptions->errorHandler(2, 'mkdir(): No suc...', '/Users/markpear...', 1079, Array)
#1 /Users/markpearson/Google Drive/Documents/Projects/My Websites/Teacherpedia/4.0 CI teacherpedia 1.1/Teacherpedia/ci4/app/Controllers/Admin/Resources.php(1079): mkdir('/Users/markpear...')
#2 /Users/markpearson/Google Drive/Documents/Projects/My Websites/Teacherpedia/4.0 CI teacherpedia 1.1/Teacherpedia/ci4/app/Controllers/Admin/Resources.php(354): App\Controllers\admin\Resources->make_dir('/Users/markpear...', '2020', '06-07-90', '06-53-09')
#3 /Users/markpearson/Google Drive/Documents/Projects/My Websites/Teacherpedia/4.0 CI teacherpedia 1.1/Teacherpedia/ci4/system/CodeIgniter.php(914): App\Controllers\admin\Resources->do_uploads()
#4 /Users/markpearson/Google Drive/Documents/Projects/My Websites/Teacherpedia/4.0 CI teacherpedia 1.1/Teacherpedia/ci4/system/CodeIgniter.php(400): CodeIgniter\CodeIgniter->runController(Object(App\Controllers\admin\Resources))
#5 /Users/markpearson/Google Drive/Documents/Projects/My Websites/Teacherpedia/4.0 CI teacherpedia 1.1/Teacherpedia/ci4/system/CodeIgniter.php(308): CodeIgniter\CodeIgniter->handleRequest(NULL, Object(Config\Cache), false)
#6 /Users/markpearson/Google Drive/Documents/Projects/My Websites/Teacherpedia/4.0 CI teacherpedia 1.1/Teacherpedia/public_html/index.php(45): CodeIgniter\CodeIgniter->run()
#7 {main}
CRITICAL - 2020-07-06 06:55:00 --> mkdir(): No such file or directory
#0 [internal function]: CodeIgniter\Debug\Exceptions->errorHandler(2, 'mkdir(): No suc...', '/Users/markpear...', 1078, Array)
#1 /Users/markpearson/Google Drive/Documents/Projects/My Websites/Teacherpedia/4.0 CI teacherpedia 1.1/Teacherpedia/ci4/app/Controllers/Admin/Resources.php(1078): mkdir('/assets/img/ban...')
#2 /Users/markpearson/Google Drive/Documents/Projects/My Websites/Teacherpedia/4.0 CI teacherpedia 1.1/Teacherpedia/ci4/app/Controllers/Admin/Resources.php(353): App\Controllers\admin\Resources->make_dir('/assets/img/ban...', '2020', '06-07-90', '06-55-00')
#3 /Users/markpearson/Google Drive/Documents/Projects/My Websites/Teacherpedia/4.0 CI teacherpedia 1.1/Teacherpedia/ci4/system/CodeIgniter.php(914): App\Controllers\admin\Resources->do_uploads()
#4 /Users/markpearson/Google Drive/Documents/Projects/My Websites/Teacherpedia/4.0 CI teacherpedia 1.1/Teacherpedia/ci4/system/CodeIgniter.php(400): CodeIgniter\CodeIgniter->runController(Object(App\Controllers\admin\Resources))
#5 /Users/markpearson/Google Drive/Documents/Projects/My Websites/Teacherpedia/4.0 CI teacherpedia 1.1/Teacherpedia/ci4/system/CodeIgniter.php(308): CodeIgniter\CodeIgniter->handleRequest(NULL, Object(Config\Cache), false)
#6 /Users/markpearson/Google Drive/Documents/Projects/My Websites/Teacherpedia/4.0 CI teacherpedia 1.1/Teacherpedia/public_html/index.php(45): CodeIgniter\CodeIgniter->run()
#7 {main}
CRITICAL - 2020-07-06 06:55:13 --> Undefined index: action_name
#0 /Users/markpearson/Google Drive/Documents/Projects/My Websites/Teacherpedia/4.0 CI teacherpedia 1.1/Teacherpedia/ci4/app/Controllers/Admin/Resources.php(271): CodeIgniter\Debug\Exceptions->errorHandler(8, 'Undefined index...', '/Users/markpear...', 271, Array)
#1 /Users/markpearson/Google Drive/Documents/Projects/My Websites/Teacherpedia/4.0 CI teacherpedia 1.1/Teacherpedia/ci4/system/CodeIgniter.php(914): App\Controllers\admin\Resources->do_uploads()
#2 /Users/markpearson/Google Drive/Documents/Projects/My Websites/Teacherpedia/4.0 CI teacherpedia 1.1/Teacherpedia/ci4/system/CodeIgniter.php(400): CodeIgniter\CodeIgniter->runController(Object(App\Controllers\admin\Resources))
#3 /Users/markpearson/Google Drive/Documents/Projects/My Websites/Teacherpedia/4.0 CI teacherpedia 1.1/Teacherpedia/ci4/system/CodeIgniter.php(308): CodeIgniter\CodeIgniter->handleRequest(NULL, Object(Config\Cache), false)
#4 /Users/markpearson/Google Drive/Documents/Projects/My Websites/Teacherpedia/4.0 CI teacherpedia 1.1/Teacherpedia/public_html/index.php(45): CodeIgniter\CodeIgniter->run()
#5 {main}
CRITICAL - 2020-07-06 06:58:16 --> mkdir(): No such file or directory
#0 [internal function]: CodeIgniter\Debug\Exceptions->errorHandler(2, 'mkdir(): No suc...', '/Users/markpear...', 1078, Array)
#1 /Users/markpearson/Google Drive/Documents/Projects/My Websites/Teacherpedia/4.0 CI teacherpedia 1.1/Teacherpedia/ci4/app/Controllers/Admin/Resources.php(1078): mkdir('assets/img/bann...')
#2 /Users/markpearson/Google Drive/Documents/Projects/My Websites/Teacherpedia/4.0 CI teacherpedia 1.1/Teacherpedia/ci4/app/Controllers/Admin/Resources.php(353): App\Controllers\admin\Resources->make_dir('assets/img/bann...', '2020', '06-07-90', '06-58-16')
#3 /Users/markpearson/Google Drive/Documents/Projects/My Websites/Teacherpedia/4.0 CI teacherpedia 1.1/Teacherpedia/ci4/system/CodeIgniter.php(914): App\Controllers\admin\Resources->do_uploads()
#4 /Users/markpearson/Google Drive/Documents/Projects/My Websites/Teacherpedia/4.0 CI teacherpedia 1.1/Teacherpedia/ci4/system/CodeIgniter.php(400): CodeIgniter\CodeIgniter->runController(Object(App\Controllers\admin\Resources))
#5 /Users/markpearson/Google Drive/Documents/Projects/My Websites/Teacherpedia/4.0 CI teacherpedia 1.1/Teacherpedia/ci4/system/CodeIgniter.php(308): CodeIgniter\CodeIgniter->handleRequest(NULL, Object(Config\Cache), false)
#6 /Users/markpearson/Google Drive/Documents/Projects/My Websites/Teacherpedia/4.0 CI teacherpedia 1.1/Teacherpedia/public_html/index.php(45): CodeIgniter\CodeIgniter->run()
#7 {main}
CRITICAL - 2020-07-06 06:58:26 --> mkdir(): No such file or directory
#0 [internal function]: CodeIgniter\Debug\Exceptions->errorHandler(2, 'mkdir(): No suc...', '/Users/markpear...', 1078, Array)
#1 /Users/markpearson/Google Drive/Documents/Projects/My Websites/Teacherpedia/4.0 CI teacherpedia 1.1/Teacherpedia/ci4/app/Controllers/Admin/Resources.php(1078): mkdir('assets/img/bann...')
#2 /Users/markpearson/Google Drive/Documents/Projects/My Websites/Teacherpedia/4.0 CI teacherpedia 1.1/Teacherpedia/ci4/app/Controllers/Admin/Resources.php(353): App\Controllers\admin\Resources->make_dir('assets/img/bann...', '2020', '06-07-90', '06-58-26')
#3 /Users/markpearson/Google Drive/Documents/Projects/My Websites/Teacherpedia/4.0 CI teacherpedia 1.1/Teacherpedia/ci4/system/CodeIgniter.php(914): App\Controllers\admin\Resources->do_uploads()
#4 /Users/markpearson/Google Drive/Documents/Projects/My Websites/Teacherpedia/4.0 CI teacherpedia 1.1/Teacherpedia/ci4/system/CodeIgniter.php(400): CodeIgniter\CodeIgniter->runController(Object(App\Controllers\admin\Resources))
#5 /Users/markpearson/Google Drive/Documents/Projects/My Websites/Teacherpedia/4.0 CI teacherpedia 1.1/Teacherpedia/ci4/system/CodeIgniter.php(308): CodeIgniter\CodeIgniter->handleRequest(NULL, Object(Config\Cache), false)
#6 /Users/markpearson/Google Drive/Documents/Projects/My Websites/Teacherpedia/4.0 CI teacherpedia 1.1/Teacherpedia/public_html/index.php(45): CodeIgniter\CodeIgniter->run()
#7 {main}
CRITICAL - 2020-07-06 07:00:16 --> mkdir(): No such file or directory
#0 [internal function]: CodeIgniter\Debug\Exceptions->errorHandler(2, 'mkdir(): No suc...', '/Users/markpear...', 1078, Array)
#1 /Users/markpearson/Google Drive/Documents/Projects/My Websites/Teacherpedia/4.0 CI teacherpedia 1.1/Teacherpedia/ci4/app/Controllers/Admin/Resources.php(1078): mkdir('/assets/img/ban...')
#2 /Users/markpearson/Google Drive/Documents/Projects/My Websites/Teacherpedia/4.0 CI teacherpedia 1.1/Teacherpedia/ci4/app/Controllers/Admin/Resources.php(353): App\Controllers\admin\Resources->make_dir('/assets/img/ban...', '2020', '06-07-90', '07-00-16')
#3 /Users/markpearson/Google Drive/Documents/Projects/My Websites/Teacherpedia/4.0 CI teacherpedia 1.1/Teacherpedia/ci4/system/CodeIgniter.php(914): App\Controllers\admin\Resources->do_uploads()
#4 /Users/markpearson/Google Drive/Documents/Projects/My Websites/Teacherpedia/4.0 CI teacherpedia 1.1/Teacherpedia/ci4/system/CodeIgniter.php(400): CodeIgniter\CodeIgniter->runController(Object(App\Controllers\admin\Resources))
#5 /Users/markpearson/Google Drive/Documents/Projects/My Websites/Teacherpedia/4.0 CI teacherpedia 1.1/Teacherpedia/ci4/system/CodeIgniter.php(308): CodeIgniter\CodeIgniter->handleRequest(NULL, Object(Config\Cache), false)
#6 /Users/markpearson/Google Drive/Documents/Projects/My Websites/Teacherpedia/4.0 CI teacherpedia 1.1/Teacherpedia/public_html/index.php(45): CodeIgniter\CodeIgniter->run()
#7 {main}
CRITICAL - 2020-07-06 07:00:54 --> mkdir(): No such file or directory
#0 [internal function]: CodeIgniter\Debug\Exceptions->errorHandler(2, 'mkdir(): No suc...', '/Users/markpear...', 1078, Array)
#1 /Users/markpearson/Google Drive/Documents/Projects/My Websites/Teacherpedia/4.0 CI teacherpedia 1.1/Teacherpedia/ci4/app/Controllers/Admin/Resources.php(1078): mkdir('/assets/img/ban...')
#2 /Users/markpearson/Google Drive/Documents/Projects/My Websites/Teacherpedia/4.0 CI teacherpedia 1.1/Teacherpedia/ci4/app/Controllers/Admin/Resources.php(353): App\Controllers\admin\Resources->make_dir('/assets/img/ban...', '2020', '06-07-90', '07-00-54')
#3 /Users/markpearson/Google Drive/Documents/Projects/My Websites/Teacherpedia/4.0 CI teacherpedia 1.1/Teacherpedia/ci4/system/CodeIgniter.php(914): App\Controllers\admin\Resources->do_uploads()
#4 /Users/markpearson/Google Drive/Documents/Projects/My Websites/Teacherpedia/4.0 CI teacherpedia 1.1/Teacherpedia/ci4/system/CodeIgniter.php(400): CodeIgniter\CodeIgniter->runController(Object(App\Controllers\admin\Resources))
#5 /Users/markpearson/Google Drive/Documents/Projects/My Websites/Teacherpedia/4.0 CI teacherpedia 1.1/Teacherpedia/ci4/system/CodeIgniter.php(308): CodeIgniter\CodeIgniter->handleRequest(NULL, Object(Config\Cache), false)
#6 /Users/markpearson/Google Drive/Documents/Projects/My Websites/Teacherpedia/4.0 CI teacherpedia 1.1/Teacherpedia/public_html/index.php(45): CodeIgniter\CodeIgniter->run()
#7 {main}
CRITICAL - 2020-07-06 07:01:55 --> Undefined index: action_name
#0 /Users/markpearson/Google Drive/Documents/Projects/My Websites/Teacherpedia/4.0 CI teacherpedia 1.1/Teacherpedia/ci4/app/Controllers/Admin/Resources.php(271): CodeIgniter\Debug\Exceptions->errorHandler(8, 'Undefined index...', '/Users/markpear...', 271, Array)
#1 /Users/markpearson/Google Drive/Documents/Projects/My Websites/Teacherpedia/4.0 CI teacherpedia 1.1/Teacherpedia/ci4/system/CodeIgniter.php(914): App\Controllers\admin\Resources->do_uploads()
#2 /Users/markpearson/Google Drive/Documents/Projects/My Websites/Teacherpedia/4.0 CI teacherpedia 1.1/Teacherpedia/ci4/system/CodeIgniter.php(400): CodeIgniter\CodeIgniter->runController(Object(App\Controllers\admin\Resources))
#3 /Users/markpearson/Google Drive/Documents/Projects/My Websites/Teacherpedia/4.0 CI teacherpedia 1.1/Teacherpedia/ci4/system/CodeIgniter.php(308): CodeIgniter\CodeIgniter->handleRequest(NULL, Object(Config\Cache), false)
#4 /Users/markpearson/Google Drive/Documents/Projects/My Websites/Teacherpedia/4.0 CI teacherpedia 1.1/Teacherpedia/public_html/index.php(45): CodeIgniter\CodeIgniter->run()
#5 {main}
CRITICAL - 2020-07-06 07:02:14 --> Undefined index: action_name
#0 /Users/markpearson/Google Drive/Documents/Projects/My Websites/Teacherpedia/4.0 CI teacherpedia 1.1/Teacherpedia/ci4/app/Controllers/Admin/Resources.php(271): CodeIgniter\Debug\Exceptions->errorHandler(8, 'Undefined index...', '/Users/markpear...', 271, Array)
#1 /Users/markpearson/Google Drive/Documents/Projects/My Websites/Teacherpedia/4.0 CI teacherpedia 1.1/Teacherpedia/ci4/system/CodeIgniter.php(914): App\Controllers\admin\Resources->do_uploads()
#2 /Users/markpearson/Google Drive/Documents/Projects/My Websites/Teacherpedia/4.0 CI teacherpedia 1.1/Teacherpedia/ci4/system/CodeIgniter.php(400): CodeIgniter\CodeIgniter->runController(Object(App\Controllers\admin\Resources))
#3 /Users/markpearson/Google Drive/Documents/Projects/My Websites/Teacherpedia/4.0 CI teacherpedia 1.1/Teacherpedia/ci4/system/CodeIgniter.php(308): CodeIgniter\CodeIgniter->handleRequest(NULL, Object(Config\Cache), false)
#4 /Users/markpearson/Google Drive/Documents/Projects/My Websites/Teacherpedia/4.0 CI teacherpedia 1.1/Teacherpedia/public_html/index.php(45): CodeIgniter\CodeIgniter->run()
#5 {main}
CRITICAL - 2020-07-06 07:04:43 --> Undefined index: resource_name
#0 /Users/markpearson/Google Drive/Documents/Projects/My Websites/Teacherpedia/4.0 CI teacherpedia 1.1/Teacherpedia/ci4/app/Controllers/Admin/Resources.php(248): CodeIgniter\Debug\Exceptions->errorHandler(8, 'Undefined index...', '/Users/markpear...', 248, Array)
#1 /Users/markpearson/Google Drive/Documents/Projects/My Websites/Teacherpedia/4.0 CI teacherpedia 1.1/Teacherpedia/ci4/system/CodeIgniter.php(914): App\Controllers\admin\Resources->do_uploads()
#2 /Users/markpearson/Google Drive/Documents/Projects/My Websites/Teacherpedia/4.0 CI teacherpedia 1.1/Teacherpedia/ci4/system/CodeIgniter.php(400): CodeIgniter\CodeIgniter->runController(Object(App\Controllers\admin\Resources))
#3 /Users/markpearson/Google Drive/Documents/Projects/My Websites/Teacherpedia/4.0 CI teacherpedia 1.1/Teacherpedia/ci4/system/CodeIgniter.php(308): CodeIgniter\CodeIgniter->handleRequest(NULL, Object(Config\Cache), false)
#4 /Users/markpearson/Google Drive/Documents/Projects/My Websites/Teacherpedia/4.0 CI teacherpedia 1.1/Teacherpedia/public_html/index.php(45): CodeIgniter\CodeIgniter->run()
#5 {main}
CRITICAL - 2020-07-06 07:05:52 --> Undefined variable: sluf
#0 /Users/markpearson/Google Drive/Documents/Projects/My Websites/Teacherpedia/4.0 CI teacherpedia 1.1/Teacherpedia/ci4/app/Controllers/Admin/Resources.php(353): CodeIgniter\Debug\Exceptions->errorHandler(8, 'Undefined varia...', '/Users/markpear...', 353, Array)
#1 /Users/markpearson/Google Drive/Documents/Projects/My Websites/Teacherpedia/4.0 CI teacherpedia 1.1/Teacherpedia/ci4/system/CodeIgniter.php(914): App\Controllers\admin\Resources->do_uploads()
#2 /Users/markpearson/Google Drive/Documents/Projects/My Websites/Teacherpedia/4.0 CI teacherpedia 1.1/Teacherpedia/ci4/system/CodeIgniter.php(400): CodeIgniter\CodeIgniter->runController(Object(App\Controllers\admin\Resources))
#3 /Users/markpearson/Google Drive/Documents/Projects/My Websites/Teacherpedia/4.0 CI teacherpedia 1.1/Teacherpedia/ci4/system/CodeIgniter.php(308): CodeIgniter\CodeIgniter->handleRequest(NULL, Object(Config\Cache), false)
#4 /Users/markpearson/Google Drive/Documents/Projects/My Websites/Teacherpedia/4.0 CI teacherpedia 1.1/Teacherpedia/public_html/index.php(45): CodeIgniter\CodeIgniter->run()
#5 {main}
CRITICAL - 2020-07-06 07:06:03 --> Undefined index: resource_name
#0 /Users/markpearson/Google Drive/Documents/Projects/My Websites/Teacherpedia/4.0 CI teacherpedia 1.1/Teacherpedia/ci4/app/Controllers/Admin/Resources.php(248): CodeIgniter\Debug\Exceptions->errorHandler(8, 'Undefined index...', '/Users/markpear...', 248, Array)
#1 /Users/markpearson/Google Drive/Documents/Projects/My Websites/Teacherpedia/4.0 CI teacherpedia 1.1/Teacherpedia/ci4/system/CodeIgniter.php(914): App\Controllers\admin\Resources->do_uploads()
#2 /Users/markpearson/Google Drive/Documents/Projects/My Websites/Teacherpedia/4.0 CI teacherpedia 1.1/Teacherpedia/ci4/system/CodeIgniter.php(400): CodeIgniter\CodeIgniter->runController(Object(App\Controllers\admin\Resources))
#3 /Users/markpearson/Google Drive/Documents/Projects/My Websites/Teacherpedia/4.0 CI teacherpedia 1.1/Teacherpedia/ci4/system/CodeIgniter.php(308): CodeIgniter\CodeIgniter->handleRequest(NULL, Object(Config\Cache), false)
#4 /Users/markpearson/Google Drive/Documents/Projects/My Websites/Teacherpedia/4.0 CI teacherpedia 1.1/Teacherpedia/public_html/index.php(45): CodeIgniter\CodeIgniter->run()
#5 {main}
CRITICAL - 2020-07-06 07:07:36 --> Undefined index: resource_name
#0 /Users/markpearson/Google Drive/Documents/Projects/My Websites/Teacherpedia/4.0 CI teacherpedia 1.1/Teacherpedia/ci4/app/Controllers/Admin/Resources.php(248): CodeIgniter\Debug\Exceptions->errorHandler(8, 'Undefined index...', '/Users/markpear...', 248, Array)
#1 /Users/markpearson/Google Drive/Documents/Projects/My Websites/Teacherpedia/4.0 CI teacherpedia 1.1/Teacherpedia/ci4/system/CodeIgniter.php(914): App\Controllers\admin\Resources->do_uploads()
#2 /Users/markpearson/Google Drive/Documents/Projects/My Websites/Teacherpedia/4.0 CI teacherpedia 1.1/Teacherpedia/ci4/system/CodeIgniter.php(400): CodeIgniter\CodeIgniter->runController(Object(App\Controllers\admin\Resources))
#3 /Users/markpearson/Google Drive/Documents/Projects/My Websites/Teacherpedia/4.0 CI teacherpedia 1.1/Teacherpedia/ci4/system/CodeIgniter.php(308): CodeIgniter\CodeIgniter->handleRequest(NULL, Object(Config\Cache), false)
#4 /Users/markpearson/Google Drive/Documents/Projects/My Websites/Teacherpedia/4.0 CI teacherpedia 1.1/Teacherpedia/public_html/index.php(45): CodeIgniter\CodeIgniter->run()
#5 {main}
CRITICAL - 2020-07-06 07:09:47 --> Undefined index: resource_name
#0 /Users/markpearson/Google Drive/Documents/Projects/My Websites/Teacherpedia/4.0 CI teacherpedia 1.1/Teacherpedia/ci4/app/Controllers/Admin/Resources.php(248): CodeIgniter\Debug\Exceptions->errorHandler(8, 'Undefined index...', '/Users/markpear...', 248, Array)
#1 /Users/markpearson/Google Drive/Documents/Projects/My Websites/Teacherpedia/4.0 CI teacherpedia 1.1/Teacherpedia/ci4/system/CodeIgniter.php(914): App\Controllers\admin\Resources->do_uploads()
#2 /Users/markpearson/Google Drive/Documents/Projects/My Websites/Teacherpedia/4.0 CI teacherpedia 1.1/Teacherpedia/ci4/system/CodeIgniter.php(400): CodeIgniter\CodeIgniter->runController(Object(App\Controllers\admin\Resources))
#3 /Users/markpearson/Google Drive/Documents/Projects/My Websites/Teacherpedia/4.0 CI teacherpedia 1.1/Teacherpedia/ci4/system/CodeIgniter.php(308): CodeIgniter\CodeIgniter->handleRequest(NULL, Object(Config\Cache), false)
#4 /Users/markpearson/Google Drive/Documents/Projects/My Websites/Teacherpedia/4.0 CI teacherpedia 1.1/Teacherpedia/public_html/index.php(45): CodeIgniter\CodeIgniter->run()
#5 {main}
CRITICAL - 2020-07-06 07:12:13 --> Undefined index: resource_name
#0 /Users/markpearson/Google Drive/Documents/Projects/My Websites/Teacherpedia/4.0 CI teacherpedia 1.1/Teacherpedia/ci4/app/Controllers/Admin/Resources.php(248): CodeIgniter\Debug\Exceptions->errorHandler(8, 'Undefined index...', '/Users/markpear...', 248, Array)
#1 /Users/markpearson/Google Drive/Documents/Projects/My Websites/Teacherpedia/4.0 CI teacherpedia 1.1/Teacherpedia/ci4/system/CodeIgniter.php(914): App\Controllers\admin\Resources->do_uploads()
#2 /Users/markpearson/Google Drive/Documents/Projects/My Websites/Teacherpedia/4.0 CI teacherpedia 1.1/Teacherpedia/ci4/system/CodeIgniter.php(400): CodeIgniter\CodeIgniter->runController(Object(App\Controllers\admin\Resources))
#3 /Users/markpearson/Google Drive/Documents/Projects/My Websites/Teacherpedia/4.0 CI teacherpedia 1.1/Teacherpedia/ci4/system/CodeIgniter.php(308): CodeIgniter\CodeIgniter->handleRequest(NULL, Object(Config\Cache), false)
#4 /Users/markpearson/Google Drive/Documents/Projects/My Websites/Teacherpedia/4.0 CI teacherpedia 1.1/Teacherpedia/public_html/index.php(45): CodeIgniter\CodeIgniter->run()
#5 {main}
CRITICAL - 2020-07-06 07:12:34 --> Undefined index: resource_name
#0 /Users/markpearson/Google Drive/Documents/Projects/My Websites/Teacherpedia/4.0 CI teacherpedia 1.1/Teacherpedia/ci4/app/Controllers/Admin/Resources.php(248): CodeIgniter\Debug\Exceptions->errorHandler(8, 'Undefined index...', '/Users/markpear...', 248, Array)
#1 /Users/markpearson/Google Drive/Documents/Projects/My Websites/Teacherpedia/4.0 CI teacherpedia 1.1/Teacherpedia/ci4/system/CodeIgniter.php(914): App\Controllers\admin\Resources->do_uploads()
#2 /Users/markpearson/Google Drive/Documents/Projects/My Websites/Teacherpedia/4.0 CI teacherpedia 1.1/Teacherpedia/ci4/system/CodeIgniter.php(400): CodeIgniter\CodeIgniter->runController(Object(App\Controllers\admin\Resources))
#3 /Users/markpearson/Google Drive/Documents/Projects/My Websites/Teacherpedia/4.0 CI teacherpedia 1.1/Teacherpedia/ci4/system/CodeIgniter.php(308): CodeIgniter\CodeIgniter->handleRequest(NULL, Object(Config\Cache), false)
#4 /Users/markpearson/Google Drive/Documents/Projects/My Websites/Teacherpedia/4.0 CI teacherpedia 1.1/Teacherpedia/public_html/index.php(45): CodeIgniter\CodeIgniter->run()
#5 {main}
CRITICAL - 2020-07-06 07:13:44 --> Undefined index: resource_name
#0 /Users/markpearson/Google Drive/Documents/Projects/My Websites/Teacherpedia/4.0 CI teacherpedia 1.1/Teacherpedia/ci4/app/Controllers/Admin/Resources.php(248): CodeIgniter\Debug\Exceptions->errorHandler(8, 'Undefined index...', '/Users/markpear...', 248, Array)
#1 /Users/markpearson/Google Drive/Documents/Projects/My Websites/Teacherpedia/4.0 CI teacherpedia 1.1/Teacherpedia/ci4/system/CodeIgniter.php(914): App\Controllers\admin\Resources->do_uploads()
#2 /Users/markpearson/Google Drive/Documents/Projects/My Websites/Teacherpedia/4.0 CI teacherpedia 1.1/Teacherpedia/ci4/system/CodeIgniter.php(400): CodeIgniter\CodeIgniter->runController(Object(App\Controllers\admin\Resources))
#3 /Users/markpearson/Google Drive/Documents/Projects/My Websites/Teacherpedia/4.0 CI teacherpedia 1.1/Teacherpedia/ci4/system/CodeIgniter.php(308): CodeIgniter\CodeIgniter->handleRequest(NULL, Object(Config\Cache), false)
#4 /Users/markpearson/Google Drive/Documents/Projects/My Websites/Teacherpedia/4.0 CI teacherpedia 1.1/Teacherpedia/public_html/index.php(45): CodeIgniter\CodeIgniter->run()
#5 {main}
CRITICAL - 2020-07-06 07:14:20 --> include(year5table.html): failed to open stream: No such file or directory
#0 /Users/markpearson/Google Drive/Documents/Projects/My Websites/Teacherpedia/4.0 CI teacherpedia 1.1/Teacherpedia/resources/2020/06-07-90/07-13-44/index.php(18): CodeIgniter\Debug\Exceptions->errorHandler(2, 'include(year5ta...', '/Users/markpear...', 18, Array)
#1 /Users/markpearson/Google Drive/Documents/Projects/My Websites/Teacherpedia/4.0 CI teacherpedia 1.1/Teacherpedia/resources/2020/06-07-90/07-13-44/index.php(18): include()
#2 /Users/markpearson/Google Drive/Documents/Projects/My Websites/Teacherpedia/4.0 CI teacherpedia 1.1/Teacherpedia/ci4/system/View/View.php(246): include('/Users/markpear...')
#3 /Users/markpearson/Google Drive/Documents/Projects/My Websites/Teacherpedia/4.0 CI teacherpedia 1.1/Teacherpedia/ci4/system/Common.php(1087): CodeIgniter\View\View->render('../../../resour...', Array, true)
#4 /Users/markpearson/Google Drive/Documents/Projects/My Websites/Teacherpedia/4.0 CI teacherpedia 1.1/Teacherpedia/ci4/app/Controllers/Resources.php(79): view('../../../resour...', Array)
#5 /Users/markpearson/Google Drive/Documents/Projects/My Websites/Teacherpedia/4.0 CI teacherpedia 1.1/Teacherpedia/ci4/system/CodeIgniter.php(914): App\Controllers\Resources->load('resources', '2020', '06-07-90', '07-13-44', '788')
#6 /Users/markpearson/Google Drive/Documents/Projects/My Websites/Teacherpedia/4.0 CI teacherpedia 1.1/Teacherpedia/ci4/system/CodeIgniter.php(400): CodeIgniter\CodeIgniter->runController(Object(App\Controllers\Resources))
#7 /Users/markpearson/Google Drive/Documents/Projects/My Websites/Teacherpedia/4.0 CI teacherpedia 1.1/Teacherpedia/ci4/system/CodeIgniter.php(308): CodeIgniter\CodeIgniter->handleRequest(NULL, Object(Config\Cache), false)
#8 /Users/markpearson/Google Drive/Documents/Projects/My Websites/Teacherpedia/4.0 CI teacherpedia 1.1/Teacherpedia/public_html/index.php(45): CodeIgniter\CodeIgniter->run()
#9 {main}
CRITICAL - 2020-07-06 07:14:47 --> Trying to get property 'resource_name' of non-object
#0 /Users/markpearson/Google Drive/Documents/Projects/My Websites/Teacherpedia/4.0 CI teacherpedia 1.1/Teacherpedia/ci4/app/Controllers/Resources.php(72): CodeIgniter\Debug\Exceptions->errorHandler(8, 'Trying to get p...', '/Users/markpear...', 72, Array)
#1 /Users/markpearson/Google Drive/Documents/Projects/My Websites/Teacherpedia/4.0 CI teacherpedia 1.1/Teacherpedia/ci4/system/CodeIgniter.php(914): App\Controllers\Resources->load('resources', '2020', '06-07-90', 'assets', 'img', 'banners_thumbna...', '2020', '06-07-90', '07-13-44', 'testingdashy5ab...')
#2 /Users/markpearson/Google Drive/Documents/Projects/My Websites/Teacherpedia/4.0 CI teacherpedia 1.1/Teacherpedia/ci4/system/CodeIgniter.php(400): CodeIgniter\CodeIgniter->runController(Object(App\Controllers\Resources))
#3 /Users/markpearson/Google Drive/Documents/Projects/My Websites/Teacherpedia/4.0 CI teacherpedia 1.1/Teacherpedia/ci4/system/CodeIgniter.php(308): CodeIgniter\CodeIgniter->handleRequest(NULL, Object(Config\Cache), false)
#4 /Users/markpearson/Google Drive/Documents/Projects/My Websites/Teacherpedia/4.0 CI teacherpedia 1.1/Teacherpedia/public_html/index.php(45): CodeIgniter\CodeIgniter->run()
#5 {main}
CRITICAL - 2020-07-06 07:15:24 --> syntax error, unexpected '.'
#0 /Users/markpearson/Google Drive/Documents/Projects/My Websites/Teacherpedia/4.0 CI teacherpedia 1.1/Teacherpedia/ci4/system/Common.php(1087): CodeIgniter\View\View->render('templates/resou...', Array, true)
#1 /Users/markpearson/Google Drive/Documents/Projects/My Websites/Teacherpedia/4.0 CI teacherpedia 1.1/Teacherpedia/ci4/app/Controllers/Resources.php(82): view('templates/resou...', Array)
#2 /Users/markpearson/Google Drive/Documents/Projects/My Websites/Teacherpedia/4.0 CI teacherpedia 1.1/Teacherpedia/ci4/system/CodeIgniter.php(914): App\Controllers\Resources->load('resources', '2020', '06-07-90', '07-13-44', '788')
#3 /Users/markpearson/Google Drive/Documents/Projects/My Websites/Teacherpedia/4.0 CI teacherpedia 1.1/Teacherpedia/ci4/system/CodeIgniter.php(400): CodeIgniter\CodeIgniter->runController(Object(App\Controllers\Resources))
#4 /Users/markpearson/Google Drive/Documents/Projects/My Websites/Teacherpedia/4.0 CI teacherpedia 1.1/Teacherpedia/ci4/system/CodeIgniter.php(308): CodeIgniter\CodeIgniter->handleRequest(NULL, Object(Config\Cache), false)
#5 /Users/markpearson/Google Drive/Documents/Projects/My Websites/Teacherpedia/4.0 CI teacherpedia 1.1/Teacherpedia/public_html/index.php(45): CodeIgniter\CodeIgniter->run()
#6 {main}
CRITICAL - 2020-07-06 07:17:07 --> Trying to get property 'resource_name' of non-object
#0 /Users/markpearson/Google Drive/Documents/Projects/My Websites/Teacherpedia/4.0 CI teacherpedia 1.1/Teacherpedia/ci4/app/Controllers/Resources.php(72): CodeIgniter\Debug\Exceptions->errorHandler(8, 'Trying to get p...', '/Users/markpear...', 72, Array)
#1 /Users/markpearson/Google Drive/Documents/Projects/My Websites/Teacherpedia/4.0 CI teacherpedia 1.1/Teacherpedia/ci4/system/CodeIgniter.php(914): App\Controllers\Resources->load('resources', '2020', '06-07-90', 'resources', '2020', '06-07-90', '05-34-06', 'banner.png')
#2 /Users/markpearson/Google Drive/Documents/Projects/My Websites/Teacherpedia/4.0 CI teacherpedia 1.1/Teacherpedia/ci4/system/CodeIgniter.php(400): CodeIgniter\CodeIgniter->runController(Object(App\Controllers\Resources))
#3 /Users/markpearson/Google Drive/Documents/Projects/My Websites/Teacherpedia/4.0 CI teacherpedia 1.1/Teacherpedia/ci4/system/CodeIgniter.php(308): CodeIgniter\CodeIgniter->handleRequest(NULL, Object(Config\Cache), false)
#4 /Users/markpearson/Google Drive/Documents/Projects/My Websites/Teacherpedia/4.0 CI teacherpedia 1.1/Teacherpedia/public_html/index.php(45): CodeIgniter\CodeIgniter->run()
#5 {main}
CRITICAL - 2020-07-06 07:21:19 --> Trying to get property 'file_name' of non-object
#0 /Users/markpearson/Google Drive/Documents/Projects/My Websites/Teacherpedia/4.0 CI teacherpedia 1.1/Teacherpedia/ci4/app/Views/admin/manage_gallery/view.php(24): CodeIgniter\Debug\Exceptions->errorHandler(8, 'Trying to get p...', '/Users/markpear...', 24, Array)
#1 /Users/markpearson/Google Drive/Documents/Projects/My Websites/Teacherpedia/4.0 CI teacherpedia 1.1/Teacherpedia/ci4/system/View/View.php(246): include('/Users/markpear...')
#2 /Users/markpearson/Google Drive/Documents/Projects/My Websites/Teacherpedia/4.0 CI teacherpedia 1.1/Teacherpedia/ci4/system/Common.php(1087): CodeIgniter\View\View->render('/admin/manage_g...', Array, true)
#3 /Users/markpearson/Google Drive/Documents/Projects/My Websites/Teacherpedia/4.0 CI teacherpedia 1.1/Teacherpedia/ci4/app/Controllers/Admin/Manage_gallery.php(43): view('/admin/manage_g...', Array)
#4 /Users/markpearson/Google Drive/Documents/Projects/My Websites/Teacherpedia/4.0 CI teacherpedia 1.1/Teacherpedia/ci4/system/CodeIgniter.php(914): App\Controllers\admin\Manage_Gallery->load('assets', 'css', 'dashboard', 'css', 'js.js')
#5 /Users/markpearson/Google Drive/Documents/Projects/My Websites/Teacherpedia/4.0 CI teacherpedia 1.1/Teacherpedia/ci4/system/CodeIgniter.php(400): CodeIgniter\CodeIgniter->runController(Object(App\Controllers\admin\Manage_Gallery))
#6 /Users/markpearson/Google Drive/Documents/Projects/My Websites/Teacherpedia/4.0 CI teacherpedia 1.1/Teacherpedia/ci4/system/CodeIgniter.php(308): CodeIgniter\CodeIgniter->handleRequest(NULL, Object(Config\Cache), false)
#7 /Users/markpearson/Google Drive/Documents/Projects/My Websites/Teacherpedia/4.0 CI teacherpedia 1.1/Teacherpedia/public_html/index.php(45): CodeIgniter\CodeIgniter->run()
#8 {main}
CRITICAL - 2020-07-06 07:21:19 --> Trying to get property 'file_name' of non-object
#0 /Users/markpearson/Google Drive/Documents/Projects/My Websites/Teacherpedia/4.0 CI teacherpedia 1.1/Teacherpedia/ci4/app/Views/admin/manage_gallery/view.php(24): CodeIgniter\Debug\Exceptions->errorHandler(8, 'Trying to get p...', '/Users/markpear...', 24, Array)
#1 /Users/markpearson/Google Drive/Documents/Projects/My Websites/Teacherpedia/4.0 CI teacherpedia 1.1/Teacherpedia/ci4/system/View/View.php(246): include('/Users/markpear...')
#2 /Users/markpearson/Google Drive/Documents/Projects/My Websites/Teacherpedia/4.0 CI teacherpedia 1.1/Teacherpedia/ci4/system/Common.php(1087): CodeIgniter\View\View->render('/admin/manage_g...', Array, true)
#3 /Users/markpearson/Google Drive/Documents/Projects/My Websites/Teacherpedia/4.0 CI teacherpedia 1.1/Teacherpedia/ci4/app/Controllers/Admin/Manage_gallery.php(43): view('/admin/manage_g...', Array)
#4 /Users/markpearson/Google Drive/Documents/Projects/My Websites/Teacherpedia/4.0 CI teacherpedia 1.1/Teacherpedia/ci4/system/CodeIgniter.php(914): App\Controllers\admin\Manage_Gallery->load('assets', 'css', 'dashboard', 'css', 'js.js')
#5 /Users/markpearson/Google Drive/Documents/Projects/My Websites/Teacherpedia/4.0 CI teacherpedia 1.1/Teacherpedia/ci4/system/CodeIgniter.php(400): CodeIgniter\CodeIgniter->runController(Object(App\Controllers\admin\Manage_Gallery))
#6 /Users/markpearson/Google Drive/Documents/Projects/My Websites/Teacherpedia/4.0 CI teacherpedia 1.1/Teacherpedia/ci4/system/CodeIgniter.php(308): CodeIgniter\CodeIgniter->handleRequest(NULL, Object(Config\Cache), false)
#7 /Users/markpearson/Google Drive/Documents/Projects/My Websites/Teacherpedia/4.0 CI teacherpedia 1.1/Teacherpedia/public_html/index.php(45): CodeIgniter\CodeIgniter->run()
#8 {main}
CRITICAL - 2020-07-06 07:21:22 --> Trying to get property 'id' of non-object
#0 /Users/markpearson/Google Drive/Documents/Projects/My Websites/Teacherpedia/4.0 CI teacherpedia 1.1/Teacherpedia/ci4/app/Views/admin/manage_gallery/edit_image.php(26): CodeIgniter\Debug\Exceptions->errorHandler(8, 'Trying to get p...', '/Users/markpear...', 26, Array)
#1 /Users/markpearson/Google Drive/Documents/Projects/My Websites/Teacherpedia/4.0 CI teacherpedia 1.1/Teacherpedia/ci4/system/View/View.php(246): include('/Users/markpear...')
#2 /Users/markpearson/Google Drive/Documents/Projects/My Websites/Teacherpedia/4.0 CI teacherpedia 1.1/Teacherpedia/ci4/system/Common.php(1087): CodeIgniter\View\View->render('/admin/manage_g...', Array, true)
#3 /Users/markpearson/Google Drive/Documents/Projects/My Websites/Teacherpedia/4.0 CI teacherpedia 1.1/Teacherpedia/ci4/app/Controllers/Admin/Manage_gallery.php(138): view('/admin/manage_g...', Array)
#4 /Users/markpearson/Google Drive/Documents/Projects/My Websites/Teacherpedia/4.0 CI teacherpedia 1.1/Teacherpedia/ci4/system/CodeIgniter.php(914): App\Controllers\admin\Manage_Gallery->edit('assets', 'css', 'dashboard', 'css', 'js.js')
#5 /Users/markpearson/Google Drive/Documents/Projects/My Websites/Teacherpedia/4.0 CI teacherpedia 1.1/Teacherpedia/ci4/system/CodeIgniter.php(400): CodeIgniter\CodeIgniter->runController(Object(App\Controllers\admin\Manage_Gallery))
#6 /Users/markpearson/Google Drive/Documents/Projects/My Websites/Teacherpedia/4.0 CI teacherpedia 1.1/Teacherpedia/ci4/system/CodeIgniter.php(308): CodeIgniter\CodeIgniter->handleRequest(NULL, Object(Config\Cache), false)
#7 /Users/markpearson/Google Drive/Documents/Projects/My Websites/Teacherpedia/4.0 CI teacherpedia 1.1/Teacherpedia/public_html/index.php(45): CodeIgniter\CodeIgniter->run()
#8 {main}
CRITICAL - 2020-07-06 07:21:22 --> Trying to get property 'id' of non-object
#0 /Users/markpearson/Google Drive/Documents/Projects/My Websites/Teacherpedia/4.0 CI teacherpedia 1.1/Teacherpedia/ci4/app/Views/admin/manage_gallery/edit_image.php(26): CodeIgniter\Debug\Exceptions->errorHandler(8, 'Trying to get p...', '/Users/markpear...', 26, Array)
#1 /Users/markpearson/Google Drive/Documents/Projects/My Websites/Teacherpedia/4.0 CI teacherpedia 1.1/Teacherpedia/ci4/system/View/View.php(246): include('/Users/markpear...')
#2 /Users/markpearson/Google Drive/Documents/Projects/My Websites/Teacherpedia/4.0 CI teacherpedia 1.1/Teacherpedia/ci4/system/Common.php(1087): CodeIgniter\View\View->render('/admin/manage_g...', Array, true)
#3 /Users/markpearson/Google Drive/Documents/Projects/My Websites/Teacherpedia/4.0 CI teacherpedia 1.1/Teacherpedia/ci4/app/Controllers/Admin/Manage_gallery.php(138): view('/admin/manage_g...', Array)
#4 /Users/markpearson/Google Drive/Documents/Projects/My Websites/Teacherpedia/4.0 CI teacherpedia 1.1/Teacherpedia/ci4/system/CodeIgniter.php(914): App\Controllers\admin\Manage_Gallery->edit('assets', 'css', 'dashboard', 'css', 'js.js')
#5 /Users/markpearson/Google Drive/Documents/Projects/My Websites/Teacherpedia/4.0 CI teacherpedia 1.1/Teacherpedia/ci4/system/CodeIgniter.php(400): CodeIgniter\CodeIgniter->runController(Object(App\Controllers\admin\Manage_Gallery))
#6 /Users/markpearson/Google Drive/Documents/Projects/My Websites/Teacherpedia/4.0 CI teacherpedia 1.1/Teacherpedia/ci4/system/CodeIgniter.php(308): CodeIgniter\CodeIgniter->handleRequest(NULL, Object(Config\Cache), false)
#7 /Users/markpearson/Google Drive/Documents/Projects/My Websites/Teacherpedia/4.0 CI teacherpedia 1.1/Teacherpedia/public_html/index.php(45): CodeIgniter\CodeIgniter->run()
#8 {main}
CRITICAL - 2020-07-06 07:21:28 --> Trying to get property 'id' of non-object
#0 /Users/markpearson/Google Drive/Documents/Projects/My Websites/Teacherpedia/4.0 CI teacherpedia 1.1/Teacherpedia/ci4/app/Views/admin/manage_gallery/edit_image.php(26): CodeIgniter\Debug\Exceptions->errorHandler(8, 'Trying to get p...', '/Users/markpear...', 26, Array)
#1 /Users/markpearson/Google Drive/Documents/Projects/My Websites/Teacherpedia/4.0 CI teacherpedia 1.1/Teacherpedia/ci4/system/View/View.php(246): include('/Users/markpear...')
#2 /Users/markpearson/Google Drive/Documents/Projects/My Websites/Teacherpedia/4.0 CI teacherpedia 1.1/Teacherpedia/ci4/system/Common.php(1087): CodeIgniter\View\View->render('/admin/manage_g...', Array, true)
#3 /Users/markpearson/Google Drive/Documents/Projects/My Websites/Teacherpedia/4.0 CI teacherpedia 1.1/Teacherpedia/ci4/app/Controllers/Admin/Manage_gallery.php(138): view('/admin/manage_g...', Array)
#4 /Users/markpearson/Google Drive/Documents/Projects/My Websites/Teacherpedia/4.0 CI teacherpedia 1.1/Teacherpedia/ci4/system/CodeIgniter.php(914): App\Controllers\admin\Manage_Gallery->edit('assets', 'css', 'dashboard', 'css', 'js.js')
#5 /Users/markpearson/Google Drive/Documents/Projects/My Websites/Teacherpedia/4.0 CI teacherpedia 1.1/Teacherpedia/ci4/system/CodeIgniter.php(400): CodeIgniter\CodeIgniter->runController(Object(App\Controllers\admin\Manage_Gallery))
#6 /Users/markpearson/Google Drive/Documents/Projects/My Websites/Teacherpedia/4.0 CI teacherpedia 1.1/Teacherpedia/ci4/system/CodeIgniter.php(308): CodeIgniter\CodeIgniter->handleRequest(NULL, Object(Config\Cache), false)
#7 /Users/markpearson/Google Drive/Documents/Projects/My Websites/Teacherpedia/4.0 CI teacherpedia 1.1/Teacherpedia/public_html/index.php(45): CodeIgniter\CodeIgniter->run()
#8 {main}
CRITICAL - 2020-07-06 07:21:29 --> Trying to get property 'id' of non-object
#0 /Users/markpearson/Google Drive/Documents/Projects/My Websites/Teacherpedia/4.0 CI teacherpedia 1.1/Teacherpedia/ci4/app/Views/admin/manage_gallery/edit_image.php(26): CodeIgniter\Debug\Exceptions->errorHandler(8, 'Trying to get p...', '/Users/markpear...', 26, Array)
#1 /Users/markpearson/Google Drive/Documents/Projects/My Websites/Teacherpedia/4.0 CI teacherpedia 1.1/Teacherpedia/ci4/system/View/View.php(246): include('/Users/markpear...')
#2 /Users/markpearson/Google Drive/Documents/Projects/My Websites/Teacherpedia/4.0 CI teacherpedia 1.1/Teacherpedia/ci4/system/Common.php(1087): CodeIgniter\View\View->render('/admin/manage_g...', Array, true)
#3 /Users/markpearson/Google Drive/Documents/Projects/My Websites/Teacherpedia/4.0 CI teacherpedia 1.1/Teacherpedia/ci4/app/Controllers/Admin/Manage_gallery.php(138): view('/admin/manage_g...', Array)
#4 /Users/markpearson/Google Drive/Documents/Projects/My Websites/Teacherpedia/4.0 CI teacherpedia 1.1/Teacherpedia/ci4/system/CodeIgniter.php(914): App\Controllers\admin\Manage_Gallery->edit('assets', 'css', 'dashboard', 'css', 'js.js')
#5 /Users/markpearson/Google Drive/Documents/Projects/My Websites/Teacherpedia/4.0 CI teacherpedia 1.1/Teacherpedia/ci4/system/CodeIgniter.php(400): CodeIgniter\CodeIgniter->runController(Object(App\Controllers\admin\Manage_Gallery))
#6 /Users/markpearson/Google Drive/Documents/Projects/My Websites/Teacherpedia/4.0 CI teacherpedia 1.1/Teacherpedia/ci4/system/CodeIgniter.php(308): CodeIgniter\CodeIgniter->handleRequest(NULL, Object(Config\Cache), false)
#7 /Users/markpearson/Google Drive/Documents/Projects/My Websites/Teacherpedia/4.0 CI teacherpedia 1.1/Teacherpedia/public_html/index.php(45): CodeIgniter\CodeIgniter->run()
#8 {main}
CRITICAL - 2020-07-06 10:20:22 --> Trying to get property 'id' of non-object
#0 /Users/markpearson/Google Drive/Documents/Projects/My Websites/Teacherpedia/4.0 CI teacherpedia 1.1/Teacherpedia/ci4/app/Views/admin/manage_gallery/edit_image.php(26): CodeIgniter\Debug\Exceptions->errorHandler(8, 'Trying to get p...', '/Users/markpear...', 26, Array)
#1 /Users/markpearson/Google Drive/Documents/Projects/My Websites/Teacherpedia/4.0 CI teacherpedia 1.1/Teacherpedia/ci4/system/View/View.php(246): include('/Users/markpear...')
#2 /Users/markpearson/Google Drive/Documents/Projects/My Websites/Teacherpedia/4.0 CI teacherpedia 1.1/Teacherpedia/ci4/system/Common.php(1087): CodeIgniter\View\View->render('/admin/manage_g...', Array, true)
#3 /Users/markpearson/Google Drive/Documents/Projects/My Websites/Teacherpedia/4.0 CI teacherpedia 1.1/Teacherpedia/ci4/app/Controllers/Admin/Manage_gallery.php(138): view('/admin/manage_g...', Array)
#4 /Users/markpearson/Google Drive/Documents/Projects/My Websites/Teacherpedia/4.0 CI teacherpedia 1.1/Teacherpedia/ci4/system/CodeIgniter.php(914): App\Controllers\admin\Manage_Gallery->edit('assets', 'css', 'dashboard', 'css', 'js.js')
#5 /Users/markpearson/Google Drive/Documents/Projects/My Websites/Teacherpedia/4.0 CI teacherpedia 1.1/Teacherpedia/ci4/system/CodeIgniter.php(400): CodeIgniter\CodeIgniter->runController(Object(App\Controllers\admin\Manage_Gallery))
#6 /Users/markpearson/Google Drive/Documents/Projects/My Websites/Teacherpedia/4.0 CI teacherpedia 1.1/Teacherpedia/ci4/system/CodeIgniter.php(308): CodeIgniter\CodeIgniter->handleRequest(NULL, Object(Config\Cache), false)
#7 /Users/markpearson/Google Drive/Documents/Projects/My Websites/Teacherpedia/4.0 CI teacherpedia 1.1/Teacherpedia/public_html/index.php(45): CodeIgniter\CodeIgniter->run()
#8 {main}
CRITICAL - 2020-07-06 10:20:25 --> Trying to get property 'file_name' of non-object
#0 /Users/markpearson/Google Drive/Documents/Projects/My Websites/Teacherpedia/4.0 CI teacherpedia 1.1/Teacherpedia/ci4/app/Views/admin/manage_gallery/view.php(24): CodeIgniter\Debug\Exceptions->errorHandler(8, 'Trying to get p...', '/Users/markpear...', 24, Array)
#1 /Users/markpearson/Google Drive/Documents/Projects/My Websites/Teacherpedia/4.0 CI teacherpedia 1.1/Teacherpedia/ci4/system/View/View.php(246): include('/Users/markpear...')
#2 /Users/markpearson/Google Drive/Documents/Projects/My Websites/Teacherpedia/4.0 CI teacherpedia 1.1/Teacherpedia/ci4/system/Common.php(1087): CodeIgniter\View\View->render('/admin/manage_g...', Array, true)
#3 /Users/markpearson/Google Drive/Documents/Projects/My Websites/Teacherpedia/4.0 CI teacherpedia 1.1/Teacherpedia/ci4/app/Controllers/Admin/Manage_gallery.php(43): view('/admin/manage_g...', Array)
#4 /Users/markpearson/Google Drive/Documents/Projects/My Websites/Teacherpedia/4.0 CI teacherpedia 1.1/Teacherpedia/ci4/system/CodeIgniter.php(914): App\Controllers\admin\Manage_Gallery->load('assets', 'css', 'dashboard', 'css', 'js.js')
#5 /Users/markpearson/Google Drive/Documents/Projects/My Websites/Teacherpedia/4.0 CI teacherpedia 1.1/Teacherpedia/ci4/system/CodeIgniter.php(400): CodeIgniter\CodeIgniter->runController(Object(App\Controllers\admin\Manage_Gallery))
#6 /Users/markpearson/Google Drive/Documents/Projects/My Websites/Teacherpedia/4.0 CI teacherpedia 1.1/Teacherpedia/ci4/system/CodeIgniter.php(308): CodeIgniter\CodeIgniter->handleRequest(NULL, Object(Config\Cache), false)
#7 /Users/markpearson/Google Drive/Documents/Projects/My Websites/Teacherpedia/4.0 CI teacherpedia 1.1/Teacherpedia/public_html/index.php(45): CodeIgniter\CodeIgniter->run()
#8 {main}
CRITICAL - 2020-07-06 10:28:38 --> Trying to get property 'link' of non-object
#0 /Users/markpearson/Google Drive/Documents/Projects/My Websites/Teacherpedia/4.0 CI teacherpedia 1.1/Teacherpedia/ci4/app/Views/admin/manage_gallery/view.php(24): CodeIgniter\Debug\Exceptions->errorHandler(8, 'Trying to get p...', '/Users/markpear...', 24, Array)
#1 /Users/markpearson/Google Drive/Documents/Projects/My Websites/Teacherpedia/4.0 CI teacherpedia 1.1/Teacherpedia/ci4/system/View/View.php(246): include('/Users/markpear...')
#2 /Users/markpearson/Google Drive/Documents/Projects/My Websites/Teacherpedia/4.0 CI teacherpedia 1.1/Teacherpedia/ci4/system/Common.php(1087): CodeIgniter\View\View->render('/admin/manage_g...', Array, true)
#3 /Users/markpearson/Google Drive/Documents/Projects/My Websites/Teacherpedia/4.0 CI teacherpedia 1.1/Teacherpedia/ci4/app/Controllers/Admin/Manage_gallery.php(43): view('/admin/manage_g...', Array)
#4 /Users/markpearson/Google Drive/Documents/Projects/My Websites/Teacherpedia/4.0 CI teacherpedia 1.1/Teacherpedia/ci4/system/CodeIgniter.php(914): App\Controllers\admin\Manage_Gallery->load('assets', 'css', 'dashboard', 'css', 'js.js')
#5 /Users/markpearson/Google Drive/Documents/Projects/My Websites/Teacherpedia/4.0 CI teacherpedia 1.1/Teacherpedia/ci4/system/CodeIgniter.php(400): CodeIgniter\CodeIgniter->runController(Object(App\Controllers\admin\Manage_Gallery))
#6 /Users/markpearson/Google Drive/Documents/Projects/My Websites/Teacherpedia/4.0 CI teacherpedia 1.1/Teacherpedia/ci4/system/CodeIgniter.php(308): CodeIgniter\CodeIgniter->handleRequest(NULL, Object(Config\Cache), false)
#7 /Users/markpearson/Google Drive/Documents/Projects/My Websites/Teacherpedia/4.0 CI teacherpedia 1.1/Teacherpedia/public_html/index.php(45): CodeIgniter\CodeIgniter->run()
#8 {main}
CRITICAL - 2020-07-06 10:28:38 --> Trying to get property 'link' of non-object
#0 /Users/markpearson/Google Drive/Documents/Projects/My Websites/Teacherpedia/4.0 CI teacherpedia 1.1/Teacherpedia/ci4/app/Views/admin/manage_gallery/view.php(24): CodeIgniter\Debug\Exceptions->errorHandler(8, 'Trying to get p...', '/Users/markpear...', 24, Array)
#1 /Users/markpearson/Google Drive/Documents/Projects/My Websites/Teacherpedia/4.0 CI teacherpedia 1.1/Teacherpedia/ci4/system/View/View.php(246): include('/Users/markpear...')
#2 /Users/markpearson/Google Drive/Documents/Projects/My Websites/Teacherpedia/4.0 CI teacherpedia 1.1/Teacherpedia/ci4/system/Common.php(1087): CodeIgniter\View\View->render('/admin/manage_g...', Array, true)
#3 /Users/markpearson/Google Drive/Documents/Projects/My Websites/Teacherpedia/4.0 CI teacherpedia 1.1/Teacherpedia/ci4/app/Controllers/Admin/Manage_gallery.php(43): view('/admin/manage_g...', Array)
#4 /Users/markpearson/Google Drive/Documents/Projects/My Websites/Teacherpedia/4.0 CI teacherpedia 1.1/Teacherpedia/ci4/system/CodeIgniter.php(914): App\Controllers\admin\Manage_Gallery->load('assets', 'css', 'dashboard', 'css', 'js.js')
#5 /Users/markpearson/Google Drive/Documents/Projects/My Websites/Teacherpedia/4.0 CI teacherpedia 1.1/Teacherpedia/ci4/system/CodeIgniter.php(400): CodeIgniter\CodeIgniter->runController(Object(App\Controllers\admin\Manage_Gallery))
#6 /Users/markpearson/Google Drive/Documents/Projects/My Websites/Teacherpedia/4.0 CI teacherpedia 1.1/Teacherpedia/ci4/system/CodeIgniter.php(308): CodeIgniter\CodeIgniter->handleRequest(NULL, Object(Config\Cache), false)
#7 /Users/markpearson/Google Drive/Documents/Projects/My Websites/Teacherpedia/4.0 CI teacherpedia 1.1/Teacherpedia/public_html/index.php(45): CodeIgniter\CodeIgniter->run()
#8 {main}
CRITICAL - 2020-07-06 10:28:47 --> Trying to get property 'link' of non-object
#0 /Users/markpearson/Google Drive/Documents/Projects/My Websites/Teacherpedia/4.0 CI teacherpedia 1.1/Teacherpedia/ci4/app/Views/admin/manage_gallery/view.php(24): CodeIgniter\Debug\Exceptions->errorHandler(8, 'Trying to get p...', '/Users/markpear...', 24, Array)
#1 /Users/markpearson/Google Drive/Documents/Projects/My Websites/Teacherpedia/4.0 CI teacherpedia 1.1/Teacherpedia/ci4/system/View/View.php(246): include('/Users/markpear...')
#2 /Users/markpearson/Google Drive/Documents/Projects/My Websites/Teacherpedia/4.0 CI teacherpedia 1.1/Teacherpedia/ci4/system/Common.php(1087): CodeIgniter\View\View->render('/admin/manage_g...', Array, true)
#3 /Users/markpearson/Google Drive/Documents/Projects/My Websites/Teacherpedia/4.0 CI teacherpedia 1.1/Teacherpedia/ci4/app/Controllers/Admin/Manage_gallery.php(43): view('/admin/manage_g...', Array)
#4 /Users/markpearson/Google Drive/Documents/Projects/My Websites/Teacherpedia/4.0 CI teacherpedia 1.1/Teacherpedia/ci4/system/CodeIgniter.php(914): App\Controllers\admin\Manage_Gallery->load('assets', 'css', 'dashboard', 'css', 'js.js')
#5 /Users/markpearson/Google Drive/Documents/Projects/My Websites/Teacherpedia/4.0 CI teacherpedia 1.1/Teacherpedia/ci4/system/CodeIgniter.php(400): CodeIgniter\CodeIgniter->runController(Object(App\Controllers\admin\Manage_Gallery))
#6 /Users/markpearson/Google Drive/Documents/Projects/My Websites/Teacherpedia/4.0 CI teacherpedia 1.1/Teacherpedia/ci4/system/CodeIgniter.php(308): CodeIgniter\CodeIgniter->handleRequest(NULL, Object(Config\Cache), false)
#7 /Users/markpearson/Google Drive/Documents/Projects/My Websites/Teacherpedia/4.0 CI teacherpedia 1.1/Teacherpedia/public_html/index.php(45): CodeIgniter\CodeIgniter->run()
#8 {main}
CRITICAL - 2020-07-06 10:28:47 --> Trying to get property 'link' of non-object
#0 /Users/markpearson/Google Drive/Documents/Projects/My Websites/Teacherpedia/4.0 CI teacherpedia 1.1/Teacherpedia/ci4/app/Views/admin/manage_gallery/view.php(24): CodeIgniter\Debug\Exceptions->errorHandler(8, 'Trying to get p...', '/Users/markpear...', 24, Array)
#1 /Users/markpearson/Google Drive/Documents/Projects/My Websites/Teacherpedia/4.0 CI teacherpedia 1.1/Teacherpedia/ci4/system/View/View.php(246): include('/Users/markpear...')
#2 /Users/markpearson/Google Drive/Documents/Projects/My Websites/Teacherpedia/4.0 CI teacherpedia 1.1/Teacherpedia/ci4/system/Common.php(1087): CodeIgniter\View\View->render('/admin/manage_g...', Array, true)
#3 /Users/markpearson/Google Drive/Documents/Projects/My Websites/Teacherpedia/4.0 CI teacherpedia 1.1/Teacherpedia/ci4/app/Controllers/Admin/Manage_gallery.php(43): view('/admin/manage_g...', Array)
#4 /Users/markpearson/Google Drive/Documents/Projects/My Websites/Teacherpedia/4.0 CI teacherpedia 1.1/Teacherpedia/ci4/system/CodeIgniter.php(914): App\Controllers\admin\Manage_Gallery->load('%3Cimg%20src=')
#5 /Users/markpearson/Google Drive/Documents/Projects/My Websites/Teacherpedia/4.0 CI teacherpedia 1.1/Teacherpedia/ci4/system/CodeIgniter.php(400): CodeIgniter\CodeIgniter->runController(Object(App\Controllers\admin\Manage_Gallery))
#6 /Users/markpearson/Google Drive/Documents/Projects/My Websites/Teacherpedia/4.0 CI teacherpedia 1.1/Teacherpedia/ci4/system/CodeIgniter.php(308): CodeIgniter\CodeIgniter->handleRequest(NULL, Object(Config\Cache), false)
#7 /Users/markpearson/Google Drive/Documents/Projects/My Websites/Teacherpedia/4.0 CI teacherpedia 1.1/Teacherpedia/public_html/index.php(45): CodeIgniter\CodeIgniter->run()
#8 {main}
CRITICAL - 2020-07-06 10:28:47 --> Trying to get property 'link' of non-object
#0 /Users/markpearson/Google Drive/Documents/Projects/My Websites/Teacherpedia/4.0 CI teacherpedia 1.1/Teacherpedia/ci4/app/Views/admin/manage_gallery/view.php(24): CodeIgniter\Debug\Exceptions->errorHandler(8, 'Trying to get p...', '/Users/markpear...', 24, Array)
#1 /Users/markpearson/Google Drive/Documents/Projects/My Websites/Teacherpedia/4.0 CI teacherpedia 1.1/Teacherpedia/ci4/system/View/View.php(246): include('/Users/markpear...')
#2 /Users/markpearson/Google Drive/Documents/Projects/My Websites/Teacherpedia/4.0 CI teacherpedia 1.1/Teacherpedia/ci4/system/Common.php(1087): CodeIgniter\View\View->render('/admin/manage_g...', Array, true)
#3 /Users/markpearson/Google Drive/Documents/Projects/My Websites/Teacherpedia/4.0 CI teacherpedia 1.1/Teacherpedia/ci4/app/Controllers/Admin/Manage_gallery.php(43): view('/admin/manage_g...', Array)
#4 /Users/markpearson/Google Drive/Documents/Projects/My Websites/Teacherpedia/4.0 CI teacherpedia 1.1/Teacherpedia/ci4/system/CodeIgniter.php(914): App\Controllers\admin\Manage_Gallery->load('assets', 'css', 'dashboard', 'css', 'js.js')
#5 /Users/markpearson/Google Drive/Documents/Projects/My Websites/Teacherpedia/4.0 CI teacherpedia 1.1/Teacherpedia/ci4/system/CodeIgniter.php(400): CodeIgniter\CodeIgniter->runController(Object(App\Controllers\admin\Manage_Gallery))
#6 /Users/markpearson/Google Drive/Documents/Projects/My Websites/Teacherpedia/4.0 CI teacherpedia 1.1/Teacherpedia/ci4/system/CodeIgniter.php(308): CodeIgniter\CodeIgniter->handleRequest(NULL, Object(Config\Cache), false)
#7 /Users/markpearson/Google Drive/Documents/Projects/My Websites/Teacherpedia/4.0 CI teacherpedia 1.1/Teacherpedia/public_html/index.php(45): CodeIgniter\CodeIgniter->run()
#8 {main}
CRITICAL - 2020-07-06 10:32:55 --> Trying to get property 'link' of non-object
#0 /Users/markpearson/Google Drive/Documents/Projects/My Websites/Teacherpedia/4.0 CI teacherpedia 1.1/Teacherpedia/ci4/app/Views/admin/manage_gallery/view.php(24): CodeIgniter\Debug\Exceptions->errorHandler(8, 'Trying to get p...', '/Users/markpear...', 24, Array)
#1 /Users/markpearson/Google Drive/Documents/Projects/My Websites/Teacherpedia/4.0 CI teacherpedia 1.1/Teacherpedia/ci4/system/View/View.php(246): include('/Users/markpear...')
#2 /Users/markpearson/Google Drive/Documents/Projects/My Websites/Teacherpedia/4.0 CI teacherpedia 1.1/Teacherpedia/ci4/system/Common.php(1087): CodeIgniter\View\View->render('/admin/manage_g...', Array, true)
#3 /Users/markpearson/Google Drive/Documents/Projects/My Websites/Teacherpedia/4.0 CI teacherpedia 1.1/Teacherpedia/ci4/app/Controllers/Admin/Manage_gallery.php(43): view('/admin/manage_g...', Array)
#4 /Users/markpearson/Google Drive/Documents/Projects/My Websites/Teacherpedia/4.0 CI teacherpedia 1.1/Teacherpedia/ci4/system/CodeIgniter.php(914): App\Controllers\admin\Manage_Gallery->load('assets', 'css', 'dashboard', 'css', 'js.js')
#5 /Users/markpearson/Google Drive/Documents/Projects/My Websites/Teacherpedia/4.0 CI teacherpedia 1.1/Teacherpedia/ci4/system/CodeIgniter.php(400): CodeIgniter\CodeIgniter->runController(Object(App\Controllers\admin\Manage_Gallery))
#6 /Users/markpearson/Google Drive/Documents/Projects/My Websites/Teacherpedia/4.0 CI teacherpedia 1.1/Teacherpedia/ci4/system/CodeIgniter.php(308): CodeIgniter\CodeIgniter->handleRequest(NULL, Object(Config\Cache), false)
#7 /Users/markpearson/Google Drive/Documents/Projects/My Websites/Teacherpedia/4.0 CI teacherpedia 1.1/Teacherpedia/public_html/index.php(45): CodeIgniter\CodeIgniter->run()
#8 {main}
CRITICAL - 2020-07-06 10:37:33 --> Trying to get property 'link' of non-object
#0 /Users/markpearson/Google Drive/Documents/Projects/My Websites/Teacherpedia/4.0 CI teacherpedia 1.1/Teacherpedia/ci4/app/Views/admin/manage_gallery/view.php(24): CodeIgniter\Debug\Exceptions->errorHandler(8, 'Trying to get p...', '/Users/markpear...', 24, Array)
#1 /Users/markpearson/Google Drive/Documents/Projects/My Websites/Teacherpedia/4.0 CI teacherpedia 1.1/Teacherpedia/ci4/system/View/View.php(246): include('/Users/markpear...')
#2 /Users/markpearson/Google Drive/Documents/Projects/My Websites/Teacherpedia/4.0 CI teacherpedia 1.1/Teacherpedia/ci4/system/Common.php(1087): CodeIgniter\View\View->render('/admin/manage_g...', Array, true)
#3 /Users/markpearson/Google Drive/Documents/Projects/My Websites/Teacherpedia/4.0 CI teacherpedia 1.1/Teacherpedia/ci4/app/Controllers/Admin/Manage_gallery.php(43): view('/admin/manage_g...', Array)
#4 /Users/markpearson/Google Drive/Documents/Projects/My Websites/Teacherpedia/4.0 CI teacherpedia 1.1/Teacherpedia/ci4/system/CodeIgniter.php(914): App\Controllers\admin\Manage_Gallery->load('assets', 'css', 'dashboard', 'css', 'js.js')
#5 /Users/markpearson/Google Drive/Documents/Projects/My Websites/Teacherpedia/4.0 CI teacherpedia 1.1/Teacherpedia/ci4/system/CodeIgniter.php(400): CodeIgniter\CodeIgniter->runController(Object(App\Controllers\admin\Manage_Gallery))
#6 /Users/markpearson/Google Drive/Documents/Projects/My Websites/Teacherpedia/4.0 CI teacherpedia 1.1/Teacherpedia/ci4/system/CodeIgniter.php(308): CodeIgniter\CodeIgniter->handleRequest(NULL, Object(Config\Cache), false)
#7 /Users/markpearson/Google Drive/Documents/Projects/My Websites/Teacherpedia/4.0 CI teacherpedia 1.1/Teacherpedia/public_html/index.php(45): CodeIgniter\CodeIgniter->run()
#8 {main}
CRITICAL - 2020-07-06 10:41:15 --> Trying to get property 'file_name' of non-object
#0 /Users/markpearson/Google Drive/Documents/Projects/My Websites/Teacherpedia/4.0 CI teacherpedia 1.1/Teacherpedia/ci4/app/Models/Image.php(128): CodeIgniter\Debug\Exceptions->errorHandler(8, 'Trying to get p...', '/Users/markpear...', 128, Array)
#1 /Users/markpearson/Google Drive/Documents/Projects/My Websites/Teacherpedia/4.0 CI teacherpedia 1.1/Teacherpedia/ci4/app/Controllers/Admin/Manage_gallery.php(234): App\Models\Image->image_delete('assets')
#2 /Users/markpearson/Google Drive/Documents/Projects/My Websites/Teacherpedia/4.0 CI teacherpedia 1.1/Teacherpedia/ci4/system/CodeIgniter.php(914): App\Controllers\admin\Manage_Gallery->image_delete('assets', 'css', 'dashboard', 'css', 'js.js')
#3 /Users/markpearson/Google Drive/Documents/Projects/My Websites/Teacherpedia/4.0 CI teacherpedia 1.1/Teacherpedia/ci4/system/CodeIgniter.php(400): CodeIgniter\CodeIgniter->runController(Object(App\Controllers\admin\Manage_Gallery))
#4 /Users/markpearson/Google Drive/Documents/Projects/My Websites/Teacherpedia/4.0 CI teacherpedia 1.1/Teacherpedia/ci4/system/CodeIgniter.php(308): CodeIgniter\CodeIgniter->handleRequest(NULL, Object(Config\Cache), false)
#5 /Users/markpearson/Google Drive/Documents/Projects/My Websites/Teacherpedia/4.0 CI teacherpedia 1.1/Teacherpedia/public_html/index.php(45): CodeIgniter\CodeIgniter->run()
#6 {main}
CRITICAL - 2020-07-06 10:41:15 --> Trying to get property 'file_name' of non-object
#0 /Users/markpearson/Google Drive/Documents/Projects/My Websites/Teacherpedia/4.0 CI teacherpedia 1.1/Teacherpedia/ci4/app/Models/Image.php(128): CodeIgniter\Debug\Exceptions->errorHandler(8, 'Trying to get p...', '/Users/markpear...', 128, Array)
#1 /Users/markpearson/Google Drive/Documents/Projects/My Websites/Teacherpedia/4.0 CI teacherpedia 1.1/Teacherpedia/ci4/app/Controllers/Admin/Manage_gallery.php(234): App\Models\Image->image_delete('%3Cimg%20src=')
#2 /Users/markpearson/Google Drive/Documents/Projects/My Websites/Teacherpedia/4.0 CI teacherpedia 1.1/Teacherpedia/ci4/system/CodeIgniter.php(914): App\Controllers\admin\Manage_Gallery->image_delete('%3Cimg%20src=')
#3 /Users/markpearson/Google Drive/Documents/Projects/My Websites/Teacherpedia/4.0 CI teacherpedia 1.1/Teacherpedia/ci4/system/CodeIgniter.php(400): CodeIgniter\CodeIgniter->runController(Object(App\Controllers\admin\Manage_Gallery))
#4 /Users/markpearson/Google Drive/Documents/Projects/My Websites/Teacherpedia/4.0 CI teacherpedia 1.1/Teacherpedia/ci4/system/CodeIgniter.php(308): CodeIgniter\CodeIgniter->handleRequest(NULL, Object(Config\Cache), false)
#5 /Users/markpearson/Google Drive/Documents/Projects/My Websites/Teacherpedia/4.0 CI teacherpedia 1.1/Teacherpedia/public_html/index.php(45): CodeIgniter\CodeIgniter->run()
#6 {main}
CRITICAL - 2020-07-06 10:41:15 --> Trying to get property 'file_name' of non-object
#0 /Users/markpearson/Google Drive/Documents/Projects/My Websites/Teacherpedia/4.0 CI teacherpedia 1.1/Teacherpedia/ci4/app/Models/Image.php(128): CodeIgniter\Debug\Exceptions->errorHandler(8, 'Trying to get p...', '/Users/markpear...', 128, Array)
#1 /Users/markpearson/Google Drive/Documents/Projects/My Websites/Teacherpedia/4.0 CI teacherpedia 1.1/Teacherpedia/ci4/app/Controllers/Admin/Manage_gallery.php(234): App\Models\Image->image_delete('assets')
#2 /Users/markpearson/Google Drive/Documents/Projects/My Websites/Teacherpedia/4.0 CI teacherpedia 1.1/Teacherpedia/ci4/system/CodeIgniter.php(914): App\Controllers\admin\Manage_Gallery->image_delete('assets', 'css', 'dashboard', 'css', 'js.js')
#3 /Users/markpearson/Google Drive/Documents/Projects/My Websites/Teacherpedia/4.0 CI teacherpedia 1.1/Teacherpedia/ci4/system/CodeIgniter.php(400): CodeIgniter\CodeIgniter->runController(Object(App\Controllers\admin\Manage_Gallery))
#4 /Users/markpearson/Google Drive/Documents/Projects/My Websites/Teacherpedia/4.0 CI teacherpedia 1.1/Teacherpedia/ci4/system/CodeIgniter.php(308): CodeIgniter\CodeIgniter->handleRequest(NULL, Object(Config\Cache), false)
#5 /Users/markpearson/Google Drive/Documents/Projects/My Websites/Teacherpedia/4.0 CI teacherpedia 1.1/Teacherpedia/public_html/index.php(45): CodeIgniter\CodeIgniter->run()
#6 {main}
CRITICAL - 2020-07-06 10:41:15 --> Trying to get property 'file_name' of non-object
#0 /Users/markpearson/Google Drive/Documents/Projects/My Websites/Teacherpedia/4.0 CI teacherpedia 1.1/Teacherpedia/ci4/app/Models/Image.php(128): CodeIgniter\Debug\Exceptions->errorHandler(8, 'Trying to get p...', '/Users/markpear...', 128, Array)
#1 /Users/markpearson/Google Drive/Documents/Projects/My Websites/Teacherpedia/4.0 CI teacherpedia 1.1/Teacherpedia/ci4/app/Controllers/Admin/Manage_gallery.php(234): App\Models\Image->image_delete('%3Cimg%20src=')
#2 /Users/markpearson/Google Drive/Documents/Projects/My Websites/Teacherpedia/4.0 CI teacherpedia 1.1/Teacherpedia/ci4/system/CodeIgniter.php(914): App\Controllers\admin\Manage_Gallery->image_delete('%3Cimg%20src=')
#3 /Users/markpearson/Google Drive/Documents/Projects/My Websites/Teacherpedia/4.0 CI teacherpedia 1.1/Teacherpedia/ci4/system/CodeIgniter.php(400): CodeIgniter\CodeIgniter->runController(Object(App\Controllers\admin\Manage_Gallery))
#4 /Users/markpearson/Google Drive/Documents/Projects/My Websites/Teacherpedia/4.0 CI teacherpedia 1.1/Teacherpedia/ci4/system/CodeIgniter.php(308): CodeIgniter\CodeIgniter->handleRequest(NULL, Object(Config\Cache), false)
#5 /Users/markpearson/Google Drive/Documents/Projects/My Websites/Teacherpedia/4.0 CI teacherpedia 1.1/Teacherpedia/public_html/index.php(45): CodeIgniter\CodeIgniter->run()
#6 {main}
CRITICAL - 2020-07-06 10:41:15 --> Trying to get property 'file_name' of non-object
#0 /Users/markpearson/Google Drive/Documents/Projects/My Websites/Teacherpedia/4.0 CI teacherpedia 1.1/Teacherpedia/ci4/app/Models/Image.php(128): CodeIgniter\Debug\Exceptions->errorHandler(8, 'Trying to get p...', '/Users/markpear...', 128, Array)
#1 /Users/markpearson/Google Drive/Documents/Projects/My Websites/Teacherpedia/4.0 CI teacherpedia 1.1/Teacherpedia/ci4/app/Controllers/Admin/Manage_gallery.php(234): App\Models\Image->image_delete('19')
#2 /Users/markpearson/Google Drive/Documents/Projects/My Websites/Teacherpedia/4.0 CI teacherpedia 1.1/Teacherpedia/ci4/system/CodeIgniter.php(914): App\Controllers\admin\Manage_Gallery->image_delete('19')
#3 /Users/markpearson/Google Drive/Documents/Projects/My Websites/Teacherpedia/4.0 CI teacherpedia 1.1/Teacherpedia/ci4/system/CodeIgniter.php(400): CodeIgniter\CodeIgniter->runController(Object(App\Controllers\admin\Manage_Gallery))
#4 /Users/markpearson/Google Drive/Documents/Projects/My Websites/Teacherpedia/4.0 CI teacherpedia 1.1/Teacherpedia/ci4/system/CodeIgniter.php(308): CodeIgniter\CodeIgniter->handleRequest(NULL, Object(Config\Cache), false)
#5 /Users/markpearson/Google Drive/Documents/Projects/My Websites/Teacherpedia/4.0 CI teacherpedia 1.1/Teacherpedia/public_html/index.php(45): CodeIgniter\CodeIgniter->run()
#6 {main}
CRITICAL - 2020-07-06 10:41:28 --> Trying to get property 'file_name' of non-object
#0 /Users/markpearson/Google Drive/Documents/Projects/My Websites/Teacherpedia/4.0 CI teacherpedia 1.1/Teacherpedia/ci4/app/Models/Image.php(128): CodeIgniter\Debug\Exceptions->errorHandler(8, 'Trying to get p...', '/Users/markpear...', 128, Array)
#1 /Users/markpearson/Google Drive/Documents/Projects/My Websites/Teacherpedia/4.0 CI teacherpedia 1.1/Teacherpedia/ci4/app/Controllers/Admin/Manage_gallery.php(234): App\Models\Image->image_delete('assets')
#2 /Users/markpearson/Google Drive/Documents/Projects/My Websites/Teacherpedia/4.0 CI teacherpedia 1.1/Teacherpedia/ci4/system/CodeIgniter.php(914): App\Controllers\admin\Manage_Gallery->image_delete('assets', 'css', 'dashboard', 'css', 'js.js')
#3 /Users/markpearson/Google Drive/Documents/Projects/My Websites/Teacherpedia/4.0 CI teacherpedia 1.1/Teacherpedia/ci4/system/CodeIgniter.php(400): CodeIgniter\CodeIgniter->runController(Object(App\Controllers\admin\Manage_Gallery))
#4 /Users/markpearson/Google Drive/Documents/Projects/My Websites/Teacherpedia/4.0 CI teacherpedia 1.1/Teacherpedia/ci4/system/CodeIgniter.php(308): CodeIgniter\CodeIgniter->handleRequest(NULL, Object(Config\Cache), false)
#5 /Users/markpearson/Google Drive/Documents/Projects/My Websites/Teacherpedia/4.0 CI teacherpedia 1.1/Teacherpedia/public_html/index.php(45): CodeIgniter\CodeIgniter->run()
#6 {main}
CRITICAL - 2020-07-06 10:41:28 --> Trying to get property 'file_name' of non-object
#0 /Users/markpearson/Google Drive/Documents/Projects/My Websites/Teacherpedia/4.0 CI teacherpedia 1.1/Teacherpedia/ci4/app/Models/Image.php(128): CodeIgniter\Debug\Exceptions->errorHandler(8, 'Trying to get p...', '/Users/markpear...', 128, Array)
#1 /Users/markpearson/Google Drive/Documents/Projects/My Websites/Teacherpedia/4.0 CI teacherpedia 1.1/Teacherpedia/ci4/app/Controllers/Admin/Manage_gallery.php(234): App\Models\Image->image_delete('%3Cimg%20src=')
#2 /Users/markpearson/Google Drive/Documents/Projects/My Websites/Teacherpedia/4.0 CI teacherpedia 1.1/Teacherpedia/ci4/system/CodeIgniter.php(914): App\Controllers\admin\Manage_Gallery->image_delete('%3Cimg%20src=')
#3 /Users/markpearson/Google Drive/Documents/Projects/My Websites/Teacherpedia/4.0 CI teacherpedia 1.1/Teacherpedia/ci4/system/CodeIgniter.php(400): CodeIgniter\CodeIgniter->runController(Object(App\Controllers\admin\Manage_Gallery))
#4 /Users/markpearson/Google Drive/Documents/Projects/My Websites/Teacherpedia/4.0 CI teacherpedia 1.1/Teacherpedia/ci4/system/CodeIgniter.php(308): CodeIgniter\CodeIgniter->handleRequest(NULL, Object(Config\Cache), false)
#5 /Users/markpearson/Google Drive/Documents/Projects/My Websites/Teacherpedia/4.0 CI teacherpedia 1.1/Teacherpedia/public_html/index.php(45): CodeIgniter\CodeIgniter->run()
#6 {main}
CRITICAL - 2020-07-06 10:41:28 --> Trying to get property 'file_name' of non-object
#0 /Users/markpearson/Google Drive/Documents/Projects/My Websites/Teacherpedia/4.0 CI teacherpedia 1.1/Teacherpedia/ci4/app/Models/Image.php(128): CodeIgniter\Debug\Exceptions->errorHandler(8, 'Trying to get p...', '/Users/markpear...', 128, Array)
#1 /Users/markpearson/Google Drive/Documents/Projects/My Websites/Teacherpedia/4.0 CI teacherpedia 1.1/Teacherpedia/ci4/app/Controllers/Admin/Manage_gallery.php(234): App\Models\Image->image_delete('assets')
#2 /Users/markpearson/Google Drive/Documents/Projects/My Websites/Teacherpedia/4.0 CI teacherpedia 1.1/Teacherpedia/ci4/system/CodeIgniter.php(914): App\Controllers\admin\Manage_Gallery->image_delete('assets', 'css', 'dashboard', 'css', 'js.js')
#3 /Users/markpearson/Google Drive/Documents/Projects/My Websites/Teacherpedia/4.0 CI teacherpedia 1.1/Teacherpedia/ci4/system/CodeIgniter.php(400): CodeIgniter\CodeIgniter->runController(Object(App\Controllers\admin\Manage_Gallery))
#4 /Users/markpearson/Google Drive/Documents/Projects/My Websites/Teacherpedia/4.0 CI teacherpedia 1.1/Teacherpedia/ci4/system/CodeIgniter.php(308): CodeIgniter\CodeIgniter->handleRequest(NULL, Object(Config\Cache), false)
#5 /Users/markpearson/Google Drive/Documents/Projects/My Websites/Teacherpedia/4.0 CI teacherpedia 1.1/Teacherpedia/public_html/index.php(45): CodeIgniter\CodeIgniter->run()
#6 {main}
CRITICAL - 2020-07-06 10:41:28 --> Trying to get property 'file_name' of non-object
#0 /Users/markpearson/Google Drive/Documents/Projects/My Websites/Teacherpedia/4.0 CI teacherpedia 1.1/Teacherpedia/ci4/app/Models/Image.php(128): CodeIgniter\Debug\Exceptions->errorHandler(8, 'Trying to get p...', '/Users/markpear...', 128, Array)
#1 /Users/markpearson/Google Drive/Documents/Projects/My Websites/Teacherpedia/4.0 CI teacherpedia 1.1/Teacherpedia/ci4/app/Controllers/Admin/Manage_gallery.php(234): App\Models\Image->image_delete('%3Cimg%20src=')
#2 /Users/markpearson/Google Drive/Documents/Projects/My Websites/Teacherpedia/4.0 CI teacherpedia 1.1/Teacherpedia/ci4/system/CodeIgniter.php(914): App\Controllers\admin\Manage_Gallery->image_delete('%3Cimg%20src=')
#3 /Users/markpearson/Google Drive/Documents/Projects/My Websites/Teacherpedia/4.0 CI teacherpedia 1.1/Teacherpedia/ci4/system/CodeIgniter.php(400): CodeIgniter\CodeIgniter->runController(Object(App\Controllers\admin\Manage_Gallery))
#4 /Users/markpearson/Google Drive/Documents/Projects/My Websites/Teacherpedia/4.0 CI teacherpedia 1.1/Teacherpedia/ci4/system/CodeIgniter.php(308): CodeIgniter\CodeIgniter->handleRequest(NULL, Object(Config\Cache), false)
#5 /Users/markpearson/Google Drive/Documents/Projects/My Websites/Teacherpedia/4.0 CI teacherpedia 1.1/Teacherpedia/public_html/index.php(45): CodeIgniter\CodeIgniter->run()
#6 {main}
CRITICAL - 2020-07-06 10:41:29 --> Trying to get property 'file_name' of non-object
#0 /Users/markpearson/Google Drive/Documents/Projects/My Websites/Teacherpedia/4.0 CI teacherpedia 1.1/Teacherpedia/ci4/app/Models/Image.php(128): CodeIgniter\Debug\Exceptions->errorHandler(8, 'Trying to get p...', '/Users/markpear...', 128, Array)
#1 /Users/markpearson/Google Drive/Documents/Projects/My Websites/Teacherpedia/4.0 CI teacherpedia 1.1/Teacherpedia/ci4/app/Controllers/Admin/Manage_gallery.php(234): App\Models\Image->image_delete('20')
#2 /Users/markpearson/Google Drive/Documents/Projects/My Websites/Teacherpedia/4.0 CI teacherpedia 1.1/Teacherpedia/ci4/system/CodeIgniter.php(914): App\Controllers\admin\Manage_Gallery->image_delete('20')
#3 /Users/markpearson/Google Drive/Documents/Projects/My Websites/Teacherpedia/4.0 CI teacherpedia 1.1/Teacherpedia/ci4/system/CodeIgniter.php(400): CodeIgniter\CodeIgniter->runController(Object(App\Controllers\admin\Manage_Gallery))
#4 /Users/markpearson/Google Drive/Documents/Projects/My Websites/Teacherpedia/4.0 CI teacherpedia 1.1/Teacherpedia/ci4/system/CodeIgniter.php(308): CodeIgniter\CodeIgniter->handleRequest(NULL, Object(Config\Cache), false)
#5 /Users/markpearson/Google Drive/Documents/Projects/My Websites/Teacherpedia/4.0 CI teacherpedia 1.1/Teacherpedia/public_html/index.php(45): CodeIgniter\CodeIgniter->run()
#6 {main}
CRITICAL - 2020-07-06 10:41:36 --> Trying to get property 'file_name' of non-object
#0 /Users/markpearson/Google Drive/Documents/Projects/My Websites/Teacherpedia/4.0 CI teacherpedia 1.1/Teacherpedia/ci4/app/Models/Image.php(128): CodeIgniter\Debug\Exceptions->errorHandler(8, 'Trying to get p...', '/Users/markpear...', 128, Array)
#1 /Users/markpearson/Google Drive/Documents/Projects/My Websites/Teacherpedia/4.0 CI teacherpedia 1.1/Teacherpedia/ci4/app/Controllers/Admin/Manage_gallery.php(234): App\Models\Image->image_delete('assets')
#2 /Users/markpearson/Google Drive/Documents/Projects/My Websites/Teacherpedia/4.0 CI teacherpedia 1.1/Teacherpedia/ci4/system/CodeIgniter.php(914): App\Controllers\admin\Manage_Gallery->image_delete('assets', 'css', 'dashboard', 'css', 'js.js')
#3 /Users/markpearson/Google Drive/Documents/Projects/My Websites/Teacherpedia/4.0 CI teacherpedia 1.1/Teacherpedia/ci4/system/CodeIgniter.php(400): CodeIgniter\CodeIgniter->runController(Object(App\Controllers\admin\Manage_Gallery))
#4 /Users/markpearson/Google Drive/Documents/Projects/My Websites/Teacherpedia/4.0 CI teacherpedia 1.1/Teacherpedia/ci4/system/CodeIgniter.php(308): CodeIgniter\CodeIgniter->handleRequest(NULL, Object(Config\Cache), false)
#5 /Users/markpearson/Google Drive/Documents/Projects/My Websites/Teacherpedia/4.0 CI teacherpedia 1.1/Teacherpedia/public_html/index.php(45): CodeIgniter\CodeIgniter->run()
#6 {main}
CRITICAL - 2020-07-06 10:41:37 --> Trying to get property 'file_name' of non-object
#0 /Users/markpearson/Google Drive/Documents/Projects/My Websites/Teacherpedia/4.0 CI teacherpedia 1.1/Teacherpedia/ci4/app/Models/Image.php(128): CodeIgniter\Debug\Exceptions->errorHandler(8, 'Trying to get p...', '/Users/markpear...', 128, Array)
#1 /Users/markpearson/Google Drive/Documents/Projects/My Websites/Teacherpedia/4.0 CI teacherpedia 1.1/Teacherpedia/ci4/app/Controllers/Admin/Manage_gallery.php(234): App\Models\Image->image_delete('%3Cimg%20src=')
#2 /Users/markpearson/Google Drive/Documents/Projects/My Websites/Teacherpedia/4.0 CI teacherpedia 1.1/Teacherpedia/ci4/system/CodeIgniter.php(914): App\Controllers\admin\Manage_Gallery->image_delete('%3Cimg%20src=')
#3 /Users/markpearson/Google Drive/Documents/Projects/My Websites/Teacherpedia/4.0 CI teacherpedia 1.1/Teacherpedia/ci4/system/CodeIgniter.php(400): CodeIgniter\CodeIgniter->runController(Object(App\Controllers\admin\Manage_Gallery))
#4 /Users/markpearson/Google Drive/Documents/Projects/My Websites/Teacherpedia/4.0 CI teacherpedia 1.1/Teacherpedia/ci4/system/CodeIgniter.php(308): CodeIgniter\CodeIgniter->handleRequest(NULL, Object(Config\Cache), false)
#5 /Users/markpearson/Google Drive/Documents/Projects/My Websites/Teacherpedia/4.0 CI teacherpedia 1.1/Teacherpedia/public_html/index.php(45): CodeIgniter\CodeIgniter->run()
#6 {main}
CRITICAL - 2020-07-06 10:41:37 --> Trying to get property 'file_name' of non-object
#0 /Users/markpearson/Google Drive/Documents/Projects/My Websites/Teacherpedia/4.0 CI teacherpedia 1.1/Teacherpedia/ci4/app/Models/Image.php(128): CodeIgniter\Debug\Exceptions->errorHandler(8, 'Trying to get p...', '/Users/markpear...', 128, Array)
#1 /Users/markpearson/Google Drive/Documents/Projects/My Websites/Teacherpedia/4.0 CI teacherpedia 1.1/Teacherpedia/ci4/app/Controllers/Admin/Manage_gallery.php(234): App\Models\Image->image_delete('21')
#2 /Users/markpearson/Google Drive/Documents/Projects/My Websites/Teacherpedia/4.0 CI teacherpedia 1.1/Teacherpedia/ci4/system/CodeIgniter.php(914): App\Controllers\admin\Manage_Gallery->image_delete('21')
#3 /Users/markpearson/Google Drive/Documents/Projects/My Websites/Teacherpedia/4.0 CI teacherpedia 1.1/Teacherpedia/ci4/system/CodeIgniter.php(400): CodeIgniter\CodeIgniter->runController(Object(App\Controllers\admin\Manage_Gallery))
#4 /Users/markpearson/Google Drive/Documents/Projects/My Websites/Teacherpedia/4.0 CI teacherpedia 1.1/Teacherpedia/ci4/system/CodeIgniter.php(308): CodeIgniter\CodeIgniter->handleRequest(NULL, Object(Config\Cache), false)
#5 /Users/markpearson/Google Drive/Documents/Projects/My Websites/Teacherpedia/4.0 CI teacherpedia 1.1/Teacherpedia/public_html/index.php(45): CodeIgniter\CodeIgniter->run()
#6 {main}
CRITICAL - 2020-07-06 10:41:46 --> Trying to get property 'file_name' of non-object
#0 /Users/markpearson/Google Drive/Documents/Projects/My Websites/Teacherpedia/4.0 CI teacherpedia 1.1/Teacherpedia/ci4/app/Models/Image.php(128): CodeIgniter\Debug\Exceptions->errorHandler(8, 'Trying to get p...', '/Users/markpear...', 128, Array)
#1 /Users/markpearson/Google Drive/Documents/Projects/My Websites/Teacherpedia/4.0 CI teacherpedia 1.1/Teacherpedia/ci4/app/Controllers/Admin/Manage_gallery.php(234): App\Models\Image->image_delete('assets')
#2 /Users/markpearson/Google Drive/Documents/Projects/My Websites/Teacherpedia/4.0 CI teacherpedia 1.1/Teacherpedia/ci4/system/CodeIgniter.php(914): App\Controllers\admin\Manage_Gallery->image_delete('assets', 'css', 'dashboard', 'css', 'js.js')
#3 /Users/markpearson/Google Drive/Documents/Projects/My Websites/Teacherpedia/4.0 CI teacherpedia 1.1/Teacherpedia/ci4/system/CodeIgniter.php(400): CodeIgniter\CodeIgniter->runController(Object(App\Controllers\admin\Manage_Gallery))
#4 /Users/markpearson/Google Drive/Documents/Projects/My Websites/Teacherpedia/4.0 CI teacherpedia 1.1/Teacherpedia/ci4/system/CodeIgniter.php(308): CodeIgniter\CodeIgniter->handleRequest(NULL, Object(Config\Cache), false)
#5 /Users/markpearson/Google Drive/Documents/Projects/My Websites/Teacherpedia/4.0 CI teacherpedia 1.1/Teacherpedia/public_html/index.php(45): CodeIgniter\CodeIgniter->run()
#6 {main}
CRITICAL - 2020-07-06 10:41:46 --> Trying to get property 'file_name' of non-object
#0 /Users/markpearson/Google Drive/Documents/Projects/My Websites/Teacherpedia/4.0 CI teacherpedia 1.1/Teacherpedia/ci4/app/Models/Image.php(128): CodeIgniter\Debug\Exceptions->errorHandler(8, 'Trying to get p...', '/Users/markpear...', 128, Array)
#1 /Users/markpearson/Google Drive/Documents/Projects/My Websites/Teacherpedia/4.0 CI teacherpedia 1.1/Teacherpedia/ci4/app/Controllers/Admin/Manage_gallery.php(234): App\Models\Image->image_delete('%3Cimg%20src=')
#2 /Users/markpearson/Google Drive/Documents/Projects/My Websites/Teacherpedia/4.0 CI teacherpedia 1.1/Teacherpedia/ci4/system/CodeIgniter.php(914): App\Controllers\admin\Manage_Gallery->image_delete('%3Cimg%20src=')
#3 /Users/markpearson/Google Drive/Documents/Projects/My Websites/Teacherpedia/4.0 CI teacherpedia 1.1/Teacherpedia/ci4/system/CodeIgniter.php(400): CodeIgniter\CodeIgniter->runController(Object(App\Controllers\admin\Manage_Gallery))
#4 /Users/markpearson/Google Drive/Documents/Projects/My Websites/Teacherpedia/4.0 CI teacherpedia 1.1/Teacherpedia/ci4/system/CodeIgniter.php(308): CodeIgniter\CodeIgniter->handleRequest(NULL, Object(Config\Cache), false)
#5 /Users/markpearson/Google Drive/Documents/Projects/My Websites/Teacherpedia/4.0 CI teacherpedia 1.1/Teacherpedia/public_html/index.php(45): CodeIgniter\CodeIgniter->run()
#6 {main}
CRITICAL - 2020-07-06 10:41:46 --> Trying to get property 'file_name' of non-object
#0 /Users/markpearson/Google Drive/Documents/Projects/My Websites/Teacherpedia/4.0 CI teacherpedia 1.1/Teacherpedia/ci4/app/Models/Image.php(128): CodeIgniter\Debug\Exceptions->errorHandler(8, 'Trying to get p...', '/Users/markpear...', 128, Array)
#1 /Users/markpearson/Google Drive/Documents/Projects/My Websites/Teacherpedia/4.0 CI teacherpedia 1.1/Teacherpedia/ci4/app/Controllers/Admin/Manage_gallery.php(234): App\Models\Image->image_delete('assets')
#2 /Users/markpearson/Google Drive/Documents/Projects/My Websites/Teacherpedia/4.0 CI teacherpedia 1.1/Teacherpedia/ci4/system/CodeIgniter.php(914): App\Controllers\admin\Manage_Gallery->image_delete('assets', 'css', 'dashboard', 'css', 'js.js')
#3 /Users/markpearson/Google Drive/Documents/Projects/My Websites/Teacherpedia/4.0 CI teacherpedia 1.1/Teacherpedia/ci4/system/CodeIgniter.php(400): CodeIgniter\CodeIgniter->runController(Object(App\Controllers\admin\Manage_Gallery))
#4 /Users/markpearson/Google Drive/Documents/Projects/My Websites/Teacherpedia/4.0 CI teacherpedia 1.1/Teacherpedia/ci4/system/CodeIgniter.php(308): CodeIgniter\CodeIgniter->handleRequest(NULL, Object(Config\Cache), false)
#5 /Users/markpearson/Google Drive/Documents/Projects/My Websites/Teacherpedia/4.0 CI teacherpedia 1.1/Teacherpedia/public_html/index.php(45): CodeIgniter\CodeIgniter->run()
#6 {main}
CRITICAL - 2020-07-06 10:41:46 --> Trying to get property 'file_name' of non-object
#0 /Users/markpearson/Google Drive/Documents/Projects/My Websites/Teacherpedia/4.0 CI teacherpedia 1.1/Teacherpedia/ci4/app/Models/Image.php(128): CodeIgniter\Debug\Exceptions->errorHandler(8, 'Trying to get p...', '/Users/markpear...', 128, Array)
#1 /Users/markpearson/Google Drive/Documents/Projects/My Websites/Teacherpedia/4.0 CI teacherpedia 1.1/Teacherpedia/ci4/app/Controllers/Admin/Manage_gallery.php(234): App\Models\Image->image_delete('%3Cimg%20src=')
#2 /Users/markpearson/Google Drive/Documents/Projects/My Websites/Teacherpedia/4.0 CI teacherpedia 1.1/Teacherpedia/ci4/system/CodeIgniter.php(914): App\Controllers\admin\Manage_Gallery->image_delete('%3Cimg%20src=')
#3 /Users/markpearson/Google Drive/Documents/Projects/My Websites/Teacherpedia/4.0 CI teacherpedia 1.1/Teacherpedia/ci4/system/CodeIgniter.php(400): CodeIgniter\CodeIgniter->runController(Object(App\Controllers\admin\Manage_Gallery))
#4 /Users/markpearson/Google Drive/Documents/Projects/My Websites/Teacherpedia/4.0 CI teacherpedia 1.1/Teacherpedia/ci4/system/CodeIgniter.php(308): CodeIgniter\CodeIgniter->handleRequest(NULL, Object(Config\Cache), false)
#5 /Users/markpearson/Google Drive/Documents/Projects/My Websites/Teacherpedia/4.0 CI teacherpedia 1.1/Teacherpedia/public_html/index.php(45): CodeIgniter\CodeIgniter->run()
#6 {main}
CRITICAL - 2020-07-06 10:41:47 --> Trying to get property 'file_name' of non-object
#0 /Users/markpearson/Google Drive/Documents/Projects/My Websites/Teacherpedia/4.0 CI teacherpedia 1.1/Teacherpedia/ci4/app/Models/Image.php(128): CodeIgniter\Debug\Exceptions->errorHandler(8, 'Trying to get p...', '/Users/markpear...', 128, Array)
#1 /Users/markpearson/Google Drive/Documents/Projects/My Websites/Teacherpedia/4.0 CI teacherpedia 1.1/Teacherpedia/ci4/app/Controllers/Admin/Manage_gallery.php(234): App\Models\Image->image_delete('13')
#2 /Users/markpearson/Google Drive/Documents/Projects/My Websites/Teacherpedia/4.0 CI teacherpedia 1.1/Teacherpedia/ci4/system/CodeIgniter.php(914): App\Controllers\admin\Manage_Gallery->image_delete('13')
#3 /Users/markpearson/Google Drive/Documents/Projects/My Websites/Teacherpedia/4.0 CI teacherpedia 1.1/Teacherpedia/ci4/system/CodeIgniter.php(400): CodeIgniter\CodeIgniter->runController(Object(App\Controllers\admin\Manage_Gallery))
#4 /Users/markpearson/Google Drive/Documents/Projects/My Websites/Teacherpedia/4.0 CI teacherpedia 1.1/Teacherpedia/ci4/system/CodeIgniter.php(308): CodeIgniter\CodeIgniter->handleRequest(NULL, Object(Config\Cache), false)
#5 /Users/markpearson/Google Drive/Documents/Projects/My Websites/Teacherpedia/4.0 CI teacherpedia 1.1/Teacherpedia/public_html/index.php(45): CodeIgniter\CodeIgniter->run()
#6 {main}
CRITICAL - 2020-07-06 10:41:48 --> Trying to get property 'file_name' of non-object
#0 /Users/markpearson/Google Drive/Documents/Projects/My Websites/Teacherpedia/4.0 CI teacherpedia 1.1/Teacherpedia/ci4/app/Models/Image.php(128): CodeIgniter\Debug\Exceptions->errorHandler(8, 'Trying to get p...', '/Users/markpear...', 128, Array)
#1 /Users/markpearson/Google Drive/Documents/Projects/My Websites/Teacherpedia/4.0 CI teacherpedia 1.1/Teacherpedia/ci4/app/Controllers/Admin/Manage_gallery.php(234): App\Models\Image->image_delete('assets')
#2 /Users/markpearson/Google Drive/Documents/Projects/My Websites/Teacherpedia/4.0 CI teacherpedia 1.1/Teacherpedia/ci4/system/CodeIgniter.php(914): App\Controllers\admin\Manage_Gallery->image_delete('assets', 'css', 'dashboard', 'css', 'js.js')
#3 /Users/markpearson/Google Drive/Documents/Projects/My Websites/Teacherpedia/4.0 CI teacherpedia 1.1/Teacherpedia/ci4/system/CodeIgniter.php(400): CodeIgniter\CodeIgniter->runController(Object(App\Controllers\admin\Manage_Gallery))
#4 /Users/markpearson/Google Drive/Documents/Projects/My Websites/Teacherpedia/4.0 CI teacherpedia 1.1/Teacherpedia/ci4/system/CodeIgniter.php(308): CodeIgniter\CodeIgniter->handleRequest(NULL, Object(Config\Cache), false)
#5 /Users/markpearson/Google Drive/Documents/Projects/My Websites/Teacherpedia/4.0 CI teacherpedia 1.1/Teacherpedia/public_html/index.php(45): CodeIgniter\CodeIgniter->run()
#6 {main}
CRITICAL - 2020-07-06 10:41:48 --> Trying to get property 'file_name' of non-object
#0 /Users/markpearson/Google Drive/Documents/Projects/My Websites/Teacherpedia/4.0 CI teacherpedia 1.1/Teacherpedia/ci4/app/Models/Image.php(128): CodeIgniter\Debug\Exceptions->errorHandler(8, 'Trying to get p...', '/Users/markpear...', 128, Array)
#1 /Users/markpearson/Google Drive/Documents/Projects/My Websites/Teacherpedia/4.0 CI teacherpedia 1.1/Teacherpedia/ci4/app/Controllers/Admin/Manage_gallery.php(234): App\Models\Image->image_delete('%3Cimg%20src=')
#2 /Users/markpearson/Google Drive/Documents/Projects/My Websites/Teacherpedia/4.0 CI teacherpedia 1.1/Teacherpedia/ci4/system/CodeIgniter.php(914): App\Controllers\admin\Manage_Gallery->image_delete('%3Cimg%20src=')
#3 /Users/markpearson/Google Drive/Documents/Projects/My Websites/Teacherpedia/4.0 CI teacherpedia 1.1/Teacherpedia/ci4/system/CodeIgniter.php(400): CodeIgniter\CodeIgniter->runController(Object(App\Controllers\admin\Manage_Gallery))
#4 /Users/markpearson/Google Drive/Documents/Projects/My Websites/Teacherpedia/4.0 CI teacherpedia 1.1/Teacherpedia/ci4/system/CodeIgniter.php(308): CodeIgniter\CodeIgniter->handleRequest(NULL, Object(Config\Cache), false)
#5 /Users/markpearson/Google Drive/Documents/Projects/My Websites/Teacherpedia/4.0 CI teacherpedia 1.1/Teacherpedia/public_html/index.php(45): CodeIgniter\CodeIgniter->run()
#6 {main}
CRITICAL - 2020-07-06 10:41:48 --> Trying to get property 'file_name' of non-object
#0 /Users/markpearson/Google Drive/Documents/Projects/My Websites/Teacherpedia/4.0 CI teacherpedia 1.1/Teacherpedia/ci4/app/Models/Image.php(128): CodeIgniter\Debug\Exceptions->errorHandler(8, 'Trying to get p...', '/Users/markpear...', 128, Array)
#1 /Users/markpearson/Google Drive/Documents/Projects/My Websites/Teacherpedia/4.0 CI teacherpedia 1.1/Teacherpedia/ci4/app/Controllers/Admin/Manage_gallery.php(234): App\Models\Image->image_delete('assets')
#2 /Users/markpearson/Google Drive/Documents/Projects/My Websites/Teacherpedia/4.0 CI teacherpedia 1.1/Teacherpedia/ci4/system/CodeIgniter.php(914): App\Controllers\admin\Manage_Gallery->image_delete('assets', 'css', 'dashboard', 'css', 'js.js')
#3 /Users/markpearson/Google Drive/Documents/Projects/My Websites/Teacherpedia/4.0 CI teacherpedia 1.1/Teacherpedia/ci4/system/CodeIgniter.php(400): CodeIgniter\CodeIgniter->runController(Object(App\Controllers\admin\Manage_Gallery))
#4 /Users/markpearson/Google Drive/Documents/Projects/My Websites/Teacherpedia/4.0 CI teacherpedia 1.1/Teacherpedia/ci4/system/CodeIgniter.php(308): CodeIgniter\CodeIgniter->handleRequest(NULL, Object(Config\Cache), false)
#5 /Users/markpearson/Google Drive/Documents/Projects/My Websites/Teacherpedia/4.0 CI teacherpedia 1.1/Teacherpedia/public_html/index.php(45): CodeIgniter\CodeIgniter->run()
#6 {main}
CRITICAL - 2020-07-06 10:41:49 --> Trying to get property 'file_name' of non-object
#0 /Users/markpearson/Google Drive/Documents/Projects/My Websites/Teacherpedia/4.0 CI teacherpedia 1.1/Teacherpedia/ci4/app/Models/Image.php(128): CodeIgniter\Debug\Exceptions->errorHandler(8, 'Trying to get p...', '/Users/markpear...', 128, Array)
#1 /Users/markpearson/Google Drive/Documents/Projects/My Websites/Teacherpedia/4.0 CI teacherpedia 1.1/Teacherpedia/ci4/app/Controllers/Admin/Manage_gallery.php(234): App\Models\Image->image_delete('%3Cimg%20src=')
#2 /Users/markpearson/Google Drive/Documents/Projects/My Websites/Teacherpedia/4.0 CI teacherpedia 1.1/Teacherpedia/ci4/system/CodeIgniter.php(914): App\Controllers\admin\Manage_Gallery->image_delete('%3Cimg%20src=')
#3 /Users/markpearson/Google Drive/Documents/Projects/My Websites/Teacherpedia/4.0 CI teacherpedia 1.1/Teacherpedia/ci4/system/CodeIgniter.php(400): CodeIgniter\CodeIgniter->runController(Object(App\Controllers\admin\Manage_Gallery))
#4 /Users/markpearson/Google Drive/Documents/Projects/My Websites/Teacherpedia/4.0 CI teacherpedia 1.1/Teacherpedia/ci4/system/CodeIgniter.php(308): CodeIgniter\CodeIgniter->handleRequest(NULL, Object(Config\Cache), false)
#5 /Users/markpearson/Google Drive/Documents/Projects/My Websites/Teacherpedia/4.0 CI teacherpedia 1.1/Teacherpedia/public_html/index.php(45): CodeIgniter\CodeIgniter->run()
#6 {main}
CRITICAL - 2020-07-06 10:41:49 --> Trying to get property 'file_name' of non-object
#0 /Users/markpearson/Google Drive/Documents/Projects/My Websites/Teacherpedia/4.0 CI teacherpedia 1.1/Teacherpedia/ci4/app/Models/Image.php(128): CodeIgniter\Debug\Exceptions->errorHandler(8, 'Trying to get p...', '/Users/markpear...', 128, Array)
#1 /Users/markpearson/Google Drive/Documents/Projects/My Websites/Teacherpedia/4.0 CI teacherpedia 1.1/Teacherpedia/ci4/app/Controllers/Admin/Manage_gallery.php(234): App\Models\Image->image_delete('14')
#2 /Users/markpearson/Google Drive/Documents/Projects/My Websites/Teacherpedia/4.0 CI teacherpedia 1.1/Teacherpedia/ci4/system/CodeIgniter.php(914): App\Controllers\admin\Manage_Gallery->image_delete('14')
#3 /Users/markpearson/Google Drive/Documents/Projects/My Websites/Teacherpedia/4.0 CI teacherpedia 1.1/Teacherpedia/ci4/system/CodeIgniter.php(400): CodeIgniter\CodeIgniter->runController(Object(App\Controllers\admin\Manage_Gallery))
#4 /Users/markpearson/Google Drive/Documents/Projects/My Websites/Teacherpedia/4.0 CI teacherpedia 1.1/Teacherpedia/ci4/system/CodeIgniter.php(308): CodeIgniter\CodeIgniter->handleRequest(NULL, Object(Config\Cache), false)
#5 /Users/markpearson/Google Drive/Documents/Projects/My Websites/Teacherpedia/4.0 CI teacherpedia 1.1/Teacherpedia/public_html/index.php(45): CodeIgniter\CodeIgniter->run()
#6 {main}
CRITICAL - 2020-07-06 10:41:51 --> Trying to get property 'file_name' of non-object
#0 /Users/markpearson/Google Drive/Documents/Projects/My Websites/Teacherpedia/4.0 CI teacherpedia 1.1/Teacherpedia/ci4/app/Models/Image.php(128): CodeIgniter\Debug\Exceptions->errorHandler(8, 'Trying to get p...', '/Users/markpear...', 128, Array)
#1 /Users/markpearson/Google Drive/Documents/Projects/My Websites/Teacherpedia/4.0 CI teacherpedia 1.1/Teacherpedia/ci4/app/Controllers/Admin/Manage_gallery.php(234): App\Models\Image->image_delete('assets')
#2 /Users/markpearson/Google Drive/Documents/Projects/My Websites/Teacherpedia/4.0 CI teacherpedia 1.1/Teacherpedia/ci4/system/CodeIgniter.php(914): App\Controllers\admin\Manage_Gallery->image_delete('assets', 'css', 'dashboard', 'css', 'js.js')
#3 /Users/markpearson/Google Drive/Documents/Projects/My Websites/Teacherpedia/4.0 CI teacherpedia 1.1/Teacherpedia/ci4/system/CodeIgniter.php(400): CodeIgniter\CodeIgniter->runController(Object(App\Controllers\admin\Manage_Gallery))
#4 /Users/markpearson/Google Drive/Documents/Projects/My Websites/Teacherpedia/4.0 CI teacherpedia 1.1/Teacherpedia/ci4/system/CodeIgniter.php(308): CodeIgniter\CodeIgniter->handleRequest(NULL, Object(Config\Cache), false)
#5 /Users/markpearson/Google Drive/Documents/Projects/My Websites/Teacherpedia/4.0 CI teacherpedia 1.1/Teacherpedia/public_html/index.php(45): CodeIgniter\CodeIgniter->run()
#6 {main}
CRITICAL - 2020-07-06 10:41:51 --> Trying to get property 'file_name' of non-object
#0 /Users/markpearson/Google Drive/Documents/Projects/My Websites/Teacherpedia/4.0 CI teacherpedia 1.1/Teacherpedia/ci4/app/Models/Image.php(128): CodeIgniter\Debug\Exceptions->errorHandler(8, 'Trying to get p...', '/Users/markpear...', 128, Array)
#1 /Users/markpearson/Google Drive/Documents/Projects/My Websites/Teacherpedia/4.0 CI teacherpedia 1.1/Teacherpedia/ci4/app/Controllers/Admin/Manage_gallery.php(234): App\Models\Image->image_delete('%3Cimg%20src=')
#2 /Users/markpearson/Google Drive/Documents/Projects/My Websites/Teacherpedia/4.0 CI teacherpedia 1.1/Teacherpedia/ci4/system/CodeIgniter.php(914): App\Controllers\admin\Manage_Gallery->image_delete('%3Cimg%20src=')
#3 /Users/markpearson/Google Drive/Documents/Projects/My Websites/Teacherpedia/4.0 CI teacherpedia 1.1/Teacherpedia/ci4/system/CodeIgniter.php(400): CodeIgniter\CodeIgniter->runController(Object(App\Controllers\admin\Manage_Gallery))
#4 /Users/markpearson/Google Drive/Documents/Projects/My Websites/Teacherpedia/4.0 CI teacherpedia 1.1/Teacherpedia/ci4/system/CodeIgniter.php(308): CodeIgniter\CodeIgniter->handleRequest(NULL, Object(Config\Cache), false)
#5 /Users/markpearson/Google Drive/Documents/Projects/My Websites/Teacherpedia/4.0 CI teacherpedia 1.1/Teacherpedia/public_html/index.php(45): CodeIgniter\CodeIgniter->run()
#6 {main}
CRITICAL - 2020-07-06 10:41:51 --> Trying to get property 'file_name' of non-object
#0 /Users/markpearson/Google Drive/Documents/Projects/My Websites/Teacherpedia/4.0 CI teacherpedia 1.1/Teacherpedia/ci4/app/Models/Image.php(128): CodeIgniter\Debug\Exceptions->errorHandler(8, 'Trying to get p...', '/Users/markpear...', 128, Array)
#1 /Users/markpearson/Google Drive/Documents/Projects/My Websites/Teacherpedia/4.0 CI teacherpedia 1.1/Teacherpedia/ci4/app/Controllers/Admin/Manage_gallery.php(234): App\Models\Image->image_delete('15')
#2 /Users/markpearson/Google Drive/Documents/Projects/My Websites/Teacherpedia/4.0 CI teacherpedia 1.1/Teacherpedia/ci4/system/CodeIgniter.php(914): App\Controllers\admin\Manage_Gallery->image_delete('15')
#3 /Users/markpearson/Google Drive/Documents/Projects/My Websites/Teacherpedia/4.0 CI teacherpedia 1.1/Teacherpedia/ci4/system/CodeIgniter.php(400): CodeIgniter\CodeIgniter->runController(Object(App\Controllers\admin\Manage_Gallery))
#4 /Users/markpearson/Google Drive/Documents/Projects/My Websites/Teacherpedia/4.0 CI teacherpedia 1.1/Teacherpedia/ci4/system/CodeIgniter.php(308): CodeIgniter\CodeIgniter->handleRequest(NULL, Object(Config\Cache), false)
#5 /Users/markpearson/Google Drive/Documents/Projects/My Websites/Teacherpedia/4.0 CI teacherpedia 1.1/Teacherpedia/public_html/index.php(45): CodeIgniter\CodeIgniter->run()
#6 {main}
CRITICAL - 2020-07-06 10:41:52 --> Trying to get property 'file_name' of non-object
#0 /Users/markpearson/Google Drive/Documents/Projects/My Websites/Teacherpedia/4.0 CI teacherpedia 1.1/Teacherpedia/ci4/app/Models/Image.php(128): CodeIgniter\Debug\Exceptions->errorHandler(8, 'Trying to get p...', '/Users/markpear...', 128, Array)
#1 /Users/markpearson/Google Drive/Documents/Projects/My Websites/Teacherpedia/4.0 CI teacherpedia 1.1/Teacherpedia/ci4/app/Controllers/Admin/Manage_gallery.php(234): App\Models\Image->image_delete('assets')
#2 /Users/markpearson/Google Drive/Documents/Projects/My Websites/Teacherpedia/4.0 CI teacherpedia 1.1/Teacherpedia/ci4/system/CodeIgniter.php(914): App\Controllers\admin\Manage_Gallery->image_delete('assets', 'css', 'dashboard', 'css', 'js.js')
#3 /Users/markpearson/Google Drive/Documents/Projects/My Websites/Teacherpedia/4.0 CI teacherpedia 1.1/Teacherpedia/ci4/system/CodeIgniter.php(400): CodeIgniter\CodeIgniter->runController(Object(App\Controllers\admin\Manage_Gallery))
#4 /Users/markpearson/Google Drive/Documents/Projects/My Websites/Teacherpedia/4.0 CI teacherpedia 1.1/Teacherpedia/ci4/system/CodeIgniter.php(308): CodeIgniter\CodeIgniter->handleRequest(NULL, Object(Config\Cache), false)
#5 /Users/markpearson/Google Drive/Documents/Projects/My Websites/Teacherpedia/4.0 CI teacherpedia 1.1/Teacherpedia/public_html/index.php(45): CodeIgniter\CodeIgniter->run()
#6 {main}
CRITICAL - 2020-07-06 10:41:53 --> Trying to get property 'file_name' of non-object
#0 /Users/markpearson/Google Drive/Documents/Projects/My Websites/Teacherpedia/4.0 CI teacherpedia 1.1/Teacherpedia/ci4/app/Models/Image.php(128): CodeIgniter\Debug\Exceptions->errorHandler(8, 'Trying to get p...', '/Users/markpear...', 128, Array)
#1 /Users/markpearson/Google Drive/Documents/Projects/My Websites/Teacherpedia/4.0 CI teacherpedia 1.1/Teacherpedia/ci4/app/Controllers/Admin/Manage_gallery.php(234): App\Models\Image->image_delete('%3Cimg%20src=')
#2 /Users/markpearson/Google Drive/Documents/Projects/My Websites/Teacherpedia/4.0 CI teacherpedia 1.1/Teacherpedia/ci4/system/CodeIgniter.php(914): App\Controllers\admin\Manage_Gallery->image_delete('%3Cimg%20src=')
#3 /Users/markpearson/Google Drive/Documents/Projects/My Websites/Teacherpedia/4.0 CI teacherpedia 1.1/Teacherpedia/ci4/system/CodeIgniter.php(400): CodeIgniter\CodeIgniter->runController(Object(App\Controllers\admin\Manage_Gallery))
#4 /Users/markpearson/Google Drive/Documents/Projects/My Websites/Teacherpedia/4.0 CI teacherpedia 1.1/Teacherpedia/ci4/system/CodeIgniter.php(308): CodeIgniter\CodeIgniter->handleRequest(NULL, Object(Config\Cache), false)
#5 /Users/markpearson/Google Drive/Documents/Projects/My Websites/Teacherpedia/4.0 CI teacherpedia 1.1/Teacherpedia/public_html/index.php(45): CodeIgniter\CodeIgniter->run()
#6 {main}
CRITICAL - 2020-07-06 10:41:53 --> Trying to get property 'file_name' of non-object
#0 /Users/markpearson/Google Drive/Documents/Projects/My Websites/Teacherpedia/4.0 CI teacherpedia 1.1/Teacherpedia/ci4/app/Models/Image.php(128): CodeIgniter\Debug\Exceptions->errorHandler(8, 'Trying to get p...', '/Users/markpear...', 128, Array)
#1 /Users/markpearson/Google Drive/Documents/Projects/My Websites/Teacherpedia/4.0 CI teacherpedia 1.1/Teacherpedia/ci4/app/Controllers/Admin/Manage_gallery.php(234): App\Models\Image->image_delete('assets')
#2 /Users/markpearson/Google Drive/Documents/Projects/My Websites/Teacherpedia/4.0 CI teacherpedia 1.1/Teacherpedia/ci4/system/CodeIgniter.php(914): App\Controllers\admin\Manage_Gallery->image_delete('assets', 'css', 'dashboard', 'css', 'js.js')
#3 /Users/markpearson/Google Drive/Documents/Projects/My Websites/Teacherpedia/4.0 CI teacherpedia 1.1/Teacherpedia/ci4/system/CodeIgniter.php(400): CodeIgniter\CodeIgniter->runController(Object(App\Controllers\admin\Manage_Gallery))
#4 /Users/markpearson/Google Drive/Documents/Projects/My Websites/Teacherpedia/4.0 CI teacherpedia 1.1/Teacherpedia/ci4/system/CodeIgniter.php(308): CodeIgniter\CodeIgniter->handleRequest(NULL, Object(Config\Cache), false)
#5 /Users/markpearson/Google Drive/Documents/Projects/My Websites/Teacherpedia/4.0 CI teacherpedia 1.1/Teacherpedia/public_html/index.php(45): CodeIgniter\CodeIgniter->run()
#6 {main}
CRITICAL - 2020-07-06 10:41:53 --> Trying to get property 'file_name' of non-object
#0 /Users/markpearson/Google Drive/Documents/Projects/My Websites/Teacherpedia/4.0 CI teacherpedia 1.1/Teacherpedia/ci4/app/Models/Image.php(128): CodeIgniter\Debug\Exceptions->errorHandler(8, 'Trying to get p...', '/Users/markpear...', 128, Array)
#1 /Users/markpearson/Google Drive/Documents/Projects/My Websites/Teacherpedia/4.0 CI teacherpedia 1.1/Teacherpedia/ci4/app/Controllers/Admin/Manage_gallery.php(234): App\Models\Image->image_delete('%3Cimg%20src=')
#2 /Users/markpearson/Google Drive/Documents/Projects/My Websites/Teacherpedia/4.0 CI teacherpedia 1.1/Teacherpedia/ci4/system/CodeIgniter.php(914): App\Controllers\admin\Manage_Gallery->image_delete('%3Cimg%20src=')
#3 /Users/markpearson/Google Drive/Documents/Projects/My Websites/Teacherpedia/4.0 CI teacherpedia 1.1/Teacherpedia/ci4/system/CodeIgniter.php(400): CodeIgniter\CodeIgniter->runController(Object(App\Controllers\admin\Manage_Gallery))
#4 /Users/markpearson/Google Drive/Documents/Projects/My Websites/Teacherpedia/4.0 CI teacherpedia 1.1/Teacherpedia/ci4/system/CodeIgniter.php(308): CodeIgniter\CodeIgniter->handleRequest(NULL, Object(Config\Cache), false)
#5 /Users/markpearson/Google Drive/Documents/Projects/My Websites/Teacherpedia/4.0 CI teacherpedia 1.1/Teacherpedia/public_html/index.php(45): CodeIgniter\CodeIgniter->run()
#6 {main}
CRITICAL - 2020-07-06 10:41:53 --> Trying to get property 'file_name' of non-object
#0 /Users/markpearson/Google Drive/Documents/Projects/My Websites/Teacherpedia/4.0 CI teacherpedia 1.1/Teacherpedia/ci4/app/Models/Image.php(128): CodeIgniter\Debug\Exceptions->errorHandler(8, 'Trying to get p...', '/Users/markpear...', 128, Array)
#1 /Users/markpearson/Google Drive/Documents/Projects/My Websites/Teacherpedia/4.0 CI teacherpedia 1.1/Teacherpedia/ci4/app/Controllers/Admin/Manage_gallery.php(234): App\Models\Image->image_delete('16')
#2 /Users/markpearson/Google Drive/Documents/Projects/My Websites/Teacherpedia/4.0 CI teacherpedia 1.1/Teacherpedia/ci4/system/CodeIgniter.php(914): App\Controllers\admin\Manage_Gallery->image_delete('16')
#3 /Users/markpearson/Google Drive/Documents/Projects/My Websites/Teacherpedia/4.0 CI teacherpedia 1.1/Teacherpedia/ci4/system/CodeIgniter.php(400): CodeIgniter\CodeIgniter->runController(Object(App\Controllers\admin\Manage_Gallery))
#4 /Users/markpearson/Google Drive/Documents/Projects/My Websites/Teacherpedia/4.0 CI teacherpedia 1.1/Teacherpedia/ci4/system/CodeIgniter.php(308): CodeIgniter\CodeIgniter->handleRequest(NULL, Object(Config\Cache), false)
#5 /Users/markpearson/Google Drive/Documents/Projects/My Websites/Teacherpedia/4.0 CI teacherpedia 1.1/Teacherpedia/public_html/index.php(45): CodeIgniter\CodeIgniter->run()
#6 {main}
CRITICAL - 2020-07-06 10:41:55 --> Trying to get property 'file_name' of non-object
#0 /Users/markpearson/Google Drive/Documents/Projects/My Websites/Teacherpedia/4.0 CI teacherpedia 1.1/Teacherpedia/ci4/app/Models/Image.php(128): CodeIgniter\Debug\Exceptions->errorHandler(8, 'Trying to get p...', '/Users/markpear...', 128, Array)
#1 /Users/markpearson/Google Drive/Documents/Projects/My Websites/Teacherpedia/4.0 CI teacherpedia 1.1/Teacherpedia/ci4/app/Controllers/Admin/Manage_gallery.php(234): App\Models\Image->image_delete('assets')
#2 /Users/markpearson/Google Drive/Documents/Projects/My Websites/Teacherpedia/4.0 CI teacherpedia 1.1/Teacherpedia/ci4/system/CodeIgniter.php(914): App\Controllers\admin\Manage_Gallery->image_delete('assets', 'css', 'dashboard', 'css', 'js.js')
#3 /Users/markpearson/Google Drive/Documents/Projects/My Websites/Teacherpedia/4.0 CI teacherpedia 1.1/Teacherpedia/ci4/system/CodeIgniter.php(400): CodeIgniter\CodeIgniter->runController(Object(App\Controllers\admin\Manage_Gallery))
#4 /Users/markpearson/Google Drive/Documents/Projects/My Websites/Teacherpedia/4.0 CI teacherpedia 1.1/Teacherpedia/ci4/system/CodeIgniter.php(308): CodeIgniter\CodeIgniter->handleRequest(NULL, Object(Config\Cache), false)
#5 /Users/markpearson/Google Drive/Documents/Projects/My Websites/Teacherpedia/4.0 CI teacherpedia 1.1/Teacherpedia/public_html/index.php(45): CodeIgniter\CodeIgniter->run()
#6 {main}
CRITICAL - 2020-07-06 10:41:55 --> Trying to get property 'file_name' of non-object
#0 /Users/markpearson/Google Drive/Documents/Projects/My Websites/Teacherpedia/4.0 CI teacherpedia 1.1/Teacherpedia/ci4/app/Models/Image.php(128): CodeIgniter\Debug\Exceptions->errorHandler(8, 'Trying to get p...', '/Users/markpear...', 128, Array)
#1 /Users/markpearson/Google Drive/Documents/Projects/My Websites/Teacherpedia/4.0 CI teacherpedia 1.1/Teacherpedia/ci4/app/Controllers/Admin/Manage_gallery.php(234): App\Models\Image->image_delete('%3Cimg%20src=')
#2 /Users/markpearson/Google Drive/Documents/Projects/My Websites/Teacherpedia/4.0 CI teacherpedia 1.1/Teacherpedia/ci4/system/CodeIgniter.php(914): App\Controllers\admin\Manage_Gallery->image_delete('%3Cimg%20src=')
#3 /Users/markpearson/Google Drive/Documents/Projects/My Websites/Teacherpedia/4.0 CI teacherpedia 1.1/Teacherpedia/ci4/system/CodeIgniter.php(400): CodeIgniter\CodeIgniter->runController(Object(App\Controllers\admin\Manage_Gallery))
#4 /Users/markpearson/Google Drive/Documents/Projects/My Websites/Teacherpedia/4.0 CI teacherpedia 1.1/Teacherpedia/ci4/system/CodeIgniter.php(308): CodeIgniter\CodeIgniter->handleRequest(NULL, Object(Config\Cache), false)
#5 /Users/markpearson/Google Drive/Documents/Projects/My Websites/Teacherpedia/4.0 CI teacherpedia 1.1/Teacherpedia/public_html/index.php(45): CodeIgniter\CodeIgniter->run()
#6 {main}
CRITICAL - 2020-07-06 10:41:55 --> Trying to get property 'file_name' of non-object
#0 /Users/markpearson/Google Drive/Documents/Projects/My Websites/Teacherpedia/4.0 CI teacherpedia 1.1/Teacherpedia/ci4/app/Models/Image.php(128): CodeIgniter\Debug\Exceptions->errorHandler(8, 'Trying to get p...', '/Users/markpear...', 128, Array)
#1 /Users/markpearson/Google Drive/Documents/Projects/My Websites/Teacherpedia/4.0 CI teacherpedia 1.1/Teacherpedia/ci4/app/Controllers/Admin/Manage_gallery.php(234): App\Models\Image->image_delete('17')
#2 /Users/markpearson/Google Drive/Documents/Projects/My Websites/Teacherpedia/4.0 CI teacherpedia 1.1/Teacherpedia/ci4/system/CodeIgniter.php(914): App\Controllers\admin\Manage_Gallery->image_delete('17')
#3 /Users/markpearson/Google Drive/Documents/Projects/My Websites/Teacherpedia/4.0 CI teacherpedia 1.1/Teacherpedia/ci4/system/CodeIgniter.php(400): CodeIgniter\CodeIgniter->runController(Object(App\Controllers\admin\Manage_Gallery))
#4 /Users/markpearson/Google Drive/Documents/Projects/My Websites/Teacherpedia/4.0 CI teacherpedia 1.1/Teacherpedia/ci4/system/CodeIgniter.php(308): CodeIgniter\CodeIgniter->handleRequest(NULL, Object(Config\Cache), false)
#5 /Users/markpearson/Google Drive/Documents/Projects/My Websites/Teacherpedia/4.0 CI teacherpedia 1.1/Teacherpedia/public_html/index.php(45): CodeIgniter\CodeIgniter->run()
#6 {main}
CRITICAL - 2020-07-06 10:41:57 --> Trying to get property 'file_name' of non-object
#0 /Users/markpearson/Google Drive/Documents/Projects/My Websites/Teacherpedia/4.0 CI teacherpedia 1.1/Teacherpedia/ci4/app/Models/Image.php(128): CodeIgniter\Debug\Exceptions->errorHandler(8, 'Trying to get p...', '/Users/markpear...', 128, Array)
#1 /Users/markpearson/Google Drive/Documents/Projects/My Websites/Teacherpedia/4.0 CI teacherpedia 1.1/Teacherpedia/ci4/app/Controllers/Admin/Manage_gallery.php(234): App\Models\Image->image_delete('assets')
#2 /Users/markpearson/Google Drive/Documents/Projects/My Websites/Teacherpedia/4.0 CI teacherpedia 1.1/Teacherpedia/ci4/system/CodeIgniter.php(914): App\Controllers\admin\Manage_Gallery->image_delete('assets', 'css', 'dashboard', 'css', 'js.js')
#3 /Users/markpearson/Google Drive/Documents/Projects/My Websites/Teacherpedia/4.0 CI teacherpedia 1.1/Teacherpedia/ci4/system/CodeIgniter.php(400): CodeIgniter\CodeIgniter->runController(Object(App\Controllers\admin\Manage_Gallery))
#4 /Users/markpearson/Google Drive/Documents/Projects/My Websites/Teacherpedia/4.0 CI teacherpedia 1.1/Teacherpedia/ci4/system/CodeIgniter.php(308): CodeIgniter\CodeIgniter->handleRequest(NULL, Object(Config\Cache), false)
#5 /Users/markpearson/Google Drive/Documents/Projects/My Websites/Teacherpedia/4.0 CI teacherpedia 1.1/Teacherpedia/public_html/index.php(45): CodeIgniter\CodeIgniter->run()
#6 {main}
CRITICAL - 2020-07-06 10:41:57 --> Trying to get property 'file_name' of non-object
#0 /Users/markpearson/Google Drive/Documents/Projects/My Websites/Teacherpedia/4.0 CI teacherpedia 1.1/Teacherpedia/ci4/app/Models/Image.php(128): CodeIgniter\Debug\Exceptions->errorHandler(8, 'Trying to get p...', '/Users/markpear...', 128, Array)
#1 /Users/markpearson/Google Drive/Documents/Projects/My Websites/Teacherpedia/4.0 CI teacherpedia 1.1/Teacherpedia/ci4/app/Controllers/Admin/Manage_gallery.php(234): App\Models\Image->image_delete('%3Cimg%20src=')
#2 /Users/markpearson/Google Drive/Documents/Projects/My Websites/Teacherpedia/4.0 CI teacherpedia 1.1/Teacherpedia/ci4/system/CodeIgniter.php(914): App\Controllers\admin\Manage_Gallery->image_delete('%3Cimg%20src=')
#3 /Users/markpearson/Google Drive/Documents/Projects/My Websites/Teacherpedia/4.0 CI teacherpedia 1.1/Teacherpedia/ci4/system/CodeIgniter.php(400): CodeIgniter\CodeIgniter->runController(Object(App\Controllers\admin\Manage_Gallery))
#4 /Users/markpearson/Google Drive/Documents/Projects/My Websites/Teacherpedia/4.0 CI teacherpedia 1.1/Teacherpedia/ci4/system/CodeIgniter.php(308): CodeIgniter\CodeIgniter->handleRequest(NULL, Object(Config\Cache), false)
#5 /Users/markpearson/Google Drive/Documents/Projects/My Websites/Teacherpedia/4.0 CI teacherpedia 1.1/Teacherpedia/public_html/index.php(45): CodeIgniter\CodeIgniter->run()
#6 {main}
CRITICAL - 2020-07-06 10:41:58 --> Trying to get property 'file_name' of non-object
#0 /Users/markpearson/Google Drive/Documents/Projects/My Websites/Teacherpedia/4.0 CI teacherpedia 1.1/Teacherpedia/ci4/app/Models/Image.php(128): CodeIgniter\Debug\Exceptions->errorHandler(8, 'Trying to get p...', '/Users/markpear...', 128, Array)
#1 /Users/markpearson/Google Drive/Documents/Projects/My Websites/Teacherpedia/4.0 CI teacherpedia 1.1/Teacherpedia/ci4/app/Controllers/Admin/Manage_gallery.php(234): App\Models\Image->image_delete('18')
#2 /Users/markpearson/Google Drive/Documents/Projects/My Websites/Teacherpedia/4.0 CI teacherpedia 1.1/Teacherpedia/ci4/system/CodeIgniter.php(914): App\Controllers\admin\Manage_Gallery->image_delete('18')
#3 /Users/markpearson/Google Drive/Documents/Projects/My Websites/Teacherpedia/4.0 CI teacherpedia 1.1/Teacherpedia/ci4/system/CodeIgniter.php(400): CodeIgniter\CodeIgniter->runController(Object(App\Controllers\admin\Manage_Gallery))
#4 /Users/markpearson/Google Drive/Documents/Projects/My Websites/Teacherpedia/4.0 CI teacherpedia 1.1/Teacherpedia/ci4/system/CodeIgniter.php(308): CodeIgniter\CodeIgniter->handleRequest(NULL, Object(Config\Cache), false)
#5 /Users/markpearson/Google Drive/Documents/Projects/My Websites/Teacherpedia/4.0 CI teacherpedia 1.1/Teacherpedia/public_html/index.php(45): CodeIgniter\CodeIgniter->run()
#6 {main}
CRITICAL - 2020-07-06 10:42:00 --> Trying to get property 'file_name' of non-object
#0 /Users/markpearson/Google Drive/Documents/Projects/My Websites/Teacherpedia/4.0 CI teacherpedia 1.1/Teacherpedia/ci4/app/Models/Image.php(128): CodeIgniter\Debug\Exceptions->errorHandler(8, 'Trying to get p...', '/Users/markpear...', 128, Array)
#1 /Users/markpearson/Google Drive/Documents/Projects/My Websites/Teacherpedia/4.0 CI teacherpedia 1.1/Teacherpedia/ci4/app/Controllers/Admin/Manage_gallery.php(234): App\Models\Image->image_delete('assets')
#2 /Users/markpearson/Google Drive/Documents/Projects/My Websites/Teacherpedia/4.0 CI teacherpedia 1.1/Teacherpedia/ci4/system/CodeIgniter.php(914): App\Controllers\admin\Manage_Gallery->image_delete('assets', 'css', 'dashboard', 'css', 'js.js')
#3 /Users/markpearson/Google Drive/Documents/Projects/My Websites/Teacherpedia/4.0 CI teacherpedia 1.1/Teacherpedia/ci4/system/CodeIgniter.php(400): CodeIgniter\CodeIgniter->runController(Object(App\Controllers\admin\Manage_Gallery))
#4 /Users/markpearson/Google Drive/Documents/Projects/My Websites/Teacherpedia/4.0 CI teacherpedia 1.1/Teacherpedia/ci4/system/CodeIgniter.php(308): CodeIgniter\CodeIgniter->handleRequest(NULL, Object(Config\Cache), false)
#5 /Users/markpearson/Google Drive/Documents/Projects/My Websites/Teacherpedia/4.0 CI teacherpedia 1.1/Teacherpedia/public_html/index.php(45): CodeIgniter\CodeIgniter->run()
#6 {main}
CRITICAL - 2020-07-06 10:42:00 --> Trying to get property 'file_name' of non-object
#0 /Users/markpearson/Google Drive/Documents/Projects/My Websites/Teacherpedia/4.0 CI teacherpedia 1.1/Teacherpedia/ci4/app/Models/Image.php(128): CodeIgniter\Debug\Exceptions->errorHandler(8, 'Trying to get p...', '/Users/markpear...', 128, Array)
#1 /Users/markpearson/Google Drive/Documents/Projects/My Websites/Teacherpedia/4.0 CI teacherpedia 1.1/Teacherpedia/ci4/app/Controllers/Admin/Manage_gallery.php(234): App\Models\Image->image_delete('12')
#2 /Users/markpearson/Google Drive/Documents/Projects/My Websites/Teacherpedia/4.0 CI teacherpedia 1.1/Teacherpedia/ci4/system/CodeIgniter.php(914): App\Controllers\admin\Manage_Gallery->image_delete('12')
#3 /Users/markpearson/Google Drive/Documents/Projects/My Websites/Teacherpedia/4.0 CI teacherpedia 1.1/Teacherpedia/ci4/system/CodeIgniter.php(400): CodeIgniter\CodeIgniter->runController(Object(App\Controllers\admin\Manage_Gallery))
#4 /Users/markpearson/Google Drive/Documents/Projects/My Websites/Teacherpedia/4.0 CI teacherpedia 1.1/Teacherpedia/ci4/system/CodeIgniter.php(308): CodeIgniter\CodeIgniter->handleRequest(NULL, Object(Config\Cache), false)
#5 /Users/markpearson/Google Drive/Documents/Projects/My Websites/Teacherpedia/4.0 CI teacherpedia 1.1/Teacherpedia/public_html/index.php(45): CodeIgniter\CodeIgniter->run()
#6 {main}
CRITICAL - 2020-07-06 10:46:50 --> Trying to get property 'file_name' of non-object
#0 /Users/markpearson/Google Drive/Documents/Projects/My Websites/Teacherpedia/4.0 CI teacherpedia 1.1/Teacherpedia/ci4/app/Models/Image.php(128): CodeIgniter\Debug\Exceptions->errorHandler(8, 'Trying to get p...', '/Users/markpear...', 128, Array)
#1 /Users/markpearson/Google Drive/Documents/Projects/My Websites/Teacherpedia/4.0 CI teacherpedia 1.1/Teacherpedia/ci4/app/Controllers/Admin/Manage_gallery.php(235): App\Models\Image->image_delete('assets')
#2 /Users/markpearson/Google Drive/Documents/Projects/My Websites/Teacherpedia/4.0 CI teacherpedia 1.1/Teacherpedia/ci4/system/CodeIgniter.php(914): App\Controllers\admin\Manage_Gallery->image_delete('assets', 'css', 'dashboard', 'css', 'js.js')
#3 /Users/markpearson/Google Drive/Documents/Projects/My Websites/Teacherpedia/4.0 CI teacherpedia 1.1/Teacherpedia/ci4/system/CodeIgniter.php(400): CodeIgniter\CodeIgniter->runController(Object(App\Controllers\admin\Manage_Gallery))
#4 /Users/markpearson/Google Drive/Documents/Projects/My Websites/Teacherpedia/4.0 CI teacherpedia 1.1/Teacherpedia/ci4/system/CodeIgniter.php(308): CodeIgniter\CodeIgniter->handleRequest(NULL, Object(Config\Cache), false)
#5 /Users/markpearson/Google Drive/Documents/Projects/My Websites/Teacherpedia/4.0 CI teacherpedia 1.1/Teacherpedia/public_html/index.php(45): CodeIgniter\CodeIgniter->run()
#6 {main}
CRITICAL - 2020-07-06 10:46:51 --> Trying to get property 'file_name' of non-object
#0 /Users/markpearson/Google Drive/Documents/Projects/My Websites/Teacherpedia/4.0 CI teacherpedia 1.1/Teacherpedia/ci4/app/Models/Image.php(128): CodeIgniter\Debug\Exceptions->errorHandler(8, 'Trying to get p...', '/Users/markpear...', 128, Array)
#1 /Users/markpearson/Google Drive/Documents/Projects/My Websites/Teacherpedia/4.0 CI teacherpedia 1.1/Teacherpedia/ci4/app/Controllers/Admin/Manage_gallery.php(235): App\Models\Image->image_delete('assets')
#2 /Users/markpearson/Google Drive/Documents/Projects/My Websites/Teacherpedia/4.0 CI teacherpedia 1.1/Teacherpedia/ci4/system/CodeIgniter.php(914): App\Controllers\admin\Manage_Gallery->image_delete('assets', 'css', 'dashboard', 'css', 'js.js')
#3 /Users/markpearson/Google Drive/Documents/Projects/My Websites/Teacherpedia/4.0 CI teacherpedia 1.1/Teacherpedia/ci4/system/CodeIgniter.php(400): CodeIgniter\CodeIgniter->runController(Object(App\Controllers\admin\Manage_Gallery))
#4 /Users/markpearson/Google Drive/Documents/Projects/My Websites/Teacherpedia/4.0 CI teacherpedia 1.1/Teacherpedia/ci4/system/CodeIgniter.php(308): CodeIgniter\CodeIgniter->handleRequest(NULL, Object(Config\Cache), false)
#5 /Users/markpearson/Google Drive/Documents/Projects/My Websites/Teacherpedia/4.0 CI teacherpedia 1.1/Teacherpedia/public_html/index.php(45): CodeIgniter\CodeIgniter->run()
#6 {main}
CRITICAL - 2020-07-06 10:46:51 --> Trying to get property 'file_name' of non-object
#0 /Users/markpearson/Google Drive/Documents/Projects/My Websites/Teacherpedia/4.0 CI teacherpedia 1.1/Teacherpedia/ci4/app/Models/Image.php(128): CodeIgniter\Debug\Exceptions->errorHandler(8, 'Trying to get p...', '/Users/markpear...', 128, Array)
#1 /Users/markpearson/Google Drive/Documents/Projects/My Websites/Teacherpedia/4.0 CI teacherpedia 1.1/Teacherpedia/ci4/app/Controllers/Admin/Manage_gallery.php(235): App\Models\Image->image_delete('22')
#2 /Users/markpearson/Google Drive/Documents/Projects/My Websites/Teacherpedia/4.0 CI teacherpedia 1.1/Teacherpedia/ci4/system/CodeIgniter.php(914): App\Controllers\admin\Manage_Gallery->image_delete('22')
#3 /Users/markpearson/Google Drive/Documents/Projects/My Websites/Teacherpedia/4.0 CI teacherpedia 1.1/Teacherpedia/ci4/system/CodeIgniter.php(400): CodeIgniter\CodeIgniter->runController(Object(App\Controllers\admin\Manage_Gallery))
#4 /Users/markpearson/Google Drive/Documents/Projects/My Websites/Teacherpedia/4.0 CI teacherpedia 1.1/Teacherpedia/ci4/system/CodeIgniter.php(308): CodeIgniter\CodeIgniter->handleRequest(NULL, Object(Config\Cache), false)
#5 /Users/markpearson/Google Drive/Documents/Projects/My Websites/Teacherpedia/4.0 CI teacherpedia 1.1/Teacherpedia/public_html/index.php(45): CodeIgniter\CodeIgniter->run()
#6 {main}
CRITICAL - 2020-07-06 10:51:05 --> Trying to get property 'file_name' of non-object
#0 /Users/markpearson/Google Drive/Documents/Projects/My Websites/Teacherpedia/4.0 CI teacherpedia 1.1/Teacherpedia/ci4/app/Models/Image.php(128): CodeIgniter\Debug\Exceptions->errorHandler(8, 'Trying to get p...', '/Users/markpear...', 128, Array)
#1 /Users/markpearson/Google Drive/Documents/Projects/My Websites/Teacherpedia/4.0 CI teacherpedia 1.1/Teacherpedia/ci4/app/Controllers/Admin/Manage_gallery.php(235): App\Models\Image->image_delete('assets')
#2 /Users/markpearson/Google Drive/Documents/Projects/My Websites/Teacherpedia/4.0 CI teacherpedia 1.1/Teacherpedia/ci4/system/CodeIgniter.php(914): App\Controllers\admin\Manage_Gallery->image_delete('assets', 'css', 'dashboard', 'css', 'js.js')
#3 /Users/markpearson/Google Drive/Documents/Projects/My Websites/Teacherpedia/4.0 CI teacherpedia 1.1/Teacherpedia/ci4/system/CodeIgniter.php(400): CodeIgniter\CodeIgniter->runController(Object(App\Controllers\admin\Manage_Gallery))
#4 /Users/markpearson/Google Drive/Documents/Projects/My Websites/Teacherpedia/4.0 CI teacherpedia 1.1/Teacherpedia/ci4/system/CodeIgniter.php(308): CodeIgniter\CodeIgniter->handleRequest(NULL, Object(Config\Cache), false)
#5 /Users/markpearson/Google Drive/Documents/Projects/My Websites/Teacherpedia/4.0 CI teacherpedia 1.1/Teacherpedia/public_html/index.php(45): CodeIgniter\CodeIgniter->run()
#6 {main}
CRITICAL - 2020-07-06 10:51:05 --> Trying to get property 'file_name' of non-object
#0 /Users/markpearson/Google Drive/Documents/Projects/My Websites/Teacherpedia/4.0 CI teacherpedia 1.1/Teacherpedia/ci4/app/Models/Image.php(128): CodeIgniter\Debug\Exceptions->errorHandler(8, 'Trying to get p...', '/Users/markpear...', 128, Array)
#1 /Users/markpearson/Google Drive/Documents/Projects/My Websites/Teacherpedia/4.0 CI teacherpedia 1.1/Teacherpedia/ci4/app/Controllers/Admin/Manage_gallery.php(235): App\Models\Image->image_delete('assets')
#2 /Users/markpearson/Google Drive/Documents/Projects/My Websites/Teacherpedia/4.0 CI teacherpedia 1.1/Teacherpedia/ci4/system/CodeIgniter.php(914): App\Controllers\admin\Manage_Gallery->image_delete('assets', 'css', 'dashboard', 'css', 'js.js')
#3 /Users/markpearson/Google Drive/Documents/Projects/My Websites/Teacherpedia/4.0 CI teacherpedia 1.1/Teacherpedia/ci4/system/CodeIgniter.php(400): CodeIgniter\CodeIgniter->runController(Object(App\Controllers\admin\Manage_Gallery))
#4 /Users/markpearson/Google Drive/Documents/Projects/My Websites/Teacherpedia/4.0 CI teacherpedia 1.1/Teacherpedia/ci4/system/CodeIgniter.php(308): CodeIgniter\CodeIgniter->handleRequest(NULL, Object(Config\Cache), false)
#5 /Users/markpearson/Google Drive/Documents/Projects/My Websites/Teacherpedia/4.0 CI teacherpedia 1.1/Teacherpedia/public_html/index.php(45): CodeIgniter\CodeIgniter->run()
#6 {main}
CRITICAL - 2020-07-06 10:51:05 --> Trying to get property 'file_name' of non-object
#0 /Users/markpearson/Google Drive/Documents/Projects/My Websites/Teacherpedia/4.0 CI teacherpedia 1.1/Teacherpedia/ci4/app/Models/Image.php(128): CodeIgniter\Debug\Exceptions->errorHandler(8, 'Trying to get p...', '/Users/markpear...', 128, Array)
#1 /Users/markpearson/Google Drive/Documents/Projects/My Websites/Teacherpedia/4.0 CI teacherpedia 1.1/Teacherpedia/ci4/app/Controllers/Admin/Manage_gallery.php(235): App\Models\Image->image_delete('23')
#2 /Users/markpearson/Google Drive/Documents/Projects/My Websites/Teacherpedia/4.0 CI teacherpedia 1.1/Teacherpedia/ci4/system/CodeIgniter.php(914): App\Controllers\admin\Manage_Gallery->image_delete('23')
#3 /Users/markpearson/Google Drive/Documents/Projects/My Websites/Teacherpedia/4.0 CI teacherpedia 1.1/Teacherpedia/ci4/system/CodeIgniter.php(400): CodeIgniter\CodeIgniter->runController(Object(App\Controllers\admin\Manage_Gallery))
#4 /Users/markpearson/Google Drive/Documents/Projects/My Websites/Teacherpedia/4.0 CI teacherpedia 1.1/Teacherpedia/ci4/system/CodeIgniter.php(308): CodeIgniter\CodeIgniter->handleRequest(NULL, Object(Config\Cache), false)
#5 /Users/markpearson/Google Drive/Documents/Projects/My Websites/Teacherpedia/4.0 CI teacherpedia 1.1/Teacherpedia/public_html/index.php(45): CodeIgniter\CodeIgniter->run()
#6 {main}
CRITICAL - 2020-07-06 10:51:29 --> Call to undefined function App\Controllers\admin\var__dump()
#0 /Users/markpearson/Google Drive/Documents/Projects/My Websites/Teacherpedia/4.0 CI teacherpedia 1.1/Teacherpedia/ci4/system/CodeIgniter.php(914): App\Controllers\admin\Manage_Gallery->image_delete('23')
#1 /Users/markpearson/Google Drive/Documents/Projects/My Websites/Teacherpedia/4.0 CI teacherpedia 1.1/Teacherpedia/ci4/system/CodeIgniter.php(400): CodeIgniter\CodeIgniter->runController(Object(App\Controllers\admin\Manage_Gallery))
#2 /Users/markpearson/Google Drive/Documents/Projects/My Websites/Teacherpedia/4.0 CI teacherpedia 1.1/Teacherpedia/ci4/system/CodeIgniter.php(308): CodeIgniter\CodeIgniter->handleRequest(NULL, Object(Config\Cache), false)
#3 /Users/markpearson/Google Drive/Documents/Projects/My Websites/Teacherpedia/4.0 CI teacherpedia 1.1/Teacherpedia/public_html/index.php(45): CodeIgniter\CodeIgniter->run()
#4 {main}
CRITICAL - 2020-07-06 10:51:58 --> Trying to get property 'file_name' of non-object
#0 /Users/markpearson/Google Drive/Documents/Projects/My Websites/Teacherpedia/4.0 CI teacherpedia 1.1/Teacherpedia/ci4/app/Models/Image.php(128): CodeIgniter\Debug\Exceptions->errorHandler(8, 'Trying to get p...', '/Users/markpear...', 128, Array)
#1 /Users/markpearson/Google Drive/Documents/Projects/My Websites/Teacherpedia/4.0 CI teacherpedia 1.1/Teacherpedia/ci4/app/Controllers/Admin/Manage_gallery.php(236): App\Models\Image->image_delete('assets')
#2 /Users/markpearson/Google Drive/Documents/Projects/My Websites/Teacherpedia/4.0 CI teacherpedia 1.1/Teacherpedia/ci4/system/CodeIgniter.php(914): App\Controllers\admin\Manage_Gallery->image_delete('assets', 'css', 'dashboard', 'css', 'js.js')
#3 /Users/markpearson/Google Drive/Documents/Projects/My Websites/Teacherpedia/4.0 CI teacherpedia 1.1/Teacherpedia/ci4/system/CodeIgniter.php(400): CodeIgniter\CodeIgniter->runController(Object(App\Controllers\admin\Manage_Gallery))
#4 /Users/markpearson/Google Drive/Documents/Projects/My Websites/Teacherpedia/4.0 CI teacherpedia 1.1/Teacherpedia/ci4/system/CodeIgniter.php(308): CodeIgniter\CodeIgniter->handleRequest(NULL, Object(Config\Cache), false)
#5 /Users/markpearson/Google Drive/Documents/Projects/My Websites/Teacherpedia/4.0 CI teacherpedia 1.1/Teacherpedia/public_html/index.php(45): CodeIgniter\CodeIgniter->run()
#6 {main}
CRITICAL - 2020-07-06 10:51:58 --> Trying to get property 'file_name' of non-object
#0 /Users/markpearson/Google Drive/Documents/Projects/My Websites/Teacherpedia/4.0 CI teacherpedia 1.1/Teacherpedia/ci4/app/Models/Image.php(128): CodeIgniter\Debug\Exceptions->errorHandler(8, 'Trying to get p...', '/Users/markpear...', 128, Array)
#1 /Users/markpearson/Google Drive/Documents/Projects/My Websites/Teacherpedia/4.0 CI teacherpedia 1.1/Teacherpedia/ci4/app/Controllers/Admin/Manage_gallery.php(236): App\Models\Image->image_delete('assets')
#2 /Users/markpearson/Google Drive/Documents/Projects/My Websites/Teacherpedia/4.0 CI teacherpedia 1.1/Teacherpedia/ci4/system/CodeIgniter.php(914): App\Controllers\admin\Manage_Gallery->image_delete('assets', 'css', 'dashboard', 'css', 'js.js')
#3 /Users/markpearson/Google Drive/Documents/Projects/My Websites/Teacherpedia/4.0 CI teacherpedia 1.1/Teacherpedia/ci4/system/CodeIgniter.php(400): CodeIgniter\CodeIgniter->runController(Object(App\Controllers\admin\Manage_Gallery))
#4 /Users/markpearson/Google Drive/Documents/Projects/My Websites/Teacherpedia/4.0 CI teacherpedia 1.1/Teacherpedia/ci4/system/CodeIgniter.php(308): CodeIgniter\CodeIgniter->handleRequest(NULL, Object(Config\Cache), false)
#5 /Users/markpearson/Google Drive/Documents/Projects/My Websites/Teacherpedia/4.0 CI teacherpedia 1.1/Teacherpedia/public_html/index.php(45): CodeIgniter\CodeIgniter->run()
#6 {main}
CRITICAL - 2020-07-06 11:03:02 --> Trying to get property 'resource_name' of non-object
#0 /Users/markpearson/Google Drive/Documents/Projects/My Websites/Teacherpedia/4.0 CI teacherpedia 1.1/Teacherpedia/ci4/app/Controllers/Resources.php(72): CodeIgniter\Debug\Exceptions->errorHandler(8, 'Trying to get p...', '/Users/markpear...', 72, Array)
#1 /Users/markpearson/Google Drive/Documents/Projects/My Websites/Teacherpedia/4.0 CI teacherpedia 1.1/Teacherpedia/ci4/system/CodeIgniter.php(914): App\Controllers\Resources->load('resources', '2020', '06-07-90', 'resources', '2020', '06-07-90', '05-34-06', 'banner.png')
#2 /Users/markpearson/Google Drive/Documents/Projects/My Websites/Teacherpedia/4.0 CI teacherpedia 1.1/Teacherpedia/ci4/system/CodeIgniter.php(400): CodeIgniter\CodeIgniter->runController(Object(App\Controllers\Resources))
#3 /Users/markpearson/Google Drive/Documents/Projects/My Websites/Teacherpedia/4.0 CI teacherpedia 1.1/Teacherpedia/ci4/system/CodeIgniter.php(308): CodeIgniter\CodeIgniter->handleRequest(NULL, Object(Config\Cache), false)
#4 /Users/markpearson/Google Drive/Documents/Projects/My Websites/Teacherpedia/4.0 CI teacherpedia 1.1/Teacherpedia/public_html/index.php(45): CodeIgniter\CodeIgniter->run()
#5 {main}
CRITICAL - 2020-07-06 11:03:04 --> Trying to get property 'link' of non-object
#0 /Users/markpearson/Google Drive/Documents/Projects/My Websites/Teacherpedia/4.0 CI teacherpedia 1.1/Teacherpedia/ci4/app/Models/Image.php(128): CodeIgniter\Debug\Exceptions->errorHandler(8, 'Trying to get p...', '/Users/markpear...', 128, Array)
#1 /Users/markpearson/Google Drive/Documents/Projects/My Websites/Teacherpedia/4.0 CI teacherpedia 1.1/Teacherpedia/ci4/app/Controllers/Admin/Manage_gallery.php(235): App\Models\Image->image_delete('24')
#2 /Users/markpearson/Google Drive/Documents/Projects/My Websites/Teacherpedia/4.0 CI teacherpedia 1.1/Teacherpedia/ci4/system/CodeIgniter.php(914): App\Controllers\admin\Manage_Gallery->image_delete('24')
#3 /Users/markpearson/Google Drive/Documents/Projects/My Websites/Teacherpedia/4.0 CI teacherpedia 1.1/Teacherpedia/ci4/system/CodeIgniter.php(400): CodeIgniter\CodeIgniter->runController(Object(App\Controllers\admin\Manage_Gallery))
#4 /Users/markpearson/Google Drive/Documents/Projects/My Websites/Teacherpedia/4.0 CI teacherpedia 1.1/Teacherpedia/ci4/system/CodeIgniter.php(308): CodeIgniter\CodeIgniter->handleRequest(NULL, Object(Config\Cache), false)
#5 /Users/markpearson/Google Drive/Documents/Projects/My Websites/Teacherpedia/4.0 CI teacherpedia 1.1/Teacherpedia/public_html/index.php(45): CodeIgniter\CodeIgniter->run()
#6 {main}
CRITICAL - 2020-07-06 11:04:23 --> Undefined property: CodeIgniter\Database\MySQLi\Result::$link
#0 /Users/markpearson/Google Drive/Documents/Projects/My Websites/Teacherpedia/4.0 CI teacherpedia 1.1/Teacherpedia/ci4/app/Models/Image.php(128): CodeIgniter\Debug\Exceptions->errorHandler(8, 'Undefined prope...', '/Users/markpear...', 128, Array)
#1 /Users/markpearson/Google Drive/Documents/Projects/My Websites/Teacherpedia/4.0 CI teacherpedia 1.1/Teacherpedia/ci4/app/Controllers/Admin/Manage_gallery.php(235): App\Models\Image->image_delete('24')
#2 /Users/markpearson/Google Drive/Documents/Projects/My Websites/Teacherpedia/4.0 CI teacherpedia 1.1/Teacherpedia/ci4/system/CodeIgniter.php(914): App\Controllers\admin\Manage_Gallery->image_delete('24')
#3 /Users/markpearson/Google Drive/Documents/Projects/My Websites/Teacherpedia/4.0 CI teacherpedia 1.1/Teacherpedia/ci4/system/CodeIgniter.php(400): CodeIgniter\CodeIgniter->runController(Object(App\Controllers\admin\Manage_Gallery))
#4 /Users/markpearson/Google Drive/Documents/Projects/My Websites/Teacherpedia/4.0 CI teacherpedia 1.1/Teacherpedia/ci4/system/CodeIgniter.php(308): CodeIgniter\CodeIgniter->handleRequest(NULL, Object(Config\Cache), false)
#5 /Users/markpearson/Google Drive/Documents/Projects/My Websites/Teacherpedia/4.0 CI teacherpedia 1.1/Teacherpedia/public_html/index.php(45): CodeIgniter\CodeIgniter->run()
#6 {main}
CRITICAL - 2020-07-06 11:04:34 --> Trying to get property 'file_name' of non-object
#0 /Users/markpearson/Google Drive/Documents/Projects/My Websites/Teacherpedia/4.0 CI teacherpedia 1.1/Teacherpedia/ci4/app/Models/Image.php(128): CodeIgniter\Debug\Exceptions->errorHandler(8, 'Trying to get p...', '/Users/markpear...', 128, Array)
#1 /Users/markpearson/Google Drive/Documents/Projects/My Websites/Teacherpedia/4.0 CI teacherpedia 1.1/Teacherpedia/ci4/app/Controllers/Admin/Manage_gallery.php(235): App\Models\Image->image_delete('24')
#2 /Users/markpearson/Google Drive/Documents/Projects/My Websites/Teacherpedia/4.0 CI teacherpedia 1.1/Teacherpedia/ci4/system/CodeIgniter.php(914): App\Controllers\admin\Manage_Gallery->image_delete('24')
#3 /Users/markpearson/Google Drive/Documents/Projects/My Websites/Teacherpedia/4.0 CI teacherpedia 1.1/Teacherpedia/ci4/system/CodeIgniter.php(400): CodeIgniter\CodeIgniter->runController(Object(App\Controllers\admin\Manage_Gallery))
#4 /Users/markpearson/Google Drive/Documents/Projects/My Websites/Teacherpedia/4.0 CI teacherpedia 1.1/Teacherpedia/ci4/system/CodeIgniter.php(308): CodeIgniter\CodeIgniter->handleRequest(NULL, Object(Config\Cache), false)
#5 /Users/markpearson/Google Drive/Documents/Projects/My Websites/Teacherpedia/4.0 CI teacherpedia 1.1/Teacherpedia/public_html/index.php(45): CodeIgniter\CodeIgniter->run()
#6 {main}
CRITICAL - 2020-07-06 11:05:19 --> Trying to get property 'link' of non-object
#0 /Users/markpearson/Google Drive/Documents/Projects/My Websites/Teacherpedia/4.0 CI teacherpedia 1.1/Teacherpedia/ci4/app/Models/Image.php(128): CodeIgniter\Debug\Exceptions->errorHandler(8, 'Trying to get p...', '/Users/markpear...', 128, Array)
#1 /Users/markpearson/Google Drive/Documents/Projects/My Websites/Teacherpedia/4.0 CI teacherpedia 1.1/Teacherpedia/ci4/app/Controllers/Admin/Manage_gallery.php(235): App\Models\Image->image_delete('assets')
#2 /Users/markpearson/Google Drive/Documents/Projects/My Websites/Teacherpedia/4.0 CI teacherpedia 1.1/Teacherpedia/ci4/system/CodeIgniter.php(914): App\Controllers\admin\Manage_Gallery->image_delete('assets', 'css', 'dashboard', 'css', 'js.js')
#3 /Users/markpearson/Google Drive/Documents/Projects/My Websites/Teacherpedia/4.0 CI teacherpedia 1.1/Teacherpedia/ci4/system/CodeIgniter.php(400): CodeIgniter\CodeIgniter->runController(Object(App\Controllers\admin\Manage_Gallery))
#4 /Users/markpearson/Google Drive/Documents/Projects/My Websites/Teacherpedia/4.0 CI teacherpedia 1.1/Teacherpedia/ci4/system/CodeIgniter.php(308): CodeIgniter\CodeIgniter->handleRequest(NULL, Object(Config\Cache), false)
#5 /Users/markpearson/Google Drive/Documents/Projects/My Websites/Teacherpedia/4.0 CI teacherpedia 1.1/Teacherpedia/public_html/index.php(45): CodeIgniter\CodeIgniter->run()
#6 {main}
CRITICAL - 2020-07-06 11:05:20 --> Trying to get property 'link' of non-object
#0 /Users/markpearson/Google Drive/Documents/Projects/My Websites/Teacherpedia/4.0 CI teacherpedia 1.1/Teacherpedia/ci4/app/Models/Image.php(128): CodeIgniter\Debug\Exceptions->errorHandler(8, 'Trying to get p...', '/Users/markpear...', 128, Array)
#1 /Users/markpearson/Google Drive/Documents/Projects/My Websites/Teacherpedia/4.0 CI teacherpedia 1.1/Teacherpedia/ci4/app/Controllers/Admin/Manage_gallery.php(235): App\Models\Image->image_delete('25')
#2 /Users/markpearson/Google Drive/Documents/Projects/My Websites/Teacherpedia/4.0 CI teacherpedia 1.1/Teacherpedia/ci4/system/CodeIgniter.php(914): App\Controllers\admin\Manage_Gallery->image_delete('25')
#3 /Users/markpearson/Google Drive/Documents/Projects/My Websites/Teacherpedia/4.0 CI teacherpedia 1.1/Teacherpedia/ci4/system/CodeIgniter.php(400): CodeIgniter\CodeIgniter->runController(Object(App\Controllers\admin\Manage_Gallery))
#4 /Users/markpearson/Google Drive/Documents/Projects/My Websites/Teacherpedia/4.0 CI teacherpedia 1.1/Teacherpedia/ci4/system/CodeIgniter.php(308): CodeIgniter\CodeIgniter->handleRequest(NULL, Object(Config\Cache), false)
#5 /Users/markpearson/Google Drive/Documents/Projects/My Websites/Teacherpedia/4.0 CI teacherpedia 1.1/Teacherpedia/public_html/index.php(45): CodeIgniter\CodeIgniter->run()
#6 {main}
CRITICAL - 2020-07-06 11:14:35 --> Trying to get property 'link' of non-object
#0 /Users/markpearson/Google Drive/Documents/Projects/My Websites/Teacherpedia/4.0 CI teacherpedia 1.1/Teacherpedia/ci4/app/Models/Image.php(123): CodeIgniter\Debug\Exceptions->errorHandler(8, 'Trying to get p...', '/Users/markpear...', 123, Array)
#1 /Users/markpearson/Google Drive/Documents/Projects/My Websites/Teacherpedia/4.0 CI teacherpedia 1.1/Teacherpedia/ci4/app/Controllers/Admin/Manage_gallery.php(235): App\Models\Image->image_delete('assets')
#2 /Users/markpearson/Google Drive/Documents/Projects/My Websites/Teacherpedia/4.0 CI teacherpedia 1.1/Teacherpedia/ci4/system/CodeIgniter.php(914): App\Controllers\admin\Manage_Gallery->image_delete('assets', 'css', 'dashboard', 'css', 'js.js')
#3 /Users/markpearson/Google Drive/Documents/Projects/My Websites/Teacherpedia/4.0 CI teacherpedia 1.1/Teacherpedia/ci4/system/CodeIgniter.php(400): CodeIgniter\CodeIgniter->runController(Object(App\Controllers\admin\Manage_Gallery))
#4 /Users/markpearson/Google Drive/Documents/Projects/My Websites/Teacherpedia/4.0 CI teacherpedia 1.1/Teacherpedia/ci4/system/CodeIgniter.php(308): CodeIgniter\CodeIgniter->handleRequest(NULL, Object(Config\Cache), false)
#5 /Users/markpearson/Google Drive/Documents/Projects/My Websites/Teacherpedia/4.0 CI teacherpedia 1.1/Teacherpedia/public_html/index.php(45): CodeIgniter\CodeIgniter->run()
#6 {main}
CRITICAL - 2020-07-06 11:14:35 --> Trying to get property 'link' of non-object
#0 /Users/markpearson/Google Drive/Documents/Projects/My Websites/Teacherpedia/4.0 CI teacherpedia 1.1/Teacherpedia/ci4/app/Models/Image.php(123): CodeIgniter\Debug\Exceptions->errorHandler(8, 'Trying to get p...', '/Users/markpear...', 123, Array)
#1 /Users/markpearson/Google Drive/Documents/Projects/My Websites/Teacherpedia/4.0 CI teacherpedia 1.1/Teacherpedia/ci4/app/Controllers/Admin/Manage_gallery.php(235): App\Models\Image->image_delete('26')
#2 /Users/markpearson/Google Drive/Documents/Projects/My Websites/Teacherpedia/4.0 CI teacherpedia 1.1/Teacherpedia/ci4/system/CodeIgniter.php(914): App\Controllers\admin\Manage_Gallery->image_delete('26')
#3 /Users/markpearson/Google Drive/Documents/Projects/My Websites/Teacherpedia/4.0 CI teacherpedia 1.1/Teacherpedia/ci4/system/CodeIgniter.php(400): CodeIgniter\CodeIgniter->runController(Object(App\Controllers\admin\Manage_Gallery))
#4 /Users/markpearson/Google Drive/Documents/Projects/My Websites/Teacherpedia/4.0 CI teacherpedia 1.1/Teacherpedia/ci4/system/CodeIgniter.php(308): CodeIgniter\CodeIgniter->handleRequest(NULL, Object(Config\Cache), false)
#5 /Users/markpearson/Google Drive/Documents/Projects/My Websites/Teacherpedia/4.0 CI teacherpedia 1.1/Teacherpedia/public_html/index.php(45): CodeIgniter\CodeIgniter->run()
#6 {main}
CRITICAL - 2020-07-06 11:15:09 --> Trying to get property 'resource_name' of non-object
#0 /Users/markpearson/Google Drive/Documents/Projects/My Websites/Teacherpedia/4.0 CI teacherpedia 1.1/Teacherpedia/ci4/app/Controllers/Resources.php(72): CodeIgniter\Debug\Exceptions->errorHandler(8, 'Trying to get p...', '/Users/markpear...', 72, Array)
#1 /Users/markpearson/Google Drive/Documents/Projects/My Websites/Teacherpedia/4.0 CI teacherpedia 1.1/Teacherpedia/ci4/system/CodeIgniter.php(914): App\Controllers\Resources->load('resources', '2020', '06-07-90', 'resources', '2020', '06-07-90', '05-34-06', 'banner.png')
#2 /Users/markpearson/Google Drive/Documents/Projects/My Websites/Teacherpedia/4.0 CI teacherpedia 1.1/Teacherpedia/ci4/system/CodeIgniter.php(400): CodeIgniter\CodeIgniter->runController(Object(App\Controllers\Resources))
#3 /Users/markpearson/Google Drive/Documents/Projects/My Websites/Teacherpedia/4.0 CI teacherpedia 1.1/Teacherpedia/ci4/system/CodeIgniter.php(308): CodeIgniter\CodeIgniter->handleRequest(NULL, Object(Config\Cache), false)
#4 /Users/markpearson/Google Drive/Documents/Projects/My Websites/Teacherpedia/4.0 CI teacherpedia 1.1/Teacherpedia/public_html/index.php(45): CodeIgniter\CodeIgniter->run()
#5 {main}
CRITICAL - 2020-07-06 11:15:36 --> include(year5table.html): failed to open stream: No such file or directory
#0 /Users/markpearson/Google Drive/Documents/Projects/My Websites/Teacherpedia/4.0 CI teacherpedia 1.1/Teacherpedia/resources/2020/06-07-90/07-12-34/index.php(18): CodeIgniter\Debug\Exceptions->errorHandler(2, 'include(year5ta...', '/Users/markpear...', 18, Array)
#1 /Users/markpearson/Google Drive/Documents/Projects/My Websites/Teacherpedia/4.0 CI teacherpedia 1.1/Teacherpedia/resources/2020/06-07-90/07-12-34/index.php(18): include()
#2 /Users/markpearson/Google Drive/Documents/Projects/My Websites/Teacherpedia/4.0 CI teacherpedia 1.1/Teacherpedia/ci4/system/View/View.php(246): include('/Users/markpear...')
#3 /Users/markpearson/Google Drive/Documents/Projects/My Websites/Teacherpedia/4.0 CI teacherpedia 1.1/Teacherpedia/ci4/system/Common.php(1087): CodeIgniter\View\View->render('../../../resour...', Array, true)
#4 /Users/markpearson/Google Drive/Documents/Projects/My Websites/Teacherpedia/4.0 CI teacherpedia 1.1/Teacherpedia/ci4/app/Controllers/Resources.php(79): view('../../../resour...', Array)
#5 /Users/markpearson/Google Drive/Documents/Projects/My Websites/Teacherpedia/4.0 CI teacherpedia 1.1/Teacherpedia/ci4/system/CodeIgniter.php(914): App\Controllers\Resources->load('resources', '2020', '06-07-90', '07-12-34', '787')
#6 /Users/markpearson/Google Drive/Documents/Projects/My Websites/Teacherpedia/4.0 CI teacherpedia 1.1/Teacherpedia/ci4/system/CodeIgniter.php(400): CodeIgniter\CodeIgniter->runController(Object(App\Controllers\Resources))
#7 /Users/markpearson/Google Drive/Documents/Projects/My Websites/Teacherpedia/4.0 CI teacherpedia 1.1/Teacherpedia/ci4/system/CodeIgniter.php(308): CodeIgniter\CodeIgniter->handleRequest(NULL, Object(Config\Cache), false)
#8 /Users/markpearson/Google Drive/Documents/Projects/My Websites/Teacherpedia/4.0 CI teacherpedia 1.1/Teacherpedia/public_html/index.php(45): CodeIgniter\CodeIgniter->run()
#9 {main}
CRITICAL - 2020-07-06 11:19:26 --> Trying to get property 'link' of non-object
#0 /Users/markpearson/Google Drive/Documents/Projects/My Websites/Teacherpedia/4.0 CI teacherpedia 1.1/Teacherpedia/ci4/app/Models/Image.php(123): CodeIgniter\Debug\Exceptions->errorHandler(8, 'Trying to get p...', '/Users/markpear...', 123, Array)
#1 /Users/markpearson/Google Drive/Documents/Projects/My Websites/Teacherpedia/4.0 CI teacherpedia 1.1/Teacherpedia/ci4/app/Controllers/Admin/Manage_gallery.php(235): App\Models\Image->image_delete('assets')
#2 /Users/markpearson/Google Drive/Documents/Projects/My Websites/Teacherpedia/4.0 CI teacherpedia 1.1/Teacherpedia/ci4/system/CodeIgniter.php(914): App\Controllers\admin\Manage_Gallery->image_delete('assets', 'css', 'dashboard', 'css', 'js.js')
#3 /Users/markpearson/Google Drive/Documents/Projects/My Websites/Teacherpedia/4.0 CI teacherpedia 1.1/Teacherpedia/ci4/system/CodeIgniter.php(400): CodeIgniter\CodeIgniter->runController(Object(App\Controllers\admin\Manage_Gallery))
#4 /Users/markpearson/Google Drive/Documents/Projects/My Websites/Teacherpedia/4.0 CI teacherpedia 1.1/Teacherpedia/ci4/system/CodeIgniter.php(308): CodeIgniter\CodeIgniter->handleRequest(NULL, Object(Config\Cache), false)
#5 /Users/markpearson/Google Drive/Documents/Projects/My Websites/Teacherpedia/4.0 CI teacherpedia 1.1/Teacherpedia/public_html/index.php(45): CodeIgniter\CodeIgniter->run()
#6 {main}
CRITICAL - 2020-07-06 11:22:09 --> Trying to get property 'link' of non-object
#0 /Users/markpearson/Google Drive/Documents/Projects/My Websites/Teacherpedia/4.0 CI teacherpedia 1.1/Teacherpedia/ci4/app/Models/Image.php(123): CodeIgniter\Debug\Exceptions->errorHandler(8, 'Trying to get p...', '/Users/markpear...', 123, Array)
#1 /Users/markpearson/Google Drive/Documents/Projects/My Websites/Teacherpedia/4.0 CI teacherpedia 1.1/Teacherpedia/ci4/app/Controllers/Admin/Manage_gallery.php(235): App\Models\Image->image_delete('assets')
#2 /Users/markpearson/Google Drive/Documents/Projects/My Websites/Teacherpedia/4.0 CI teacherpedia 1.1/Teacherpedia/ci4/system/CodeIgniter.php(914): App\Controllers\admin\Manage_Gallery->image_delete('assets', 'css', 'dashboard', 'css', 'js.js')
#3 /Users/markpearson/Google Drive/Documents/Projects/My Websites/Teacherpedia/4.0 CI teacherpedia 1.1/Teacherpedia/ci4/system/CodeIgniter.php(400): CodeIgniter\CodeIgniter->runController(Object(App\Controllers\admin\Manage_Gallery))
#4 /Users/markpearson/Google Drive/Documents/Projects/My Websites/Teacherpedia/4.0 CI teacherpedia 1.1/Teacherpedia/ci4/system/CodeIgniter.php(308): CodeIgniter\CodeIgniter->handleRequest(NULL, Object(Config\Cache), false)
#5 /Users/markpearson/Google Drive/Documents/Projects/My Websites/Teacherpedia/4.0 CI teacherpedia 1.1/Teacherpedia/public_html/index.php(45): CodeIgniter\CodeIgniter->run()
#6 {main}
CRITICAL - 2020-07-06 11:22:09 --> Trying to get property 'link' of non-object
#0 /Users/markpearson/Google Drive/Documents/Projects/My Websites/Teacherpedia/4.0 CI teacherpedia 1.1/Teacherpedia/ci4/app/Models/Image.php(123): CodeIgniter\Debug\Exceptions->errorHandler(8, 'Trying to get p...', '/Users/markpear...', 123, Array)
#1 /Users/markpearson/Google Drive/Documents/Projects/My Websites/Teacherpedia/4.0 CI teacherpedia 1.1/Teacherpedia/ci4/app/Controllers/Admin/Manage_gallery.php(235): App\Models\Image->image_delete('assets')
#2 /Users/markpearson/Google Drive/Documents/Projects/My Websites/Teacherpedia/4.0 CI teacherpedia 1.1/Teacherpedia/ci4/system/CodeIgniter.php(914): App\Controllers\admin\Manage_Gallery->image_delete('assets', 'css', 'dashboard', 'css', 'js.js')
#3 /Users/markpearson/Google Drive/Documents/Projects/My Websites/Teacherpedia/4.0 CI teacherpedia 1.1/Teacherpedia/ci4/system/CodeIgniter.php(400): CodeIgniter\CodeIgniter->runController(Object(App\Controllers\admin\Manage_Gallery))
#4 /Users/markpearson/Google Drive/Documents/Projects/My Websites/Teacherpedia/4.0 CI teacherpedia 1.1/Teacherpedia/ci4/system/CodeIgniter.php(308): CodeIgniter\CodeIgniter->handleRequest(NULL, Object(Config\Cache), false)
#5 /Users/markpearson/Google Drive/Documents/Projects/My Websites/Teacherpedia/4.0 CI teacherpedia 1.1/Teacherpedia/public_html/index.php(45): CodeIgniter\CodeIgniter->run()
#6 {main}
CRITICAL - 2020-07-06 11:23:36 --> Trying to get property 'link' of non-object
#0 /Users/markpearson/Google Drive/Documents/Projects/My Websites/Teacherpedia/4.0 CI teacherpedia 1.1/Teacherpedia/ci4/app/Models/Image.php(123): CodeIgniter\Debug\Exceptions->errorHandler(8, 'Trying to get p...', '/Users/markpear...', 123, Array)
#1 /Users/markpearson/Google Drive/Documents/Projects/My Websites/Teacherpedia/4.0 CI teacherpedia 1.1/Teacherpedia/ci4/app/Controllers/Admin/Manage_gallery.php(235): App\Models\Image->image_delete('assets')
#2 /Users/markpearson/Google Drive/Documents/Projects/My Websites/Teacherpedia/4.0 CI teacherpedia 1.1/Teacherpedia/ci4/system/CodeIgniter.php(914): App\Controllers\admin\Manage_Gallery->image_delete('assets', 'css', 'dashboard', 'css', 'js.js')
#3 /Users/markpearson/Google Drive/Documents/Projects/My Websites/Teacherpedia/4.0 CI teacherpedia 1.1/Teacherpedia/ci4/system/CodeIgniter.php(400): CodeIgniter\CodeIgniter->runController(Object(App\Controllers\admin\Manage_Gallery))
#4 /Users/markpearson/Google Drive/Documents/Projects/My Websites/Teacherpedia/4.0 CI teacherpedia 1.1/Teacherpedia/ci4/system/CodeIgniter.php(308): CodeIgniter\CodeIgniter->handleRequest(NULL, Object(Config\Cache), false)
#5 /Users/markpearson/Google Drive/Documents/Projects/My Websites/Teacherpedia/4.0 CI teacherpedia 1.1/Teacherpedia/public_html/index.php(45): CodeIgniter\CodeIgniter->run()
#6 {main}
CRITICAL - 2020-07-06 11:27:46 --> syntax error, unexpected ')', expecting ']'
#0 /Users/markpearson/Google Drive/Documents/Projects/My Websites/Teacherpedia/4.0 CI teacherpedia 1.1/Teacherpedia/ci4/system/Router/Router.php(192): CodeIgniter\Router\Router->autoRoute('admin/manage_ga...')
#1 /Users/markpearson/Google Drive/Documents/Projects/My Websites/Teacherpedia/4.0 CI teacherpedia 1.1/Teacherpedia/ci4/system/CodeIgniter.php(789): CodeIgniter\Router\Router->handle('admin/manage_ga...')
#2 /Users/markpearson/Google Drive/Documents/Projects/My Websites/Teacherpedia/4.0 CI teacherpedia 1.1/Teacherpedia/ci4/system/CodeIgniter.php(360): CodeIgniter\CodeIgniter->tryToRouteIt(Object(CodeIgniter\Router\RouteCollection))
#3 /Users/markpearson/Google Drive/Documents/Projects/My Websites/Teacherpedia/4.0 CI teacherpedia 1.1/Teacherpedia/ci4/system/CodeIgniter.php(308): CodeIgniter\CodeIgniter->handleRequest(NULL, Object(Config\Cache), false)
#4 /Users/markpearson/Google Drive/Documents/Projects/My Websites/Teacherpedia/4.0 CI teacherpedia 1.1/Teacherpedia/public_html/index.php(45): CodeIgniter\CodeIgniter->run()
#5 {main}
CRITICAL - 2020-07-06 11:27:58 --> Trying to get property 'link' of non-object
#0 /Users/markpearson/Google Drive/Documents/Projects/My Websites/Teacherpedia/4.0 CI teacherpedia 1.1/Teacherpedia/ci4/app/Models/Image.php(123): CodeIgniter\Debug\Exceptions->errorHandler(8, 'Trying to get p...', '/Users/markpear...', 123, Array)
#1 /Users/markpearson/Google Drive/Documents/Projects/My Websites/Teacherpedia/4.0 CI teacherpedia 1.1/Teacherpedia/ci4/app/Controllers/Admin/Manage_gallery.php(235): App\Models\Image->image_delete('29')
#2 /Users/markpearson/Google Drive/Documents/Projects/My Websites/Teacherpedia/4.0 CI teacherpedia 1.1/Teacherpedia/ci4/system/CodeIgniter.php(914): App\Controllers\admin\Manage_Gallery->image_delete('29')
#3 /Users/markpearson/Google Drive/Documents/Projects/My Websites/Teacherpedia/4.0 CI teacherpedia 1.1/Teacherpedia/ci4/system/CodeIgniter.php(400): CodeIgniter\CodeIgniter->runController(Object(App\Controllers\admin\Manage_Gallery))
#4 /Users/markpearson/Google Drive/Documents/Projects/My Websites/Teacherpedia/4.0 CI teacherpedia 1.1/Teacherpedia/ci4/system/CodeIgniter.php(308): CodeIgniter\CodeIgniter->handleRequest(NULL, Object(Config\Cache), false)
#5 /Users/markpearson/Google Drive/Documents/Projects/My Websites/Teacherpedia/4.0 CI teacherpedia 1.1/Teacherpedia/public_html/index.php(45): CodeIgniter\CodeIgniter->run()
#6 {main}
CRITICAL - 2020-07-06 11:28:43 --> Undefined property: CodeIgniter\Database\MySQLi\Result::$link
#0 /Users/markpearson/Google Drive/Documents/Projects/My Websites/Teacherpedia/4.0 CI teacherpedia 1.1/Teacherpedia/ci4/app/Models/Image.php(123): CodeIgniter\Debug\Exceptions->errorHandler(8, 'Undefined prope...', '/Users/markpear...', 123, Array)
#1 /Users/markpearson/Google Drive/Documents/Projects/My Websites/Teacherpedia/4.0 CI teacherpedia 1.1/Teacherpedia/ci4/app/Controllers/Admin/Manage_gallery.php(235): App\Models\Image->image_delete('29')
#2 /Users/markpearson/Google Drive/Documents/Projects/My Websites/Teacherpedia/4.0 CI teacherpedia 1.1/Teacherpedia/ci4/system/CodeIgniter.php(914): App\Controllers\admin\Manage_Gallery->image_delete('29')
#3 /Users/markpearson/Google Drive/Documents/Projects/My Websites/Teacherpedia/4.0 CI teacherpedia 1.1/Teacherpedia/ci4/system/CodeIgniter.php(400): CodeIgniter\CodeIgniter->runController(Object(App\Controllers\admin\Manage_Gallery))
#4 /Users/markpearson/Google Drive/Documents/Projects/My Websites/Teacherpedia/4.0 CI teacherpedia 1.1/Teacherpedia/ci4/system/CodeIgniter.php(308): CodeIgniter\CodeIgniter->handleRequest(NULL, Object(Config\Cache), false)
#5 /Users/markpearson/Google Drive/Documents/Projects/My Websites/Teacherpedia/4.0 CI teacherpedia 1.1/Teacherpedia/public_html/index.php(45): CodeIgniter\CodeIgniter->run()
#6 {main}
CRITICAL - 2020-07-06 11:28:53 --> Undefined property: CodeIgniter\Database\MySQLi\Builder::$link
#0 /Users/markpearson/Google Drive/Documents/Projects/My Websites/Teacherpedia/4.0 CI teacherpedia 1.1/Teacherpedia/ci4/app/Models/Image.php(123): CodeIgniter\Debug\Exceptions->errorHandler(8, 'Undefined prope...', '/Users/markpear...', 123, Array)
#1 /Users/markpearson/Google Drive/Documents/Projects/My Websites/Teacherpedia/4.0 CI teacherpedia 1.1/Teacherpedia/ci4/app/Controllers/Admin/Manage_gallery.php(235): App\Models\Image->image_delete('29')
#2 /Users/markpearson/Google Drive/Documents/Projects/My Websites/Teacherpedia/4.0 CI teacherpedia 1.1/Teacherpedia/ci4/system/CodeIgniter.php(914): App\Controllers\admin\Manage_Gallery->image_delete('29')
#3 /Users/markpearson/Google Drive/Documents/Projects/My Websites/Teacherpedia/4.0 CI teacherpedia 1.1/Teacherpedia/ci4/system/CodeIgniter.php(400): CodeIgniter\CodeIgniter->runController(Object(App\Controllers\admin\Manage_Gallery))
#4 /Users/markpearson/Google Drive/Documents/Projects/My Websites/Teacherpedia/4.0 CI teacherpedia 1.1/Teacherpedia/ci4/system/CodeIgniter.php(308): CodeIgniter\CodeIgniter->handleRequest(NULL, Object(Config\Cache), false)
#5 /Users/markpearson/Google Drive/Documents/Projects/My Websites/Teacherpedia/4.0 CI teacherpedia 1.1/Teacherpedia/public_html/index.php(45): CodeIgniter\CodeIgniter->run()
#6 {main}
CRITICAL - 2020-07-06 11:29:57 --> Trying to get property 'link' of non-object
#0 /Users/markpearson/Google Drive/Documents/Projects/My Websites/Teacherpedia/4.0 CI teacherpedia 1.1/Teacherpedia/ci4/app/Models/Image.php(123): CodeIgniter\Debug\Exceptions->errorHandler(8, 'Trying to get p...', '/Users/markpear...', 123, Array)
#1 /Users/markpearson/Google Drive/Documents/Projects/My Websites/Teacherpedia/4.0 CI teacherpedia 1.1/Teacherpedia/ci4/app/Controllers/Admin/Manage_gallery.php(235): App\Models\Image->image_delete('29')
#2 /Users/markpearson/Google Drive/Documents/Projects/My Websites/Teacherpedia/4.0 CI teacherpedia 1.1/Teacherpedia/ci4/system/CodeIgniter.php(914): App\Controllers\admin\Manage_Gallery->image_delete('29')
#3 /Users/markpearson/Google Drive/Documents/Projects/My Websites/Teacherpedia/4.0 CI teacherpedia 1.1/Teacherpedia/ci4/system/CodeIgniter.php(400): CodeIgniter\CodeIgniter->runController(Object(App\Controllers\admin\Manage_Gallery))
#4 /Users/markpearson/Google Drive/Documents/Projects/My Websites/Teacherpedia/4.0 CI teacherpedia 1.1/Teacherpedia/ci4/system/CodeIgniter.php(308): CodeIgniter\CodeIgniter->handleRequest(NULL, Object(Config\Cache), false)
#5 /Users/markpearson/Google Drive/Documents/Projects/My Websites/Teacherpedia/4.0 CI teacherpedia 1.1/Teacherpedia/public_html/index.php(45): CodeIgniter\CodeIgniter->run()
#6 {main}
CRITICAL - 2020-07-06 11:30:27 --> Trying to get property 'link' of non-object
#0 /Users/markpearson/Google Drive/Documents/Projects/My Websites/Teacherpedia/4.0 CI teacherpedia 1.1/Teacherpedia/ci4/app/Models/Image.php(123): CodeIgniter\Debug\Exceptions->errorHandler(8, 'Trying to get p...', '/Users/markpear...', 123, Array)
#1 /Users/markpearson/Google Drive/Documents/Projects/My Websites/Teacherpedia/4.0 CI teacherpedia 1.1/Teacherpedia/ci4/app/Controllers/Admin/Manage_gallery.php(235): App\Models\Image->image_delete('assets')
#2 /Users/markpearson/Google Drive/Documents/Projects/My Websites/Teacherpedia/4.0 CI teacherpedia 1.1/Teacherpedia/ci4/system/CodeIgniter.php(914): App\Controllers\admin\Manage_Gallery->image_delete('assets', 'css', 'dashboard', 'css', 'js.js')
#3 /Users/markpearson/Google Drive/Documents/Projects/My Websites/Teacherpedia/4.0 CI teacherpedia 1.1/Teacherpedia/ci4/system/CodeIgniter.php(400): CodeIgniter\CodeIgniter->runController(Object(App\Controllers\admin\Manage_Gallery))
#4 /Users/markpearson/Google Drive/Documents/Projects/My Websites/Teacherpedia/4.0 CI teacherpedia 1.1/Teacherpedia/ci4/system/CodeIgniter.php(308): CodeIgniter\CodeIgniter->handleRequest(NULL, Object(Config\Cache), false)
#5 /Users/markpearson/Google Drive/Documents/Projects/My Websites/Teacherpedia/4.0 CI teacherpedia 1.1/Teacherpedia/public_html/index.php(45): CodeIgniter\CodeIgniter->run()
#6 {main}
CRITICAL - 2020-07-06 11:31:03 --> scandir(../resources/2020/29-02/10-41-14-746): failed to open dir: No such file or directory
#0 [internal function]: CodeIgniter\Debug\Exceptions->errorHandler(2, 'scandir(../reso...', '/Users/markpear...', 75, Array)
#1 /Users/markpearson/Google Drive/Documents/Projects/My Websites/Teacherpedia/4.0 CI teacherpedia 1.1/Teacherpedia/ci4/app/Controllers/Admin/Resources.php(75): scandir('../resources/20...')
#2 /Users/markpearson/Google Drive/Documents/Projects/My Websites/Teacherpedia/4.0 CI teacherpedia 1.1/Teacherpedia/ci4/system/CodeIgniter.php(914): App\Controllers\admin\Resources->edit_resource('615')
#3 /Users/markpearson/Google Drive/Documents/Projects/My Websites/Teacherpedia/4.0 CI teacherpedia 1.1/Teacherpedia/ci4/system/CodeIgniter.php(400): CodeIgniter\CodeIgniter->runController(Object(App\Controllers\admin\Resources))
#4 /Users/markpearson/Google Drive/Documents/Projects/My Websites/Teacherpedia/4.0 CI teacherpedia 1.1/Teacherpedia/ci4/system/CodeIgniter.php(308): CodeIgniter\CodeIgniter->handleRequest(NULL, Object(Config\Cache), false)
#5 /Users/markpearson/Google Drive/Documents/Projects/My Websites/Teacherpedia/4.0 CI teacherpedia 1.1/Teacherpedia/public_html/index.php(45): CodeIgniter\CodeIgniter->run()
#6 {main}
CRITICAL - 2020-07-06 11:31:49 --> Undefined variable: row
#0 /Users/markpearson/Google Drive/Documents/Projects/My Websites/Teacherpedia/4.0 CI teacherpedia 1.1/Teacherpedia/ci4/app/Views/admin/resources/form_edit.php(28): CodeIgniter\Debug\Exceptions->errorHandler(8, 'Undefined varia...', '/Users/markpear...', 28, Array)
#1 /Users/markpearson/Google Drive/Documents/Projects/My Websites/Teacherpedia/4.0 CI teacherpedia 1.1/Teacherpedia/ci4/system/View/View.php(246): include('/Users/markpear...')
#2 /Users/markpearson/Google Drive/Documents/Projects/My Websites/Teacherpedia/4.0 CI teacherpedia 1.1/Teacherpedia/ci4/system/Common.php(1087): CodeIgniter\View\View->render('admin/resources...', Array, true)
#3 /Users/markpearson/Google Drive/Documents/Projects/My Websites/Teacherpedia/4.0 CI teacherpedia 1.1/Teacherpedia/ci4/app/Controllers/Admin/Resources.php(97): view('admin/resources...', Array)
#4 /Users/markpearson/Google Drive/Documents/Projects/My Websites/Teacherpedia/4.0 CI teacherpedia 1.1/Teacherpedia/ci4/system/CodeIgniter.php(914): App\Controllers\admin\Resources->edit_resource('assets', 'css', 'dashboard', 'css', 'js.js')
#5 /Users/markpearson/Google Drive/Documents/Projects/My Websites/Teacherpedia/4.0 CI teacherpedia 1.1/Teacherpedia/ci4/system/CodeIgniter.php(400): CodeIgniter\CodeIgniter->runController(Object(App\Controllers\admin\Resources))
#6 /Users/markpearson/Google Drive/Documents/Projects/My Websites/Teacherpedia/4.0 CI teacherpedia 1.1/Teacherpedia/ci4/system/CodeIgniter.php(308): CodeIgniter\CodeIgniter->handleRequest(NULL, Object(Config\Cache), false)
#7 /Users/markpearson/Google Drive/Documents/Projects/My Websites/Teacherpedia/4.0 CI teacherpedia 1.1/Teacherpedia/public_html/index.php(45): CodeIgniter\CodeIgniter->run()
#8 {main}
CRITICAL - 2020-07-06 11:31:49 --> Undefined variable: row
#0 /Users/markpearson/Google Drive/Documents/Projects/My Websites/Teacherpedia/4.0 CI teacherpedia 1.1/Teacherpedia/ci4/app/Views/admin/resources/form_edit.php(28): CodeIgniter\Debug\Exceptions->errorHandler(8, 'Undefined varia...', '/Users/markpear...', 28, Array)
#1 /Users/markpearson/Google Drive/Documents/Projects/My Websites/Teacherpedia/4.0 CI teacherpedia 1.1/Teacherpedia/ci4/system/View/View.php(246): include('/Users/markpear...')
#2 /Users/markpearson/Google Drive/Documents/Projects/My Websites/Teacherpedia/4.0 CI teacherpedia 1.1/Teacherpedia/ci4/system/Common.php(1087): CodeIgniter\View\View->render('admin/resources...', Array, true)
#3 /Users/markpearson/Google Drive/Documents/Projects/My Websites/Teacherpedia/4.0 CI teacherpedia 1.1/Teacherpedia/ci4/app/Controllers/Admin/Resources.php(97): view('admin/resources...', Array)
#4 /Users/markpearson/Google Drive/Documents/Projects/My Websites/Teacherpedia/4.0 CI teacherpedia 1.1/Teacherpedia/ci4/system/CodeIgniter.php(914): App\Controllers\admin\Resources->edit_resource('assets', 'css', 'dashboard', 'css', 'js.js')
#5 /Users/markpearson/Google Drive/Documents/Projects/My Websites/Teacherpedia/4.0 CI teacherpedia 1.1/Teacherpedia/ci4/system/CodeIgniter.php(400): CodeIgniter\CodeIgniter->runController(Object(App\Controllers\admin\Resources))
#6 /Users/markpearson/Google Drive/Documents/Projects/My Websites/Teacherpedia/4.0 CI teacherpedia 1.1/Teacherpedia/ci4/system/CodeIgniter.php(308): CodeIgniter\CodeIgniter->handleRequest(NULL, Object(Config\Cache), false)
#7 /Users/markpearson/Google Drive/Documents/Projects/My Websites/Teacherpedia/4.0 CI teacherpedia 1.1/Teacherpedia/public_html/index.php(45): CodeIgniter\CodeIgniter->run()
#8 {main}
CRITICAL - 2020-07-06 11:32:01 --> Undefined variable: row
#0 /Users/markpearson/Google Drive/Documents/Projects/My Websites/Teacherpedia/4.0 CI teacherpedia 1.1/Teacherpedia/ci4/app/Views/admin/resources/form_edit.php(28): CodeIgniter\Debug\Exceptions->errorHandler(8, 'Undefined varia...', '/Users/markpear...', 28, Array)
#1 /Users/markpearson/Google Drive/Documents/Projects/My Websites/Teacherpedia/4.0 CI teacherpedia 1.1/Teacherpedia/ci4/system/View/View.php(246): include('/Users/markpear...')
#2 /Users/markpearson/Google Drive/Documents/Projects/My Websites/Teacherpedia/4.0 CI teacherpedia 1.1/Teacherpedia/ci4/system/Common.php(1087): CodeIgniter\View\View->render('admin/resources...', Array, true)
#3 /Users/markpearson/Google Drive/Documents/Projects/My Websites/Teacherpedia/4.0 CI teacherpedia 1.1/Teacherpedia/ci4/app/Controllers/Admin/Resources.php(97): view('admin/resources...', Array)
#4 /Users/markpearson/Google Drive/Documents/Projects/My Websites/Teacherpedia/4.0 CI teacherpedia 1.1/Teacherpedia/ci4/system/CodeIgniter.php(914): App\Controllers\admin\Resources->edit_resource('assets', 'css', 'dashboard', 'css', 'js.js')
#5 /Users/markpearson/Google Drive/Documents/Projects/My Websites/Teacherpedia/4.0 CI teacherpedia 1.1/Teacherpedia/ci4/system/CodeIgniter.php(400): CodeIgniter\CodeIgniter->runController(Object(App\Controllers\admin\Resources))
#6 /Users/markpearson/Google Drive/Documents/Projects/My Websites/Teacherpedia/4.0 CI teacherpedia 1.1/Teacherpedia/ci4/system/CodeIgniter.php(308): CodeIgniter\CodeIgniter->handleRequest(NULL, Object(Config\Cache), false)
#7 /Users/markpearson/Google Drive/Documents/Projects/My Websites/Teacherpedia/4.0 CI teacherpedia 1.1/Teacherpedia/public_html/index.php(45): CodeIgniter\CodeIgniter->run()
#8 {main}
CRITICAL - 2020-07-06 11:32:16 --> Trying to get property 'resource_name' of non-object
#0 /Users/markpearson/Google Drive/Documents/Projects/My Websites/Teacherpedia/4.0 CI teacherpedia 1.1/Teacherpedia/ci4/app/Controllers/Resources.php(72): CodeIgniter\Debug\Exceptions->errorHandler(8, 'Trying to get p...', '/Users/markpear...', 72, Array)
#1 /Users/markpearson/Google Drive/Documents/Projects/My Websites/Teacherpedia/4.0 CI teacherpedia 1.1/Teacherpedia/ci4/system/CodeIgniter.php(914): App\Controllers\Resources->load('resources', '2020', '29-02', '10-41-14-746', 'images', 'banners_thumbna...', '2020', '29-02', '10-41-14-746', 'banner.png')
#2 /Users/markpearson/Google Drive/Documents/Projects/My Websites/Teacherpedia/4.0 CI teacherpedia 1.1/Teacherpedia/ci4/system/CodeIgniter.php(400): CodeIgniter\CodeIgniter->runController(Object(App\Controllers\Resources))
#3 /Users/markpearson/Google Drive/Documents/Projects/My Websites/Teacherpedia/4.0 CI teacherpedia 1.1/Teacherpedia/ci4/system/CodeIgniter.php(308): CodeIgniter\CodeIgniter->handleRequest(NULL, Object(Config\Cache), false)
#4 /Users/markpearson/Google Drive/Documents/Projects/My Websites/Teacherpedia/4.0 CI teacherpedia 1.1/Teacherpedia/public_html/index.php(45): CodeIgniter\CodeIgniter->run()
#5 {main}
CRITICAL - 2020-07-06 11:32:21 --> Invalid file: ../../resources/2020/29-02/10-41-14-746/generator.php
#0 /Users/markpearson/Google Drive/Documents/Projects/My Websites/Teacherpedia/4.0 CI teacherpedia 1.1/Teacherpedia/ci4/system/View/View.php(228): CodeIgniter\Exceptions\FrameworkException::forInvalidFile('../../resources...')
#1 /Users/markpearson/Google Drive/Documents/Projects/My Websites/Teacherpedia/4.0 CI teacherpedia 1.1/Teacherpedia/ci4/system/Common.php(1087): CodeIgniter\View\View->render('../../resources...', Array, true)
#2 /Users/markpearson/Google Drive/Documents/Projects/My Websites/Teacherpedia/4.0 CI teacherpedia 1.1/Teacherpedia/ci4/app/Controllers/Resources.php(96): view('../../resources...', Array)
#3 /Users/markpearson/Google Drive/Documents/Projects/My Websites/Teacherpedia/4.0 CI teacherpedia 1.1/Teacherpedia/ci4/system/CodeIgniter.php(914): App\Controllers\Resources->loadSheet('615')
#4 /Users/markpearson/Google Drive/Documents/Projects/My Websites/Teacherpedia/4.0 CI teacherpedia 1.1/Teacherpedia/ci4/system/CodeIgniter.php(400): CodeIgniter\CodeIgniter->runController(Object(App\Controllers\Resources))
#5 /Users/markpearson/Google Drive/Documents/Projects/My Websites/Teacherpedia/4.0 CI teacherpedia 1.1/Teacherpedia/ci4/system/CodeIgniter.php(308): CodeIgniter\CodeIgniter->handleRequest(NULL, Object(Config\Cache), false)
#6 /Users/markpearson/Google Drive/Documents/Projects/My Websites/Teacherpedia/4.0 CI teacherpedia 1.1/Teacherpedia/public_html/index.php(45): CodeIgniter\CodeIgniter->run()
#7 {main}
CRITICAL - 2020-07-06 11:32:35 --> Trying to get property 'resource_name' of non-object
#0 /Users/markpearson/Google Drive/Documents/Projects/My Websites/Teacherpedia/4.0 CI teacherpedia 1.1/Teacherpedia/ci4/app/Controllers/Resources.php(72): CodeIgniter\Debug\Exceptions->errorHandler(8, 'Trying to get p...', '/Users/markpear...', 72, Array)
#1 /Users/markpearson/Google Drive/Documents/Projects/My Websites/Teacherpedia/4.0 CI teacherpedia 1.1/Teacherpedia/ci4/system/CodeIgniter.php(914): App\Controllers\Resources->load('resources', '2020', '29-02', '10-41-14-746', 'images', 'banners_thumbna...', '2020', '29-02', '10-41-14-746', 'banner.png')
#2 /Users/markpearson/Google Drive/Documents/Projects/My Websites/Teacherpedia/4.0 CI teacherpedia 1.1/Teacherpedia/ci4/system/CodeIgniter.php(400): CodeIgniter\CodeIgniter->runController(Object(App\Controllers\Resources))
#3 /Users/markpearson/Google Drive/Documents/Projects/My Websites/Teacherpedia/4.0 CI teacherpedia 1.1/Teacherpedia/ci4/system/CodeIgniter.php(308): CodeIgniter\CodeIgniter->handleRequest(NULL, Object(Config\Cache), false)
#4 /Users/markpearson/Google Drive/Documents/Projects/My Websites/Teacherpedia/4.0 CI teacherpedia 1.1/Teacherpedia/public_html/index.php(45): CodeIgniter\CodeIgniter->run()
#5 {main}
CRITICAL - 2020-07-06 11:34:40 --> Trying to get property 'link' of non-object
#0 /Users/markpearson/Google Drive/Documents/Projects/My Websites/Teacherpedia/4.0 CI teacherpedia 1.1/Teacherpedia/ci4/app/Controllers/Resources.php(94): CodeIgniter\Debug\Exceptions->errorHandler(8, 'Trying to get p...', '/Users/markpear...', 94, Array)
#1 /Users/markpearson/Google Drive/Documents/Projects/My Websites/Teacherpedia/4.0 CI teacherpedia 1.1/Teacherpedia/ci4/system/CodeIgniter.php(914): App\Controllers\Resources->loadSheet('resources', '2020', '06-07-90', '07-13-44', 'generator')
#2 /Users/markpearson/Google Drive/Documents/Projects/My Websites/Teacherpedia/4.0 CI teacherpedia 1.1/Teacherpedia/ci4/system/CodeIgniter.php(400): CodeIgniter\CodeIgniter->runController(Object(App\Controllers\Resources))
#3 /Users/markpearson/Google Drive/Documents/Projects/My Websites/Teacherpedia/4.0 CI teacherpedia 1.1/Teacherpedia/ci4/system/CodeIgniter.php(308): CodeIgniter\CodeIgniter->handleRequest(NULL, Object(Config\Cache), false)
#4 /Users/markpearson/Google Drive/Documents/Projects/My Websites/Teacherpedia/4.0 CI teacherpedia 1.1/Teacherpedia/public_html/index.php(45): CodeIgniter\CodeIgniter->run()
#5 {main}
CRITICAL - 2020-07-06 11:37:48 --> Trying to get property 'link' of non-object
#0 /Users/markpearson/Google Drive/Documents/Projects/My Websites/Teacherpedia/4.0 CI teacherpedia 1.1/Teacherpedia/ci4/app/Controllers/Resources.php(94): CodeIgniter\Debug\Exceptions->errorHandler(8, 'Trying to get p...', '/Users/markpear...', 94, Array)
#1 /Users/markpearson/Google Drive/Documents/Projects/My Websites/Teacherpedia/4.0 CI teacherpedia 1.1/Teacherpedia/ci4/system/CodeIgniter.php(914): App\Controllers\Resources->loadSheet('resources', '2020', '06-07-90', '07-13-44', 'generator')
#2 /Users/markpearson/Google Drive/Documents/Projects/My Websites/Teacherpedia/4.0 CI teacherpedia 1.1/Teacherpedia/ci4/system/CodeIgniter.php(400): CodeIgniter\CodeIgniter->runController(Object(App\Controllers\Resources))
#3 /Users/markpearson/Google Drive/Documents/Projects/My Websites/Teacherpedia/4.0 CI teacherpedia 1.1/Teacherpedia/ci4/system/CodeIgniter.php(308): CodeIgniter\CodeIgniter->handleRequest(NULL, Object(Config\Cache), false)
#4 /Users/markpearson/Google Drive/Documents/Projects/My Websites/Teacherpedia/4.0 CI teacherpedia 1.1/Teacherpedia/public_html/index.php(45): CodeIgniter\CodeIgniter->run()
#5 {main}
CRITICAL - 2020-07-06 11:38:01 --> Trying to get property 'action' of non-object
#0 /Users/markpearson/Google Drive/Documents/Projects/My Websites/Teacherpedia/4.0 CI teacherpedia 1.1/Teacherpedia/ci4/app/Controllers/Resources.php(94): CodeIgniter\Debug\Exceptions->errorHandler(8, 'Trying to get p...', '/Users/markpear...', 94, Array)
#1 /Users/markpearson/Google Drive/Documents/Projects/My Websites/Teacherpedia/4.0 CI teacherpedia 1.1/Teacherpedia/ci4/system/CodeIgniter.php(914): App\Controllers\Resources->loadSheet('resources', '2020', '06-07-90', '07-13-44', 'generator')
#2 /Users/markpearson/Google Drive/Documents/Projects/My Websites/Teacherpedia/4.0 CI teacherpedia 1.1/Teacherpedia/ci4/system/CodeIgniter.php(400): CodeIgniter\CodeIgniter->runController(Object(App\Controllers\Resources))
#3 /Users/markpearson/Google Drive/Documents/Projects/My Websites/Teacherpedia/4.0 CI teacherpedia 1.1/Teacherpedia/ci4/system/CodeIgniter.php(308): CodeIgniter\CodeIgniter->handleRequest(NULL, Object(Config\Cache), false)
#4 /Users/markpearson/Google Drive/Documents/Projects/My Websites/Teacherpedia/4.0 CI teacherpedia 1.1/Teacherpedia/public_html/index.php(45): CodeIgniter\CodeIgniter->run()
#5 {main}
CRITICAL - 2020-07-06 11:38:38 --> Trying to get property 'link' of non-object
#0 /Users/markpearson/Google Drive/Documents/Projects/My Websites/Teacherpedia/4.0 CI teacherpedia 1.1/Teacherpedia/ci4/app/Controllers/Resources.php(95): CodeIgniter\Debug\Exceptions->errorHandler(8, 'Trying to get p...', '/Users/markpear...', 95, Array)
#1 /Users/markpearson/Google Drive/Documents/Projects/My Websites/Teacherpedia/4.0 CI teacherpedia 1.1/Teacherpedia/ci4/system/CodeIgniter.php(914): App\Controllers\Resources->loadSheet('resources', '2020', '06-07-90', '07-13-44', 'generator')
#2 /Users/markpearson/Google Drive/Documents/Projects/My Websites/Teacherpedia/4.0 CI teacherpedia 1.1/Teacherpedia/ci4/system/CodeIgniter.php(400): CodeIgniter\CodeIgniter->runController(Object(App\Controllers\Resources))
#3 /Users/markpearson/Google Drive/Documents/Projects/My Websites/Teacherpedia/4.0 CI teacherpedia 1.1/Teacherpedia/ci4/system/CodeIgniter.php(308): CodeIgniter\CodeIgniter->handleRequest(NULL, Object(Config\Cache), false)
#4 /Users/markpearson/Google Drive/Documents/Projects/My Websites/Teacherpedia/4.0 CI teacherpedia 1.1/Teacherpedia/public_html/index.php(45): CodeIgniter\CodeIgniter->run()
#5 {main}
CRITICAL - 2020-07-06 11:38:55 --> Trying to get property 'link' of non-object
#0 /Users/markpearson/Google Drive/Documents/Projects/My Websites/Teacherpedia/4.0 CI teacherpedia 1.1/Teacherpedia/ci4/app/Controllers/Resources.php(95): CodeIgniter\Debug\Exceptions->errorHandler(8, 'Trying to get p...', '/Users/markpear...', 95, Array)
#1 /Users/markpearson/Google Drive/Documents/Projects/My Websites/Teacherpedia/4.0 CI teacherpedia 1.1/Teacherpedia/ci4/system/CodeIgniter.php(914): App\Controllers\Resources->loadSheet('generator', '2020', '06-07-90', '07-13-44', 'generator')
#2 /Users/markpearson/Google Drive/Documents/Projects/My Websites/Teacherpedia/4.0 CI teacherpedia 1.1/Teacherpedia/ci4/system/CodeIgniter.php(400): CodeIgniter\CodeIgniter->runController(Object(App\Controllers\Resources))
#3 /Users/markpearson/Google Drive/Documents/Projects/My Websites/Teacherpedia/4.0 CI teacherpedia 1.1/Teacherpedia/ci4/system/CodeIgniter.php(308): CodeIgniter\CodeIgniter->handleRequest(NULL, Object(Config\Cache), false)
#4 /Users/markpearson/Google Drive/Documents/Projects/My Websites/Teacherpedia/4.0 CI teacherpedia 1.1/Teacherpedia/public_html/index.php(45): CodeIgniter\CodeIgniter->run()
#5 {main}
CRITICAL - 2020-07-06 11:38:57 --> Trying to get property 'link' of non-object
#0 /Users/markpearson/Google Drive/Documents/Projects/My Websites/Teacherpedia/4.0 CI teacherpedia 1.1/Teacherpedia/ci4/app/Controllers/Resources.php(95): CodeIgniter\Debug\Exceptions->errorHandler(8, 'Trying to get p...', '/Users/markpear...', 95, Array)
#1 /Users/markpearson/Google Drive/Documents/Projects/My Websites/Teacherpedia/4.0 CI teacherpedia 1.1/Teacherpedia/ci4/system/CodeIgniter.php(914): App\Controllers\Resources->loadSheet('generator', '2020', '06-07-90', '07-13-44', 'generator')
#2 /Users/markpearson/Google Drive/Documents/Projects/My Websites/Teacherpedia/4.0 CI teacherpedia 1.1/Teacherpedia/ci4/system/CodeIgniter.php(400): CodeIgniter\CodeIgniter->runController(Object(App\Controllers\Resources))
#3 /Users/markpearson/Google Drive/Documents/Projects/My Websites/Teacherpedia/4.0 CI teacherpedia 1.1/Teacherpedia/ci4/system/CodeIgniter.php(308): CodeIgniter\CodeIgniter->handleRequest(NULL, Object(Config\Cache), false)
#4 /Users/markpearson/Google Drive/Documents/Projects/My Websites/Teacherpedia/4.0 CI teacherpedia 1.1/Teacherpedia/public_html/index.php(45): CodeIgniter\CodeIgniter->run()
#5 {main}
CRITICAL - 2020-07-06 11:39:08 --> Trying to get property 'link' of non-object
#0 /Users/markpearson/Google Drive/Documents/Projects/My Websites/Teacherpedia/4.0 CI teacherpedia 1.1/Teacherpedia/ci4/app/Controllers/Resources.php(95): CodeIgniter\Debug\Exceptions->errorHandler(8, 'Trying to get p...', '/Users/markpear...', 95, Array)
#1 /Users/markpearson/Google Drive/Documents/Projects/My Websites/Teacherpedia/4.0 CI teacherpedia 1.1/Teacherpedia/ci4/system/CodeIgniter.php(914): App\Controllers\Resources->loadSheet('generator', '2020', '06-07-90', '07-13-44', 'generator')
#2 /Users/markpearson/Google Drive/Documents/Projects/My Websites/Teacherpedia/4.0 CI teacherpedia 1.1/Teacherpedia/ci4/system/CodeIgniter.php(400): CodeIgniter\CodeIgniter->runController(Object(App\Controllers\Resources))
#3 /Users/markpearson/Google Drive/Documents/Projects/My Websites/Teacherpedia/4.0 CI teacherpedia 1.1/Teacherpedia/ci4/system/CodeIgniter.php(308): CodeIgniter\CodeIgniter->handleRequest(NULL, Object(Config\Cache), false)
#4 /Users/markpearson/Google Drive/Documents/Projects/My Websites/Teacherpedia/4.0 CI teacherpedia 1.1/Teacherpedia/public_html/index.php(45): CodeIgniter\CodeIgniter->run()
#5 {main}
CRITICAL - 2020-07-06 11:39:30 --> Trying to get property 'link' of non-object
#0 /Users/markpearson/Google Drive/Documents/Projects/My Websites/Teacherpedia/4.0 CI teacherpedia 1.1/Teacherpedia/ci4/app/Controllers/Resources.php(95): CodeIgniter\Debug\Exceptions->errorHandler(8, 'Trying to get p...', '/Users/markpear...', 95, Array)
#1 /Users/markpearson/Google Drive/Documents/Projects/My Websites/Teacherpedia/4.0 CI teacherpedia 1.1/Teacherpedia/ci4/system/CodeIgniter.php(914): App\Controllers\Resources->loadSheet('', '2020', '06-07-90', '07-13-44', 'generator')
#2 /Users/markpearson/Google Drive/Documents/Projects/My Websites/Teacherpedia/4.0 CI teacherpedia 1.1/Teacherpedia/ci4/system/CodeIgniter.php(400): CodeIgniter\CodeIgniter->runController(Object(App\Controllers\Resources))
#3 /Users/markpearson/Google Drive/Documents/Projects/My Websites/Teacherpedia/4.0 CI teacherpedia 1.1/Teacherpedia/ci4/system/CodeIgniter.php(308): CodeIgniter\CodeIgniter->handleRequest(NULL, Object(Config\Cache), false)
#4 /Users/markpearson/Google Drive/Documents/Projects/My Websites/Teacherpedia/4.0 CI teacherpedia 1.1/Teacherpedia/public_html/index.php(45): CodeIgniter\CodeIgniter->run()
#5 {main}
CRITICAL - 2020-07-06 11:39:31 --> Trying to get property 'link' of non-object
#0 /Users/markpearson/Google Drive/Documents/Projects/My Websites/Teacherpedia/4.0 CI teacherpedia 1.1/Teacherpedia/ci4/app/Controllers/Resources.php(95): CodeIgniter\Debug\Exceptions->errorHandler(8, 'Trying to get p...', '/Users/markpear...', 95, Array)
#1 /Users/markpearson/Google Drive/Documents/Projects/My Websites/Teacherpedia/4.0 CI teacherpedia 1.1/Teacherpedia/ci4/system/CodeIgniter.php(914): App\Controllers\Resources->loadSheet('', '2020', '06-07-90', '07-13-44', 'generator')
#2 /Users/markpearson/Google Drive/Documents/Projects/My Websites/Teacherpedia/4.0 CI teacherpedia 1.1/Teacherpedia/ci4/system/CodeIgniter.php(400): CodeIgniter\CodeIgniter->runController(Object(App\Controllers\Resources))
#3 /Users/markpearson/Google Drive/Documents/Projects/My Websites/Teacherpedia/4.0 CI teacherpedia 1.1/Teacherpedia/ci4/system/CodeIgniter.php(308): CodeIgniter\CodeIgniter->handleRequest(NULL, Object(Config\Cache), false)
#4 /Users/markpearson/Google Drive/Documents/Projects/My Websites/Teacherpedia/4.0 CI teacherpedia 1.1/Teacherpedia/public_html/index.php(45): CodeIgniter\CodeIgniter->run()
#5 {main}
CRITICAL - 2020-07-06 11:39:33 --> Trying to get property 'link' of non-object
#0 /Users/markpearson/Google Drive/Documents/Projects/My Websites/Teacherpedia/4.0 CI teacherpedia 1.1/Teacherpedia/ci4/app/Controllers/Resources.php(95): CodeIgniter\Debug\Exceptions->errorHandler(8, 'Trying to get p...', '/Users/markpear...', 95, Array)
#1 /Users/markpearson/Google Drive/Documents/Projects/My Websites/Teacherpedia/4.0 CI teacherpedia 1.1/Teacherpedia/ci4/system/CodeIgniter.php(914): App\Controllers\Resources->loadSheet('', '2020', '06-07-90', '07-13-44', 'generator')
#2 /Users/markpearson/Google Drive/Documents/Projects/My Websites/Teacherpedia/4.0 CI teacherpedia 1.1/Teacherpedia/ci4/system/CodeIgniter.php(400): CodeIgniter\CodeIgniter->runController(Object(App\Controllers\Resources))
#3 /Users/markpearson/Google Drive/Documents/Projects/My Websites/Teacherpedia/4.0 CI teacherpedia 1.1/Teacherpedia/ci4/system/CodeIgniter.php(308): CodeIgniter\CodeIgniter->handleRequest(NULL, Object(Config\Cache), false)
#4 /Users/markpearson/Google Drive/Documents/Projects/My Websites/Teacherpedia/4.0 CI teacherpedia 1.1/Teacherpedia/public_html/index.php(45): CodeIgniter\CodeIgniter->run()
#5 {main}
CRITICAL - 2020-07-06 11:39:39 --> Trying to get property 'link' of non-object
#0 /Users/markpearson/Google Drive/Documents/Projects/My Websites/Teacherpedia/4.0 CI teacherpedia 1.1/Teacherpedia/ci4/app/Controllers/Resources.php(95): CodeIgniter\Debug\Exceptions->errorHandler(8, 'Trying to get p...', '/Users/markpear...', 95, Array)
#1 /Users/markpearson/Google Drive/Documents/Projects/My Websites/Teacherpedia/4.0 CI teacherpedia 1.1/Teacherpedia/ci4/system/CodeIgniter.php(914): App\Controllers\Resources->loadSheet('07-13-44', '2020', '06-07-90', '07-13-44', 'generator')
#2 /Users/markpearson/Google Drive/Documents/Projects/My Websites/Teacherpedia/4.0 CI teacherpedia 1.1/Teacherpedia/ci4/system/CodeIgniter.php(400): CodeIgniter\CodeIgniter->runController(Object(App\Controllers\Resources))
#3 /Users/markpearson/Google Drive/Documents/Projects/My Websites/Teacherpedia/4.0 CI teacherpedia 1.1/Teacherpedia/ci4/system/CodeIgniter.php(308): CodeIgniter\CodeIgniter->handleRequest(NULL, Object(Config\Cache), false)
#4 /Users/markpearson/Google Drive/Documents/Projects/My Websites/Teacherpedia/4.0 CI teacherpedia 1.1/Teacherpedia/public_html/index.php(45): CodeIgniter\CodeIgniter->run()
#5 {main}
CRITICAL - 2020-07-06 11:39:40 --> Trying to get property 'link' of non-object
#0 /Users/markpearson/Google Drive/Documents/Projects/My Websites/Teacherpedia/4.0 CI teacherpedia 1.1/Teacherpedia/ci4/app/Controllers/Resources.php(95): CodeIgniter\Debug\Exceptions->errorHandler(8, 'Trying to get p...', '/Users/markpear...', 95, Array)
#1 /Users/markpearson/Google Drive/Documents/Projects/My Websites/Teacherpedia/4.0 CI teacherpedia 1.1/Teacherpedia/ci4/system/CodeIgniter.php(914): App\Controllers\Resources->loadSheet('07-13-44', '2020', '06-07-90', '07-13-44', 'generator')
#2 /Users/markpearson/Google Drive/Documents/Projects/My Websites/Teacherpedia/4.0 CI teacherpedia 1.1/Teacherpedia/ci4/system/CodeIgniter.php(400): CodeIgniter\CodeIgniter->runController(Object(App\Controllers\Resources))
#3 /Users/markpearson/Google Drive/Documents/Projects/My Websites/Teacherpedia/4.0 CI teacherpedia 1.1/Teacherpedia/ci4/system/CodeIgniter.php(308): CodeIgniter\CodeIgniter->handleRequest(NULL, Object(Config\Cache), false)
#4 /Users/markpearson/Google Drive/Documents/Projects/My Websites/Teacherpedia/4.0 CI teacherpedia 1.1/Teacherpedia/public_html/index.php(45): CodeIgniter\CodeIgniter->run()
#5 {main}
CRITICAL - 2020-07-06 11:39:50 --> Trying to get property 'link' of non-object
#0 /Users/markpearson/Google Drive/Documents/Projects/My Websites/Teacherpedia/4.0 CI teacherpedia 1.1/Teacherpedia/ci4/app/Controllers/Resources.php(95): CodeIgniter\Debug\Exceptions->errorHandler(8, 'Trying to get p...', '/Users/markpear...', 95, Array)
#1 /Users/markpearson/Google Drive/Documents/Projects/My Websites/Teacherpedia/4.0 CI teacherpedia 1.1/Teacherpedia/ci4/system/CodeIgniter.php(914): App\Controllers\Resources->loadSheet('06-07-90', '2020', '06-07-90', '07-13-44', 'generator')
#2 /Users/markpearson/Google Drive/Documents/Projects/My Websites/Teacherpedia/4.0 CI teacherpedia 1.1/Teacherpedia/ci4/system/CodeIgniter.php(400): CodeIgniter\CodeIgniter->runController(Object(App\Controllers\Resources))
#3 /Users/markpearson/Google Drive/Documents/Projects/My Websites/Teacherpedia/4.0 CI teacherpedia 1.1/Teacherpedia/ci4/system/CodeIgniter.php(308): CodeIgniter\CodeIgniter->handleRequest(NULL, Object(Config\Cache), false)
#4 /Users/markpearson/Google Drive/Documents/Projects/My Websites/Teacherpedia/4.0 CI teacherpedia 1.1/Teacherpedia/public_html/index.php(45): CodeIgniter\CodeIgniter->run()
#5 {main}
CRITICAL - 2020-07-06 11:40:01 --> Trying to get property 'link' of non-object
#0 /Users/markpearson/Google Drive/Documents/Projects/My Websites/Teacherpedia/4.0 CI teacherpedia 1.1/Teacherpedia/ci4/app/Controllers/Resources.php(96): CodeIgniter\Debug\Exceptions->errorHandler(8, 'Trying to get p...', '/Users/markpear...', 96, Array)
#1 /Users/markpearson/Google Drive/Documents/Projects/My Websites/Teacherpedia/4.0 CI teacherpedia 1.1/Teacherpedia/ci4/system/CodeIgniter.php(914): App\Controllers\Resources->loadSheet('06-07-90', '2020', '06-07-90', '07-13-44', 'generator')
#2 /Users/markpearson/Google Drive/Documents/Projects/My Websites/Teacherpedia/4.0 CI teacherpedia 1.1/Teacherpedia/ci4/system/CodeIgniter.php(400): CodeIgniter\CodeIgniter->runController(Object(App\Controllers\Resources))
#3 /Users/markpearson/Google Drive/Documents/Projects/My Websites/Teacherpedia/4.0 CI teacherpedia 1.1/Teacherpedia/ci4/system/CodeIgniter.php(308): CodeIgniter\CodeIgniter->handleRequest(NULL, Object(Config\Cache), false)
#4 /Users/markpearson/Google Drive/Documents/Projects/My Websites/Teacherpedia/4.0 CI teacherpedia 1.1/Teacherpedia/public_html/index.php(45): CodeIgniter\CodeIgniter->run()
#5 {main}
CRITICAL - 2020-07-06 11:40:07 --> Trying to get property 'link' of non-object
#0 /Users/markpearson/Google Drive/Documents/Projects/My Websites/Teacherpedia/4.0 CI teacherpedia 1.1/Teacherpedia/ci4/app/Controllers/Resources.php(96): CodeIgniter\Debug\Exceptions->errorHandler(8, 'Trying to get p...', '/Users/markpear...', 96, Array)
#1 /Users/markpearson/Google Drive/Documents/Projects/My Websites/Teacherpedia/4.0 CI teacherpedia 1.1/Teacherpedia/ci4/system/CodeIgniter.php(914): App\Controllers\Resources->loadSheet('07-13-44', '2020', '06-07-90', '07-13-44', 'generator')
#2 /Users/markpearson/Google Drive/Documents/Projects/My Websites/Teacherpedia/4.0 CI teacherpedia 1.1/Teacherpedia/ci4/system/CodeIgniter.php(400): CodeIgniter\CodeIgniter->runController(Object(App\Controllers\Resources))
#3 /Users/markpearson/Google Drive/Documents/Projects/My Websites/Teacherpedia/4.0 CI teacherpedia 1.1/Teacherpedia/ci4/system/CodeIgniter.php(308): CodeIgniter\CodeIgniter->handleRequest(NULL, Object(Config\Cache), false)
#4 /Users/markpearson/Google Drive/Documents/Projects/My Websites/Teacherpedia/4.0 CI teacherpedia 1.1/Teacherpedia/public_html/index.php(45): CodeIgniter\CodeIgniter->run()
#5 {main}
CRITICAL - 2020-07-06 11:40:13 --> Trying to get property 'link' of non-object
#0 /Users/markpearson/Google Drive/Documents/Projects/My Websites/Teacherpedia/4.0 CI teacherpedia 1.1/Teacherpedia/ci4/app/Controllers/Resources.php(96): CodeIgniter\Debug\Exceptions->errorHandler(8, 'Trying to get p...', '/Users/markpear...', 96, Array)
#1 /Users/markpearson/Google Drive/Documents/Projects/My Websites/Teacherpedia/4.0 CI teacherpedia 1.1/Teacherpedia/ci4/system/CodeIgniter.php(914): App\Controllers\Resources->loadSheet('generator', '2020', '06-07-90', '07-13-44', 'generator')
#2 /Users/markpearson/Google Drive/Documents/Projects/My Websites/Teacherpedia/4.0 CI teacherpedia 1.1/Teacherpedia/ci4/system/CodeIgniter.php(400): CodeIgniter\CodeIgniter->runController(Object(App\Controllers\Resources))
#3 /Users/markpearson/Google Drive/Documents/Projects/My Websites/Teacherpedia/4.0 CI teacherpedia 1.1/Teacherpedia/ci4/system/CodeIgniter.php(308): CodeIgniter\CodeIgniter->handleRequest(NULL, Object(Config\Cache), false)
#4 /Users/markpearson/Google Drive/Documents/Projects/My Websites/Teacherpedia/4.0 CI teacherpedia 1.1/Teacherpedia/public_html/index.php(45): CodeIgniter\CodeIgniter->run()
#5 {main}
CRITICAL - 2020-07-06 11:40:25 --> Trying to get property 'link' of non-object
#0 /Users/markpearson/Google Drive/Documents/Projects/My Websites/Teacherpedia/4.0 CI teacherpedia 1.1/Teacherpedia/ci4/app/Controllers/Resources.php(96): CodeIgniter\Debug\Exceptions->errorHandler(8, 'Trying to get p...', '/Users/markpear...', 96, Array)
#1 /Users/markpearson/Google Drive/Documents/Projects/My Websites/Teacherpedia/4.0 CI teacherpedia 1.1/Teacherpedia/ci4/system/CodeIgniter.php(914): App\Controllers\Resources->loadSheet('', '2020', '06-07-90', '07-13-44', 'generator')
#2 /Users/markpearson/Google Drive/Documents/Projects/My Websites/Teacherpedia/4.0 CI teacherpedia 1.1/Teacherpedia/ci4/system/CodeIgniter.php(400): CodeIgniter\CodeIgniter->runController(Object(App\Controllers\Resources))
#3 /Users/markpearson/Google Drive/Documents/Projects/My Websites/Teacherpedia/4.0 CI teacherpedia 1.1/Teacherpedia/ci4/system/CodeIgniter.php(308): CodeIgniter\CodeIgniter->handleRequest(NULL, Object(Config\Cache), false)
#4 /Users/markpearson/Google Drive/Documents/Projects/My Websites/Teacherpedia/4.0 CI teacherpedia 1.1/Teacherpedia/public_html/index.php(45): CodeIgniter\CodeIgniter->run()
#5 {main}
CRITICAL - 2020-07-06 11:40:31 --> Request URI segment is our of range: 8
#0 /Users/markpearson/Google Drive/Documents/Projects/My Websites/Teacherpedia/4.0 CI teacherpedia 1.1/Teacherpedia/ci4/system/HTTP/URI.php(485): CodeIgniter\HTTP\Exceptions\HTTPException::forURISegmentOutOfRange(8)
#1 /Users/markpearson/Google Drive/Documents/Projects/My Websites/Teacherpedia/4.0 CI teacherpedia 1.1/Teacherpedia/ci4/app/Controllers/Resources.php(90): CodeIgniter\HTTP\URI->getSegment(8)
#2 /Users/markpearson/Google Drive/Documents/Projects/My Websites/Teacherpedia/4.0 CI teacherpedia 1.1/Teacherpedia/ci4/system/CodeIgniter.php(914): App\Controllers\Resources->loadSheet('resources', '2020', '06-07-90', '07-13-44', 'generator')
#3 /Users/markpearson/Google Drive/Documents/Projects/My Websites/Teacherpedia/4.0 CI teacherpedia 1.1/Teacherpedia/ci4/system/CodeIgniter.php(400): CodeIgniter\CodeIgniter->runController(Object(App\Controllers\Resources))
#4 /Users/markpearson/Google Drive/Documents/Projects/My Websites/Teacherpedia/4.0 CI teacherpedia 1.1/Teacherpedia/ci4/system/CodeIgniter.php(308): CodeIgniter\CodeIgniter->handleRequest(NULL, Object(Config\Cache), false)
#5 /Users/markpearson/Google Drive/Documents/Projects/My Websites/Teacherpedia/4.0 CI teacherpedia 1.1/Teacherpedia/public_html/index.php(45): CodeIgniter\CodeIgniter->run()
#6 {main}
CRITICAL - 2020-07-06 11:48:30 --> Request URI segment is our of range: 8
#0 /Users/markpearson/Google Drive/Documents/Projects/My Websites/Teacherpedia/4.0 CI teacherpedia 1.1/Teacherpedia/ci4/system/HTTP/URI.php(485): CodeIgniter\HTTP\Exceptions\HTTPException::forURISegmentOutOfRange(8)
#1 /Users/markpearson/Google Drive/Documents/Projects/My Websites/Teacherpedia/4.0 CI teacherpedia 1.1/Teacherpedia/ci4/app/Controllers/Resources.php(90): CodeIgniter\HTTP\URI->getSegment(8)
#2 /Users/markpearson/Google Drive/Documents/Projects/My Websites/Teacherpedia/4.0 CI teacherpedia 1.1/Teacherpedia/ci4/system/CodeIgniter.php(914): App\Controllers\Resources->loadSheet('resources', '2020', '06-07-90', '07-13-44', 'generator')
#3 /Users/markpearson/Google Drive/Documents/Projects/My Websites/Teacherpedia/4.0 CI teacherpedia 1.1/Teacherpedia/ci4/system/CodeIgniter.php(400): CodeIgniter\CodeIgniter->runController(Object(App\Controllers\Resources))
#4 /Users/markpearson/Google Drive/Documents/Projects/My Websites/Teacherpedia/4.0 CI teacherpedia 1.1/Teacherpedia/ci4/system/CodeIgniter.php(308): CodeIgniter\CodeIgniter->handleRequest(NULL, Object(Config\Cache), false)
#5 /Users/markpearson/Google Drive/Documents/Projects/My Websites/Teacherpedia/4.0 CI teacherpedia 1.1/Teacherpedia/public_html/index.php(45): CodeIgniter\CodeIgniter->run()
#6 {main}
